episode,train_steps,train_reward,train_loss,eps,train_avg_delay_ms,train_loss_rate,train_throughput,eval_reward,eval_avg_delay_ms,eval_loss_rate,eval_throughput
1,936,-110.34,0.028311,0.9744,21.0465,0.3678,0.43,,,,
2,945,-114.28,0.047372,0.9445,25.0,0.3738,0.45,,,,
3,958,-105.68,0.044043,0.9141,24.7802,0.3638,0.455,,,,
4,901,-101.44,0.045549,0.8856,22.5789,0.3651,0.475,,,,
5,969,-45.98,0.044879,0.8549,25.2101,0.3206,0.595,,,,
6,1005,-27.6,0.048093,0.8231,31.7557,0.3147,0.655,,,,
7,941,-42.28,0.048332,0.7933,24.6774,0.3235,0.62,,,,
8,918,24.22,0.05306,0.7642,23.5443,0.2744,0.79,,,,
9,929,18.74,0.054506,0.7348,25.906,0.2746,0.745,,,,
10,951,-24.52,0.055932,0.7047,26.2121,0.3089,0.66,,,,
11,905,64.52,0.056408,0.676,23.9385,0.2441,0.895,,,,
12,881,65.9,0.057927,0.6481,23.2768,0.2363,0.885,,,,
13,898,59.72,0.059648,0.6197,26.264,0.2535,0.89,,,,
14,881,79.0,0.060279,0.5918,23.7634,0.2313,0.93,,,,
15,855,67.44,0.061659,0.5647,23.0899,0.2363,0.89,,,,
16,874,133.22,0.068457,0.537,21.6744,0.1795,1.075,,,,
17,846,137.82,0.06309,0.5102,21.445,0.1774,1.09,,,,
18,831,130.12,0.06949,0.4839,22.6168,0.1858,1.07,,,,
19,869,120.22,0.067716,0.4564,24.0777,0.1904,1.03,,,,
20,813,166.28,0.070865,0.4307,20.3965,0.1351,1.135,,,,
21,791,160.96,0.069793,0.4056,21.3261,0.1557,1.15,,,,
22,805,201.5,0.075991,0.3801,21.1992,0.096,1.23,,,,
23,755,209.6,0.072147,0.3562,19.3254,0.0935,1.26,,,,
24,789,220.96,0.077871,0.3312,20.1351,0.0805,1.295,,,,
25,807,220.48,0.080358,0.3057,20.9375,0.0754,1.28,,,,
26,702,210.7,0.081173,0.2834,17.747,0.096,1.265,,,,
27,731,242.16,0.08484,0.2603,18.4074,0.056,1.35,,,,
28,748,244.8,0.083213,0.2366,19.2066,0.0504,1.355,,,,
29,729,229.14,0.081211,0.2135,17.8053,0.0698,1.31,,,,
30,670,252.52,0.081109,0.1923,16.9424,0.0533,1.39,,,,
31,647,252.86,0.082414,0.1718,16.4,0.0448,1.375,,,,
32,669,251.4,0.082848,0.1506,17.6825,0.0448,1.37,,,,
33,705,258.72,0.090144,0.1283,17.1326,0.0361,1.395,,,,
34,575,265.44,0.078343,0.1101,14.6831,0.039,1.42,,,,
35,597,284.02,0.081912,0.0912,14.5408,0.0123,1.47,,,,
36,585,284.26,0.079253,0.0727,14.2177,0.0123,1.47,,,,
37,580,283.3,0.082047,0.0543,13.9726,0.0093,1.46,,,,
38,556,286.84,0.092877,0.05,13.9322,0.0093,1.475,,,,
39,579,291.36,0.075602,0.05,14.4444,0.0,1.485,,,,
40,555,287.84,0.090377,0.05,14.2373,0.0062,1.475,,,,
41,542,292.1,0.094577,0.05,13.6364,0.0,1.485,,,,
42,552,287.9,0.084351,0.05,13.0678,0.0062,1.475,,,,
43,548,286.92,0.085214,0.05,13.8567,0.0031,1.465,,,,
44,546,288.02,0.09177,0.05,14.0339,0.0062,1.475,,,,
45,534,290.26,0.084078,0.05,13.6824,0.0031,1.48,,,,
46,537,291.22,0.088309,0.05,13.367,0.0031,1.485,,,,
47,552,285.86,0.08311,0.05,14.5222,0.0062,1.465,,,,
48,535,289.22,0.086259,0.05,13.2203,0.0031,1.475,,,,
49,540,293.16,0.080048,0.05,12.9027,0.0,1.49,,,,
50,531,288.28,0.089463,0.05,12.6361,0.0031,1.47,,,,
51,550,286.92,0.083931,0.05,14.0306,0.0062,1.47,,,,
52,542,294.14,0.089583,0.05,12.592,0.0,1.495,,,,
53,529,288.36,0.087613,0.05,13.339,0.0062,1.475,,,,
54,537,290.24,0.090061,0.05,13.8721,0.0062,1.485,,,,
55,534,287.28,0.087709,0.05,13.5254,0.0093,1.475,,,,
56,530,292.38,0.092799,0.05,13.8087,0.0031,1.49,,,,
57,536,279.08,0.093421,0.05,13.5017,0.0093,1.435,,,,
58,520,295.6,0.097931,0.05,12.4333,0.0,1.5,,,,
59,524,291.52,0.096752,0.05,12.4664,0.0062,1.49,,,,
60,530,283.28,0.091857,0.05,13.11,0.0093,1.455,,,,
61,549,288.94,0.089351,0.05,13.8983,0.0031,1.475,,,,
62,545,282.98,0.090902,0.05,14.0722,0.0093,1.455,,,,
63,533,289.22,0.088917,0.05,13.4014,0.0,1.47,,,,
64,526,294.46,0.107118,0.05,12.3244,0.0,1.495,,,,
65,528,289.36,0.091624,0.05,13.8305,0.0031,1.475,,,,
66,548,285.94,0.099524,0.05,14.727,0.0062,1.465,,,,
67,543,291.1,0.094644,0.05,14.0741,0.0031,1.485,,,,
68,525,287.42,0.093079,0.05,13.0612,0.0062,1.47,,,,
69,522,288.5,0.092251,0.05,13.661,0.0062,1.475,,,,
70,535,289.18,0.090728,0.05,13.7925,0.0,1.47,,,,
71,540,288.14,0.083707,0.05,14.1864,0.0062,1.475,,,,
72,512,292.7,0.096666,0.05,12.8451,0.0,1.485,,,,
73,541,287.14,0.098715,0.05,13.5254,0.0093,1.475,,,,
74,540,295.2,0.099849,0.05,13.2167,0.0,1.5,,,,
75,528,292.38,0.091689,0.05,13.1987,0.0,1.485,,,,
76,523,286.48,0.100714,0.05,12.8061,0.0093,1.47,,,,
77,534,285.24,0.088761,0.05,13.6689,0.0093,1.465,,,,
78,525,292.44,0.101121,0.05,12.6431,0.0,1.485,,,,
79,539,289.18,0.104565,0.05,13.8176,0.0062,1.48,,,,
80,520,295.6,0.102332,0.05,12.7,0.0,1.5,,,,
81,533,287.22,0.102582,0.05,13.9932,0.0031,1.465,,,,
82,531,291.3,0.096418,0.05,13.2601,0.0,1.48,,,,
83,530,285.36,0.109135,0.05,14.3367,0.0123,1.47,,,,
84,529,287.34,0.102406,0.05,13.7075,0.0062,1.47,,,,
85,542,289.08,0.107247,0.05,14.3559,0.0031,1.475,,,,
86,524,289.44,0.101974,0.05,13.5932,0.0031,1.475,,,,
87,536,281.2,0.09739,0.05,13.9691,0.0154,1.455,,,,
88,537,292.24,0.107602,0.05,13.7752,0.0031,1.49,,,,
89,541,291.1,0.10027,0.05,13.6318,0.0,1.48,,,,
90,543,280.0,0.10842,0.05,15.1211,0.0123,1.445,,,,
91,527,288.36,0.097532,0.05,13.5884,0.0031,1.47,,,,
92,536,286.22,0.112201,0.05,13.8605,0.0093,1.47,,,,
93,525,290.44,0.095955,0.05,12.6689,0.0031,1.48,,,,
94,519,284.56,0.106997,0.05,12.9181,0.0123,1.465,,,,
95,529,285.34,0.102956,0.05,13.2082,0.0093,1.465,,,,
96,535,288.16,0.103165,0.05,13.7031,0.0,1.465,,,,
97,524,292.5,0.102279,0.05,13.2383,0.0031,1.49,,,,
98,521,293.58,0.106286,0.05,13.0936,0.0031,1.495,,,,
99,535,287.22,0.107134,0.05,13.5374,0.0062,1.47,,,,
100,524,290.46,0.105811,0.05,13.125,0.0031,1.48,,,,
101,553,281.8,0.096592,0.05,15.2931,0.0093,1.45,,,,
102,538,292.18,0.098997,0.05,13.3838,0.0,1.485,,,,
103,545,288.0,0.107931,0.05,14.4728,0.0031,1.47,,,,
104,544,290.06,0.101707,0.05,13.75,0.0031,1.48,,,,
105,548,290.96,0.110479,0.05,14.3581,0.0,1.48,,,,
106,537,289.18,0.10021,0.05,14.2373,0.0031,1.475,,,,
107,528,291.4,0.114954,0.05,12.9125,0.0031,1.485,,,,
108,518,292.58,0.112848,0.05,12.9798,0.0,1.485,,,,
109,515,292.64,0.111633,0.05,13.1145,0.0,1.485,,,,
110,525,294.48,0.108332,0.05,12.291,0.0,1.495,,,,
111,526,294.46,0.099753,0.05,12.3579,0.0,1.495,,,,
112,540,288.1,0.098612,0.05,13.8946,0.0031,1.47,,,,
113,530,287.32,0.108097,0.05,13.6735,0.0062,1.47,,,,
114,517,288.64,0.094485,0.05,13.598,0.0093,1.48,,,,
115,516,291.64,0.10308,0.05,13.1145,0.0031,1.485,,,,
116,537,289.18,0.114796,0.05,14.2034,0.0031,1.475,,,,
117,521,280.48,0.102102,0.05,13.1724,0.0154,1.45,,,,
118,525,289.46,0.097786,0.05,12.9223,0.0062,1.48,,,,
119,511,294.76,0.098129,0.05,13.2107,0.0,1.495,,,,
120,542,285.08,0.103657,0.05,14.1638,0.0093,1.465,,,,
121,523,283.42,0.106974,0.05,13.7629,0.0093,1.455,,,,
122,523,288.44,0.104498,0.05,13.0612,0.0031,1.47,,,,
123,526,289.4,0.124903,0.05,12.7966,0.0031,1.475,,,,
124,521,294.56,0.11797,0.05,12.2575,0.0,1.495,,,,
125,520,292.58,0.112604,0.05,13.2886,0.0031,1.49,,,,
126,519,286.56,0.109571,0.05,12.8912,0.0093,1.47,,,,
127,545,286.08,0.105931,0.05,14.2203,0.0123,1.475,,,,
128,533,282.24,0.080749,0.05,14.3299,0.0123,1.455,,,,
129,523,289.46,0.10941,0.05,13.2542,0.0031,1.475,,,,
130,506,294.9,0.106329,0.05,12.1333,0.0031,1.5,,,,
131,517,292.64,0.093391,0.05,12.5671,0.0031,1.49,,,,
132,512,289.72,0.127016,0.05,12.5845,0.0062,1.48,,,,
133,529,293.38,0.118859,0.05,12.8188,0.0,1.49,,,,
134,521,294.56,0.115085,0.05,12.2742,0.0,1.495,,,,
135,528,293.4,0.121748,0.05,13.7081,0.0,1.49,,,,
136,519,289.58,0.094737,0.05,13.2601,0.0062,1.48,,,,
137,519,290.56,0.10214,0.05,11.6723,0.0031,1.48,,,,
138,528,293.44,0.107623,0.05,12.4247,0.0031,1.495,,,,
139,524,289.48,0.110407,0.05,12.3818,0.0062,1.48,,,,
140,546,280.96,0.112457,0.05,14.569,0.0123,1.45,,,,
141,511,291.7,0.105847,0.05,12.5,0.0,1.48,,,,
142,521,287.5,0.111832,0.05,13.4524,0.0062,1.47,,,,
143,530,284.26,0.107982,0.05,14.0722,0.0062,1.455,,,,
144,526,289.4,0.109119,0.05,13.3729,0.0031,1.475,,,,
145,514,290.7,0.11695,0.05,13.0808,0.0062,1.485,,,,
146,510,285.72,0.103046,0.05,13.0717,0.0093,1.465,,,,
147,520,288.54,0.103667,0.05,12.8475,0.0062,1.475,,,,
148,535,291.3,0.10618,0.05,12.3322,0.0062,1.49,,,,
149,537,285.18,0.102685,0.05,14.5563,0.0093,1.465,,,,
150,523,284.48,0.119291,0.05,12.9352,0.0123,1.465,,,,
151,518,290.58,0.102546,0.05,12.348,0.0031,1.48,,,,
152,508,287.8,0.103392,0.05,12.8305,0.0093,1.475,,,,
153,516,289.64,0.120557,0.05,12.6689,0.0062,1.48,,,,
154,518,290.62,0.111833,0.05,13.2323,0.0062,1.485,,,,
155,530,290.3,0.115907,0.05,13.7458,0.0,1.475,,,,
156,517,292.6,0.099547,0.05,12.8788,0.0,1.485,,,,
157,512,291.8,0.111977,0.05,11.6388,0.0093,1.495,,,,
158,526,289.4,0.11958,0.05,12.6271,0.0031,1.475,,,,
159,516,290.66,0.110283,0.05,12.3232,0.0062,1.485,,,,
160,523,293.5,0.120052,0.05,12.651,0.0,1.49,,,,
161,532,288.26,0.107993,0.05,13.9456,0.0031,1.47,,,,
162,539,282.08,0.123447,0.05,13.931,0.0093,1.45,,,,
163,521,285.5,0.126522,0.05,12.9522,0.0093,1.465,,,,
164,528,291.36,0.119567,0.05,13.6318,0.0,1.48,,,,
165,531,296.4,0.097808,0.05,12.1429,0.0,1.505,,,,
166,529,296.48,0.114952,0.05,11.6887,0.0031,1.51,,,,
167,520,290.58,0.10895,0.05,12.3232,0.0062,1.485,,,,
168,521,286.44,0.10776,0.05,13.7671,0.0031,1.46,,,,
169,506,288.82,0.105281,0.05,12.8644,0.0062,1.475,,,,
170,514,295.72,0.109932,0.05,11.95,0.0,1.5,,,,
171,524,291.52,0.114985,0.05,11.9631,0.0062,1.49,,,,
172,513,292.72,0.111091,0.05,11.9463,0.0031,1.49,,,,
173,542,289.12,0.106352,0.05,14.4595,0.0062,1.48,,,,
174,531,282.24,0.107436,0.05,13.8793,0.0093,1.45,,,,
175,521,295.58,0.112989,0.05,11.75,0.0,1.5,,,,
176,528,291.4,0.111698,0.05,13.7374,0.0031,1.485,,,,
177,513,288.64,0.116937,0.05,12.8912,0.0031,1.47,,,,
178,526,289.44,0.120874,0.05,14.0709,0.0062,1.48,,,,
179,509,291.78,0.123917,0.05,12.862,0.0031,1.485,,,,
180,524,288.42,0.118989,0.05,13.3844,0.0031,1.47,,,,
181,514,289.68,0.111822,0.05,12.3311,0.0062,1.48,,,,
182,517,286.6,0.111354,0.05,13.0782,0.0093,1.47,,,,
183,508,293.84,0.124598,0.05,11.9398,0.0031,1.495,,,,
184,527,290.4,0.109083,0.05,13.2601,0.0031,1.48,,,,
185,545,289.06,0.095476,0.05,13.4291,0.0062,1.48,,,,
186,538,286.1,0.11186,0.05,13.613,0.0031,1.46,,,,
187,509,294.84,0.113676,0.05,11.9,0.0031,1.5,,,,
188,536,296.3,0.126266,0.05,12.7907,0.0,1.505,,,,
189,527,292.4,0.10495,0.05,13.8047,0.0,1.485,,,,
190,517,292.6,0.108771,0.05,12.6936,0.0,1.485,,,,
191,515,290.68,0.121843,0.05,12.4411,0.0062,1.485,,,,
192,512,295.76,0.135621,0.05,12.1167,0.0,1.5,,,,
193,528,289.4,0.124435,0.05,13.0405,0.0062,1.48,,,,
194,517,287.58,0.1225,0.05,13.4694,0.0062,1.47,,,,
195,527,281.38,0.12398,0.05,13.7113,0.0154,1.455,,,,
196,524,288.46,0.106678,0.05,13.5085,0.0062,1.475,,,,
197,527,292.44,0.112623,0.05,12.6846,0.0031,1.49,,,,
198,539,286.12,0.113576,0.05,15.7167,0.0062,1.465,,,,
199,523,290.52,0.112869,0.05,12.4411,0.0062,1.485,,,,
200,539,288.16,0.116759,0.05,13.3559,0.0062,1.475,299.1,11.0561,0.0,1.515
201,521,295.62,0.12012,0.05,11.711,0.0031,1.505,,,,
202,510,290.78,0.110497,0.05,12.2896,0.0062,1.485,,,,
203,517,288.6,0.099122,0.05,13.661,0.0062,1.475,,,,
204,532,295.36,0.130929,0.05,12.6667,0.0,1.5,,,,
205,539,288.12,0.115163,0.05,14.2857,0.0031,1.47,,,,
206,516,293.64,0.117732,0.05,11.9966,0.0,1.49,,,,
207,519,289.54,0.12123,0.05,13.1525,0.0031,1.475,,,,
208,521,287.5,0.109319,0.05,13.7585,0.0062,1.47,,,,
209,540,289.12,0.114021,0.05,12.6102,0.0031,1.475,,,,
210,534,291.28,0.119136,0.05,13.0135,0.0031,1.485,,,,
211,538,289.2,0.127785,0.05,12.7196,0.0062,1.48,,,,
212,529,295.42,0.126947,0.05,12.0,0.0,1.5,,,,
213,528,285.4,0.140623,0.05,12.9422,0.0123,1.47,,,,
214,531,289.34,0.108087,0.05,13.4628,0.0062,1.48,,,,
215,523,296.56,0.132497,0.05,12.01,0.0,1.505,,,,
216,532,290.3,0.110118,0.05,13.0743,0.0031,1.48,,,,
217,515,287.66,0.129149,0.05,12.7627,0.0093,1.475,,,,
218,518,289.64,0.115661,0.05,12.2054,0.0093,1.485,,,,
219,519,296.64,0.123014,0.05,11.6279,0.0,1.505,,,,
220,519,288.56,0.128633,0.05,12.8475,0.0062,1.475,,,,
221,524,287.48,0.129938,0.05,13.3729,0.0093,1.475,,,,
222,534,289.24,0.107126,0.05,13.2542,0.0031,1.475,,,,
223,560,285.7,0.126225,0.05,14.5392,0.0062,1.465,,,,
224,543,288.04,0.112823,0.05,14.4728,0.0031,1.47,,,,
225,527,292.44,0.1268,0.05,12.9027,0.0031,1.49,,,,
226,528,287.36,0.122981,0.05,13.9796,0.0062,1.47,,,,
227,516,290.62,0.10231,0.05,12.8885,0.0031,1.48,,,,
228,520,288.54,0.121527,0.05,12.8305,0.0062,1.475,,,,
229,530,286.3,0.123107,0.05,14.0956,0.0062,1.465,,,,
230,514,294.74,0.119867,0.05,11.7833,0.0031,1.5,,,,
231,503,291.94,0.126162,0.05,11.4765,0.0062,1.49,,,,
232,533,294.36,0.11248,0.05,12.4333,0.0031,1.5,,,,
233,507,288.8,0.119478,0.05,12.2542,0.0062,1.475,,,,
234,534,287.2,0.117132,0.05,13.0375,0.0031,1.465,,,,
235,535,285.18,0.126724,0.05,14.4863,0.0062,1.46,,,,
236,525,292.44,0.136564,0.05,12.6936,0.0,1.485,,,,
237,536,289.24,0.109629,0.05,13.7331,0.0062,1.48,,,,
238,535,292.28,0.107834,0.05,12.6342,0.0031,1.49,,,,
239,524,297.56,0.125426,0.05,11.4735,0.0,1.51,,,,
240,540,284.06,0.121875,0.05,14.0893,0.0062,1.455,,,,
241,523,292.56,0.133967,0.05,12.0903,0.0062,1.495,,,,
242,507,293.82,0.120695,0.05,12.4832,0.0,1.49,,,,
243,528,296.46,0.10771,0.05,12.3422,0.0,1.505,,,,
244,528,289.36,0.10636,0.05,13.8305,0.0031,1.475,,,,
245,525,288.44,0.130054,0.05,13.7458,0.0062,1.475,,,,
246,522,288.46,0.10501,0.05,12.551,0.0031,1.47,,,,
247,555,280.82,0.110024,0.05,14.3471,0.0154,1.455,,,,
248,530,293.44,0.118936,0.05,11.8833,0.0062,1.5,,,,
249,539,289.18,0.130812,0.05,12.9392,0.0062,1.48,,,,
250,519,296.64,0.137136,0.05,11.9103,0.0,1.505,,,,
251,509,295.82,0.112924,0.05,12.1,0.0,1.5,,,,
252,527,288.36,0.127798,0.05,13.2143,0.0031,1.47,,,,
253,537,289.14,0.116641,0.05,13.7415,0.0,1.47,,,,
254,522,291.48,0.110809,0.05,12.5845,0.0,1.48,,,,
255,514,293.68,0.119501,0.05,12.5671,0.0,1.49,,,,
256,519,294.64,0.132798,0.05,12.1167,0.0031,1.5,,,,
257,527,291.38,0.124691,0.05,13.2939,0.0,1.48,,,,
258,528,285.4,0.110513,0.05,13.6735,0.0123,1.47,,,,
259,522,283.48,0.11269,0.05,13.4075,0.0123,1.46,,,,
260,524,289.44,0.123605,0.05,12.1356,0.0031,1.475,,,,
261,525,286.44,0.120629,0.05,12.8401,0.0093,1.47,,,,
262,532,293.32,0.134194,0.05,12.7852,0.0,1.49,,,,
263,532,291.32,0.127593,0.05,12.7273,0.0031,1.485,,,,
264,510,293.76,0.112973,0.05,12.8188,0.0,1.49,,,,
265,514,292.66,0.122141,0.05,12.7441,0.0,1.485,,,,
266,523,296.56,0.127723,0.05,12.2259,0.0,1.505,,,,
267,519,291.58,0.12841,0.05,12.5421,0.0031,1.485,,,,
268,533,286.2,0.120978,0.05,13.5616,0.0031,1.46,,,,
269,518,288.58,0.129455,0.05,12.9492,0.0062,1.475,,,,
270,519,289.58,0.114858,0.05,14.1554,0.0062,1.48,,,,
271,521,291.54,0.136442,0.05,13.9731,0.0031,1.485,,,,
272,527,289.38,0.120208,0.05,11.661,0.0031,1.475,,,,
273,505,289.82,0.124412,0.05,13.4915,0.0031,1.475,,,,
274,535,283.26,0.119173,0.05,13.9078,0.0154,1.465,,,,
275,537,283.18,0.124498,0.05,13.2363,0.0123,1.46,,,,
276,538,288.14,0.12967,0.05,13.6224,0.0031,1.47,,,,
277,545,292.04,0.119389,0.05,13.0303,0.0,1.485,,,,
278,514,286.7,0.122011,0.05,12.7797,0.0123,1.475,,,,
279,523,285.5,0.135784,0.05,13.6054,0.0123,1.47,,,,
280,524,287.4,0.124755,0.05,12.9693,0.0031,1.465,,,,
281,510,289.76,0.121379,0.05,13.0405,0.0062,1.48,,,,
282,513,285.7,0.144888,0.05,13.7925,0.0123,1.47,,,,
283,515,289.7,0.13029,0.05,12.0707,0.0093,1.485,,,,
284,504,289.88,0.109161,0.05,13.1081,0.0062,1.48,,,,
285,513,297.78,0.128638,0.05,11.2583,0.0,1.51,,,,
286,530,289.36,0.120527,0.05,13.9865,0.0062,1.48,,,,
287,523,285.5,0.116076,0.05,14.0306,0.0123,1.47,,,,
288,522,292.54,0.129748,0.05,12.651,0.0031,1.49,,,,
289,515,277.66,0.114483,0.05,13.2931,0.0244,1.45,,,,
290,513,289.74,0.11383,0.05,11.835,0.0093,1.485,,,,
291,519,287.54,0.11926,0.05,13.8095,0.0062,1.47,,,,
292,529,288.28,0.135029,0.05,13.9249,0.0,1.465,,,,
293,526,290.42,0.117375,0.05,13.4628,0.0031,1.48,,,,
294,516,289.6,0.130329,0.05,13.3559,0.0031,1.475,,,,
295,522,288.46,0.120895,0.05,13.9966,0.0031,1.47,,,,
296,500,287.96,0.123343,0.05,13.7119,0.0093,1.475,,,,
297,514,289.68,0.111935,0.05,12.8209,0.0062,1.48,,,,
298,522,286.5,0.127137,0.05,14.0476,0.0093,1.47,,,,
299,525,289.46,0.138373,0.05,12.9561,0.0062,1.48,,,,
300,516,287.6,0.149265,0.05,13.7245,0.0062,1.47,,,,
301,525,280.4,0.126727,0.05,13.4655,0.0154,1.45,,,,
302,519,286.56,0.110462,0.05,13.7075,0.0093,1.47,,,,
303,517,287.62,0.14051,0.05,13.1356,0.0093,1.475,,,,
304,533,282.2,0.122013,0.05,12.8793,0.0093,1.45,,,,
305,520,288.54,0.11657,0.05,13.2373,0.0062,1.475,,,,
306,526,283.36,0.129948,0.05,13.9003,0.0093,1.455,,,,
307,517,291.62,0.133555,0.05,13.0135,0.0031,1.485,,,,
308,517,289.62,0.124922,0.05,14.0203,0.0062,1.48,,,,
309,518,293.6,0.115428,0.05,13.7416,0.0,1.49,,,,
310,551,286.94,0.126329,0.05,15.322,0.0093,1.475,,,,
311,513,295.74,0.128563,0.05,11.5167,0.0,1.5,,,,
312,527,287.34,0.115314,0.05,13.3959,0.0031,1.465,,,,
313,537,287.18,0.116907,0.05,12.9932,0.0062,1.47,,,,
314,505,290.84,0.137661,0.05,13.0236,0.0031,1.48,,,,
315,522,290.5,0.124467,0.05,13.3784,0.0031,1.48,,,,
316,520,287.56,0.126378,0.05,14.1356,0.0093,1.475,,,,
317,524,293.52,0.149273,0.05,12.0569,0.0031,1.495,,,,
318,519,294.6,0.126451,0.05,12.4415,0.0,1.495,,,,
319,516,294.7,0.121267,0.05,12.2667,0.0031,1.5,,,,
320,516,293.68,0.127226,0.05,11.9565,0.0031,1.495,,,,
321,504,286.86,0.112921,0.05,13.1633,0.0093,1.47,,,,
322,547,285.92,0.119303,0.05,15.5308,0.0031,1.46,,,,
323,525,288.48,0.116891,0.05,12.4324,0.0093,1.48,,,,
324,542,287.08,0.129508,0.05,14.4388,0.0062,1.47,,,,
325,517,290.6,0.148923,0.05,12.7872,0.0031,1.48,,,,
326,527,285.42,0.119389,0.05,12.8571,0.0123,1.47,,,,
327,535,288.28,0.124694,0.05,13.4459,0.0093,1.48,,,,
328,522,290.5,0.119539,0.05,13.8682,0.0031,1.48,,,,
329,516,291.64,0.119163,0.05,11.835,0.0031,1.485,,,,
330,526,285.4,0.128837,0.05,13.2594,0.0093,1.465,,,,
331,515,294.68,0.11749,0.05,11.7559,0.0,1.495,,,,
332,533,294.32,0.121262,0.05,12.6087,0.0,1.495,,,,
333,512,292.78,0.126403,0.05,11.4047,0.0062,1.495,,,,
334,523,290.48,0.123637,0.05,12.0101,0.0031,1.48,,,,
335,512,291.8,0.114759,0.05,11.4047,0.0093,1.495,,,,
336,512,298.82,0.120116,0.05,11.3201,0.0,1.515,,,,
337,513,295.74,0.113747,0.05,12.1667,0.0,1.5,,,,
338,530,288.34,0.141652,0.05,13.5254,0.0062,1.475,,,,
339,524,290.46,0.143806,0.05,13.8345,0.0031,1.48,,,,
340,535,289.18,0.123721,0.05,14.4388,0.0,1.47,,,,
341,524,290.46,0.133592,0.05,13.5135,0.0031,1.48,,,,
342,521,291.54,0.135418,0.05,12.7778,0.0031,1.485,,,,
343,507,285.82,0.122734,0.05,12.6531,0.0123,1.47,,,,
344,513,289.7,0.120331,0.05,12.5,0.0062,1.48,,,,
345,516,289.64,0.119518,0.05,12.9223,0.0062,1.48,,,,
346,525,296.52,0.119525,0.05,12.0598,0.0,1.505,,,,
347,530,289.32,0.133078,0.05,13.8305,0.0031,1.475,,,,
348,531,287.3,0.127839,0.05,13.3163,0.0062,1.47,,,,
349,517,290.6,0.128512,0.05,12.9223,0.0031,1.48,,,,
350,515,293.66,0.123999,0.05,13.2718,0.0,1.49,,,,
351,511,294.76,0.121141,0.05,12.3579,0.0,1.495,,,,
352,514,287.64,0.127141,0.05,12.9082,0.0062,1.47,,,,
353,520,289.52,0.119013,0.05,13.3559,0.0031,1.475,,,,
354,531,282.32,0.122928,0.05,14.0582,0.0154,1.46,,,,
355,517,293.62,0.149521,0.05,12.198,0.0,1.49,,,,
356,520,287.56,0.112295,0.05,13.1356,0.0093,1.475,,,,
357,512,292.7,0.160319,0.05,13.1145,0.0,1.485,,,,
358,544,285.0,0.137414,0.05,14.024,0.0062,1.46,,,,
359,531,293.34,0.134397,0.05,14.2282,0.0,1.49,,,,
360,526,286.38,0.133523,0.05,13.1911,0.0062,1.465,,,,
361,528,293.4,0.140179,0.05,13.3054,0.0,1.49,,,,
362,507,290.8,0.110872,0.05,12.6014,0.0031,1.48,,,,
363,518,292.58,0.117481,0.05,11.9697,0.0,1.485,,,,
364,512,297.8,0.117788,0.05,11.6556,0.0,1.51,,,,
365,510,296.82,0.124,0.05,11.9269,0.0,1.505,,,,
366,532,283.28,0.127475,0.05,13.3048,0.0123,1.46,,,,
367,515,296.72,0.126713,0.05,12.5415,0.0,1.505,,,,
368,533,289.26,0.126811,0.05,13.3898,0.0031,1.475,,,,
369,526,291.48,0.12625,0.05,12.2987,0.0062,1.49,,,,
370,529,282.32,0.125931,0.05,13.8488,0.0123,1.455,,,,
371,521,286.52,0.122068,0.05,13.3163,0.0093,1.47,,,,
372,538,291.2,0.114683,0.05,13.771,0.0031,1.485,,,,
373,526,290.42,0.143164,0.05,13.8007,0.0031,1.48,,,,
374,531,287.3,0.125577,0.05,14.0476,0.0062,1.47,,,,
375,516,288.62,0.101002,0.05,13.1864,0.0062,1.475,,,,
376,530,284.3,0.146987,0.05,14.0925,0.0093,1.46,,,,
377,528,295.44,0.123176,0.05,12.8833,0.0,1.5,,,,
378,519,286.52,0.131074,0.05,13.2935,0.0062,1.465,,,,
379,519,289.58,0.113474,0.05,13.7162,0.0062,1.48,,,,
380,530,289.32,0.128559,0.05,13.0339,0.0031,1.475,,,,
381,530,292.34,0.107155,0.05,12.963,0.0,1.485,,,,
382,531,291.3,0.117557,0.05,13.9527,0.0,1.48,,,,
383,522,289.52,0.134812,0.05,13.9865,0.0062,1.48,,,,
384,510,290.74,0.128388,0.05,12.5845,0.0031,1.48,,,,
385,532,289.32,0.110695,0.05,13.0574,0.0062,1.48,,,,
386,518,289.56,0.130454,0.05,12.322,0.0031,1.475,,,,
387,531,292.32,0.124952,0.05,13.4007,0.0,1.485,,,,
388,520,288.54,0.125211,0.05,13.0508,0.0062,1.475,,,,
389,529,291.34,0.127246,0.05,12.8378,0.0,1.48,,,,
390,520,289.56,0.124868,0.05,13.3446,0.0062,1.48,,,,
391,523,288.48,0.133372,0.05,13.4407,0.0062,1.475,,,,
392,525,292.44,0.13411,0.05,13.2323,0.0,1.485,,,,
393,520,297.64,0.127552,0.05,11.5066,0.0,1.51,,,,
394,537,293.22,0.137445,0.05,12.9195,0.0,1.49,,,,
395,528,297.48,0.117273,0.05,11.904,0.0,1.51,,,,
396,535,295.3,0.135664,0.05,12.5833,0.0,1.5,,,,
397,531,293.34,0.123272,0.05,12.3154,0.0,1.49,,,,
398,529,288.28,0.123334,0.05,13.1058,0.0,1.465,,,,
399,529,293.38,0.112114,0.05,12.7685,0.0,1.49,,,,
400,516,286.62,0.120614,0.05,13.2313,0.0093,1.47,299.1,11.0561,0.0,1.515
401,544,289.08,0.126004,0.05,12.6182,0.0062,1.48,,,,
402,524,284.46,0.111018,0.05,13.4642,0.0123,1.465,,,,
403,518,296.66,0.121577,0.05,12.4252,0.0,1.505,,,,
404,538,288.14,0.123507,0.05,13.6905,0.0031,1.47,,,,
405,535,294.28,0.12189,0.05,12.6087,0.0,1.495,,,,
406,548,277.9,0.125938,0.05,14.375,0.0154,1.44,,,,
407,524,293.48,0.117765,0.05,12.5168,0.0,1.49,,,,
408,525,289.42,0.134232,0.05,12.2712,0.0031,1.475,,,,
409,511,292.76,0.130003,0.05,11.5101,0.0031,1.49,,,,
410,510,293.76,0.142513,0.05,12.9362,0.0,1.49,,,,
411,525,288.44,0.133449,0.05,13.8983,0.0062,1.475,,,,
412,522,287.52,0.133686,0.05,13.1695,0.0093,1.475,,,,
413,528,289.36,0.110167,0.05,13.4068,0.0031,1.475,,,,
414,522,293.52,0.135506,0.05,12.047,0.0,1.49,,,,
415,545,277.96,0.128645,0.05,14.7049,0.0154,1.44,,,,
416,542,283.04,0.133714,0.05,14.5017,0.0093,1.455,,,,
417,533,289.22,0.115455,0.05,13.5544,0.0,1.47,,,,
418,516,290.66,0.143796,0.05,11.5152,0.0062,1.485,,,,
419,531,289.34,0.130197,0.05,13.3108,0.0062,1.48,,,,
420,514,295.72,0.136687,0.05,11.8,0.0,1.5,,,,
421,520,282.5,0.118984,0.05,13.8144,0.0123,1.455,,,,
422,530,289.32,0.114747,0.05,12.8305,0.0031,1.475,,,,
423,516,287.68,0.150512,0.05,12.5169,0.0123,1.48,,,,
424,529,285.34,0.119508,0.05,14.1126,0.0093,1.465,,,,
425,507,291.82,0.139469,0.05,12.6936,0.0031,1.485,,,,
426,534,288.22,0.12718,0.05,13.3163,0.0031,1.47,,,,
427,535,287.18,0.134507,0.05,13.8737,0.0031,1.465,,,,
428,536,288.22,0.133629,0.05,13.5763,0.0062,1.475,,,,
429,523,289.42,0.116433,0.05,12.8231,0.0,1.47,,,,
430,515,296.72,0.118149,0.05,12.093,0.0,1.505,,,,
431,544,284.06,0.142734,0.05,13.959,0.0123,1.465,,,,
432,541,284.04,0.117275,0.05,13.9519,0.0062,1.455,,,,
433,526,288.42,0.120618,0.05,13.8305,0.0062,1.475,,,,
434,519,290.52,0.123758,0.05,12.7288,0.0,1.475,,,,
435,509,291.82,0.140515,0.05,11.9463,0.0062,1.49,,,,
436,545,282.98,0.143383,0.05,14.055,0.0093,1.455,,,,
437,513,289.7,0.13032,0.05,12.6858,0.0062,1.48,,,,
438,512,292.74,0.140052,0.05,12.5168,0.0031,1.49,,,,
439,508,282.78,0.152076,0.05,13.2021,0.0154,1.46,,,,
440,516,286.62,0.130065,0.05,13.5204,0.0093,1.47,,,,
441,533,280.28,0.132399,0.05,13.7285,0.0184,1.455,,,,
442,531,293.34,0.121891,0.05,13.1711,0.0,1.49,,,,
443,526,296.5,0.139526,0.05,11.5449,0.0,1.505,,,,
444,531,290.32,0.141762,0.05,13.2264,0.0031,1.48,,,,
445,531,278.28,0.123402,0.05,13.9619,0.0184,1.445,,,,
446,523,289.42,0.137444,0.05,13.0612,0.0,1.47,,,,
447,509,294.8,0.13996,0.05,11.7893,0.0,1.495,,,,
448,523,291.5,0.128571,0.05,12.8114,0.0031,1.485,,,,
449,508,292.78,0.120377,0.05,12.4916,0.0,1.485,,,,
450,539,287.1,0.122028,0.05,14.215,0.0031,1.465,,,,
451,538,287.2,0.129553,0.05,13.7288,0.0093,1.475,,,,
452,538,288.18,0.135002,0.05,13.8136,0.0062,1.475,,,,
453,539,288.16,0.129512,0.05,12.678,0.0062,1.475,,,,
454,511,286.72,0.135165,0.05,12.8741,0.0093,1.47,,,,
455,534,290.26,0.127969,0.05,13.598,0.0031,1.48,,,,
456,532,292.3,0.128816,0.05,13.2323,0.0,1.485,,,,
457,520,291.56,0.139425,0.05,13.0135,0.0031,1.485,,,,
458,520,291.52,0.119865,0.05,13.277,0.0,1.48,,,,
459,517,290.6,0.159061,0.05,12.4493,0.0031,1.48,,,,
460,517,289.62,0.112289,0.05,13.1081,0.0062,1.48,,,,
461,528,287.4,0.136561,0.05,13.8983,0.0093,1.475,,,,
462,519,292.56,0.137732,0.05,12.5926,0.0,1.485,,,,
463,532,293.32,0.124293,0.05,12.9027,0.0,1.49,,,,
464,542,285.08,0.115684,0.05,15.1365,0.0093,1.465,,,,
465,529,290.36,0.134193,0.05,13.3446,0.0031,1.48,,,,
466,520,288.5,0.135752,0.05,12.2789,0.0031,1.47,,,,
467,526,290.42,0.141086,0.05,13.3446,0.0031,1.48,,,,
468,530,293.36,0.146731,0.05,12.2819,0.0,1.49,,,,
469,506,289.84,0.14411,0.05,12.7534,0.0062,1.48,,,,
470,531,287.3,0.122384,0.05,13.7245,0.0062,1.47,,,,
471,510,289.76,0.147981,0.05,12.0439,0.0062,1.48,,,,
472,528,298.5,0.138111,0.05,11.6502,0.0,1.515,,,,
473,523,288.48,0.143898,0.05,14.0847,0.0062,1.475,,,,
474,525,289.46,0.131839,0.05,14.1216,0.0062,1.48,,,,
475,523,294.52,0.131233,0.05,12.1405,0.0,1.495,,,,
476,516,287.6,0.147459,0.05,13.1973,0.0062,1.47,,,,
477,528,292.42,0.1482,0.05,13.2718,0.0031,1.49,,,,
478,514,292.66,0.130312,0.05,11.936,0.0,1.485,,,,
479,529,290.4,0.130122,0.05,12.6094,0.0062,1.485,,,,
480,515,295.7,0.117191,0.05,11.55,0.0,1.5,,,,
481,532,290.34,0.125185,0.05,12.3401,0.0062,1.485,,,,
482,522,289.48,0.121807,0.05,12.9661,0.0031,1.475,,,,
483,536,285.16,0.127663,0.05,14.3493,0.0062,1.46,,,,
484,524,288.42,0.116611,0.05,13.4184,0.0031,1.47,,,,
485,520,290.54,0.11583,0.05,12.7703,0.0031,1.48,,,,
486,526,291.44,0.146878,0.05,12.1886,0.0031,1.485,,,,
487,534,287.24,0.117115,0.05,14.0476,0.0062,1.47,,,,
488,519,285.46,0.131589,0.05,12.8179,0.0031,1.455,,,,
489,509,293.78,0.132036,0.05,12.2819,0.0,1.49,,,,
490,515,289.66,0.136684,0.05,13.1757,0.0062,1.48,,,,
491,510,286.74,0.138097,0.05,12.7721,0.0093,1.47,,,,
492,518,284.54,0.113331,0.05,13.9212,0.0093,1.46,,,,
493,522,289.52,0.128729,0.05,11.8412,0.0062,1.48,,,,
494,533,290.32,0.14226,0.05,12.9966,0.0062,1.485,,,,
495,533,285.18,0.118519,0.05,13.866,0.0031,1.455,,,,
496,535,289.22,0.133936,0.05,13.3729,0.0031,1.475,,,,
497,541,286.08,0.12532,0.05,13.6177,0.0062,1.465,,,,
498,520,292.58,0.119293,0.05,12.0973,0.0031,1.49,,,,
499,520,289.56,0.139447,0.05,13.6993,0.0062,1.48,,,,
500,531,291.34,0.121913,0.05,12.4242,0.0031,1.485,,,,
501,526,287.36,0.141923,0.05,13.3959,0.0031,1.465,,,,
502,522,292.5,0.120905,0.05,12.8283,0.0,1.485,,,,
503,532,289.28,0.135999,0.05,13.7288,0.0031,1.475,,,,
504,516,290.62,0.127482,0.05,13.3953,0.0031,1.48,,,,
505,528,286.34,0.128213,0.05,14.2321,0.0062,1.465,,,,
506,532,288.3,0.136169,0.05,14.322,0.0062,1.475,,,,
507,518,284.54,0.123631,0.05,13.1849,0.0093,1.46,,,,
508,529,295.42,0.139105,0.05,12.5167,0.0,1.5,,,,
509,534,293.28,0.125372,0.05,11.9631,0.0,1.49,,,,
510,529,287.34,0.136222,0.05,13.3333,0.0062,1.47,,,,
511,520,295.6,0.133718,0.05,11.7333,0.0,1.5,,,,
512,523,293.54,0.127172,0.05,12.4415,0.0031,1.495,,,,
513,516,290.62,0.132121,0.05,13.1926,0.0031,1.48,,,,
514,514,296.78,0.14655,0.05,11.3576,0.0031,1.51,,,,
515,512,288.7,0.149993,0.05,12.5424,0.0062,1.475,,,,
516,530,290.3,0.114438,0.05,12.8644,0.0,1.475,,,,
517,533,286.2,0.121394,0.05,14.1438,0.0031,1.46,,,,
518,526,289.44,0.137763,0.05,13.4797,0.0062,1.48,,,,
519,515,292.68,0.111008,0.05,11.4597,0.0031,1.49,,,,
520,533,288.24,0.127403,0.05,13.9966,0.0031,1.47,,,,
521,526,284.38,0.119399,0.05,14.0582,0.0093,1.46,,,,
522,534,290.26,0.132191,0.05,11.8074,0.0031,1.48,,,,
523,541,287.06,0.148189,0.05,14.3345,0.0031,1.465,,,,
524,530,290.3,0.140614,0.05,12.8814,0.0,1.475,,,,
525,524,291.52,0.135481,0.05,12.5336,0.0062,1.49,,,,
526,521,291.54,0.11911,0.05,13.1313,0.0031,1.485,,,,
527,526,289.44,0.136587,0.05,12.7027,0.0062,1.48,,,,
528,520,282.54,0.139233,0.05,13.5959,0.0154,1.46,,,,
529,521,292.56,0.150393,0.05,12.0973,0.0031,1.49,,,,
530,532,291.28,0.143427,0.05,13.0068,0.0,1.48,,,,
531,516,287.6,0.123106,0.05,13.4014,0.0062,1.47,,,,
532,529,288.36,0.118698,0.05,14.0678,0.0062,1.475,,,,
533,520,293.56,0.111482,0.05,13.406,0.0,1.49,,,,
534,515,287.7,0.135682,0.05,12.5507,0.0123,1.48,,,,
535,538,290.18,0.129089,0.05,13.8345,0.0031,1.48,,,,
536,523,288.48,0.129868,0.05,13.8136,0.0062,1.475,,,,
537,524,290.46,0.134516,0.05,12.9223,0.0031,1.48,,,,
538,521,297.62,0.125997,0.05,11.6225,0.0,1.51,,,,
539,522,283.52,0.117334,0.05,13.7713,0.0154,1.465,,,,
540,522,294.54,0.107863,0.05,12.291,0.0,1.495,,,,
541,524,286.42,0.12062,0.05,13.5836,0.0062,1.465,,,,
542,516,283.64,0.13579,0.05,12.4403,0.0154,1.465,,,,
543,522,287.44,0.135829,0.05,12.8157,0.0031,1.465,,,,
544,521,279.46,0.129845,0.05,14.4464,0.0154,1.445,,,,
545,533,286.28,0.12094,0.05,13.0102,0.0093,1.47,,,,
546,528,289.32,0.126616,0.05,12.415,0.0,1.47,,,,
547,537,288.16,0.129023,0.05,12.1939,0.0031,1.47,,,,
548,526,290.5,0.128043,0.05,12.1644,0.0093,1.49,,,,
549,521,291.54,0.130656,0.05,12.4074,0.0031,1.485,,,,
550,518,291.6,0.123535,0.05,13.165,0.0031,1.485,,,,
551,516,292.62,0.128619,0.05,12.9966,0.0,1.485,,,,
552,515,290.64,0.121073,0.05,12.6689,0.0031,1.48,,,,
553,539,289.1,0.135143,0.05,13.6224,0.0,1.47,,,,
554,513,291.7,0.128852,0.05,12.9293,0.0031,1.485,,,,
555,518,289.6,0.134493,0.05,13.7669,0.0062,1.48,,,,
556,512,291.72,0.116636,0.05,12.9293,0.0031,1.485,,,,
557,530,282.26,0.127655,0.05,12.3966,0.0093,1.45,,,,
558,533,290.28,0.140103,0.05,13.8514,0.0031,1.48,,,,
559,513,286.68,0.139373,0.05,13.4694,0.0093,1.47,,,,
560,535,284.28,0.133613,0.05,13.9796,0.0154,1.47,,,,
561,524,288.46,0.11737,0.05,13.0508,0.0062,1.475,,,,
562,540,289.16,0.131026,0.05,13.4459,0.0062,1.48,,,,
563,546,277.9,0.118949,0.05,14.3728,0.0123,1.435,,,,
564,526,287.36,0.129152,0.05,12.5768,0.0031,1.465,,,,
565,540,283.04,0.116865,0.05,14.3966,0.0062,1.45,,,,
566,530,291.36,0.127756,0.05,13.771,0.0031,1.485,,,,
567,525,291.46,0.126855,0.05,13.8215,0.0031,1.485,,,,
568,524,288.42,0.13735,0.05,13.7075,0.0031,1.47,,,,
569,529,288.32,0.131107,0.05,13.9456,0.0031,1.47,,,,
570,522,293.52,0.135411,0.05,13.0705,0.0,1.49,,,,
571,538,284.18,0.115023,0.05,13.7372,0.0123,1.465,,,,
572,530,284.3,0.133959,0.05,13.887,0.0093,1.46,,,,
573,508,291.8,0.118896,0.05,12.4916,0.0031,1.485,,,,
574,524,292.54,0.116704,0.05,12.3244,0.0062,1.495,,,,
575,525,296.52,0.123916,0.05,12.7243,0.0,1.505,,,,
576,533,287.3,0.133155,0.05,14.3559,0.0093,1.475,,,,
577,511,287.74,0.103929,0.05,12.7627,0.0093,1.475,,,,
578,521,289.5,0.128683,0.05,13.9153,0.0031,1.475,,,,
579,524,289.48,0.125916,0.05,13.9358,0.0062,1.48,,,,
580,520,289.56,0.116545,0.05,11.9257,0.0062,1.48,,,,
581,507,291.82,0.136262,0.05,12.7104,0.0031,1.485,,,,
582,533,284.24,0.111934,0.05,12.911,0.0093,1.46,,,,
583,522,286.5,0.124135,0.05,13.5374,0.0093,1.47,,,,
584,519,278.52,0.12864,0.05,13.8754,0.0184,1.445,,,,
585,511,277.7,0.128108,0.05,13.0277,0.0214,1.445,,,,
586,517,291.7,0.13135,0.05,11.8395,0.0093,1.495,,,,
587,524,288.42,0.140764,0.05,12.585,0.0031,1.47,,,,
588,547,288.0,0.131947,0.05,13.9153,0.0062,1.475,,,,
589,532,288.26,0.126272,0.05,13.8435,0.0031,1.47,,,,
590,531,283.26,0.116574,0.05,14.2955,0.0093,1.455,,,,
591,542,290.1,0.132887,0.05,14.1892,0.0031,1.48,,,,
592,529,285.34,0.122291,0.05,13.7543,0.0093,1.465,,,,
593,522,291.52,0.1418,0.05,12.138,0.0031,1.485,,,,
594,545,279.92,0.142407,0.05,14.0451,0.0093,1.44,,,,
595,515,289.62,0.13497,0.05,12.8475,0.0031,1.475,,,,
596,514,296.74,0.11613,0.05,11.7276,0.0,1.505,,,,
597,524,287.44,0.133494,0.05,13.5374,0.0062,1.47,,,,
598,519,285.58,0.121367,0.05,12.6871,0.0123,1.47,,,,
599,560,277.62,0.123326,0.05,14.338,0.0123,1.435,,,,
600,518,289.6,0.141494,0.05,12.7534,0.0062,1.48,299.1,11.0561,0.0,1.515
601,527,286.4,0.118023,0.05,13.7415,0.0093,1.47,,,,
602,530,293.36,0.145528,0.05,12.7517,0.0,1.49,,,,
603,523,291.5,0.120868,0.05,13.5354,0.0031,1.485,,,,
604,531,276.28,0.125298,0.05,14.2535,0.0214,1.44,,,,
605,518,291.6,0.118848,0.05,12.5253,0.0031,1.485,,,,
606,525,291.46,0.142714,0.05,13.4343,0.0031,1.485,,,,
607,516,292.62,0.128582,0.05,13.2155,0.0,1.485,,,,
608,513,289.66,0.124803,0.05,12.7288,0.0031,1.475,,,,
609,524,289.48,0.130195,0.05,13.1926,0.0062,1.48,,,,
610,540,292.14,0.119761,0.05,14.3098,0.0,1.485,,,,
611,514,289.68,0.113676,0.05,12.9392,0.0062,1.48,,,,
612,509,284.76,0.139737,0.05,12.099,0.0123,1.465,,,,
613,510,296.82,0.121723,0.05,11.4286,0.0,1.505,,,,
614,516,285.64,0.134013,0.05,13.4864,0.0123,1.47,,,,
615,536,288.14,0.129368,0.05,14.3345,0.0,1.465,,,,
616,531,289.34,0.1324,0.05,13.8007,0.0062,1.48,,,,
617,530,286.34,0.150774,0.05,14.4558,0.0093,1.47,,,,
618,554,277.82,0.124929,0.05,15.0,0.0184,1.445,,,,
619,548,289.98,0.124854,0.05,13.3615,0.0031,1.48,,,,
620,517,294.72,0.124746,0.05,11.4286,0.0062,1.505,,,,
621,532,289.24,0.131106,0.05,13.8946,0.0,1.47,,,,
622,516,291.64,0.127363,0.05,12.7273,0.0031,1.485,,,,
623,539,290.16,0.138569,0.05,13.0068,0.0031,1.48,,,,
624,536,284.22,0.134059,0.05,13.7201,0.0123,1.465,,,,
625,525,290.44,0.13375,0.05,13.6486,0.0031,1.48,,,,
626,529,290.4,0.141968,0.05,12.5253,0.0062,1.485,,,,
627,510,285.76,0.137528,0.05,12.9592,0.0123,1.47,,,,
628,519,286.52,0.129799,0.05,13.413,0.0062,1.465,,,,
629,516,285.64,0.11656,0.05,13.1463,0.0123,1.47,,,,
630,519,289.58,0.130211,0.05,12.9561,0.0062,1.48,,,,
631,502,288.86,0.135801,0.05,12.7891,0.0031,1.47,,,,
632,519,290.56,0.120778,0.05,13.5473,0.0031,1.48,,,,
633,531,293.34,0.142055,0.05,13.6577,0.0,1.49,,,,
634,524,288.46,0.147819,0.05,13.4068,0.0062,1.475,,,,
635,511,284.72,0.1206,0.05,12.116,0.0123,1.465,,,,
636,513,291.66,0.12021,0.05,12.5169,0.0,1.48,,,,
637,514,286.62,0.119885,0.05,11.8771,0.0062,1.465,,,,
638,517,290.6,0.136585,0.05,13.1757,0.0031,1.48,,,,
639,527,290.4,0.135675,0.05,12.8378,0.0031,1.48,,,,
640,514,285.68,0.148343,0.05,13.7075,0.0123,1.47,,,,
641,521,288.48,0.134362,0.05,12.3469,0.0031,1.47,,,,
642,519,289.54,0.12418,0.05,12.3898,0.0031,1.475,,,,
643,504,284.86,0.123018,0.05,12.628,0.0123,1.465,,,,
644,517,292.68,0.137115,0.05,11.7391,0.0062,1.495,,,,
645,526,291.44,0.144017,0.05,12.7946,0.0031,1.485,,,,
646,524,293.52,0.130536,0.05,11.8395,0.0031,1.495,,,,
647,512,293.72,0.12467,0.05,12.2987,0.0,1.49,,,,
648,526,292.46,0.130752,0.05,12.2651,0.0031,1.49,,,,
649,515,288.64,0.131588,0.05,13.2542,0.0062,1.475,,,,
650,519,291.58,0.131416,0.05,12.8283,0.0031,1.485,,,,
651,517,295.7,0.129294,0.05,12.1096,0.0031,1.505,,,,
652,516,291.6,0.119303,0.05,12.4662,0.0,1.48,,,,
653,526,292.5,0.136533,0.05,12.5585,0.0062,1.495,,,,
654,530,285.32,0.126867,0.05,13.0717,0.0093,1.465,,,,
655,523,287.46,0.113485,0.05,13.1293,0.0062,1.47,,,,
656,525,291.46,0.117329,0.05,12.862,0.0031,1.485,,,,
657,518,291.6,0.118075,0.05,13.1818,0.0031,1.485,,,,
658,546,285.04,0.116543,0.05,14.4218,0.0123,1.47,,,,
659,525,287.42,0.144201,0.05,13.9116,0.0062,1.47,,,,
660,520,291.56,0.138668,0.05,13.5185,0.0031,1.485,,,,
661,517,292.6,0.12424,0.05,13.468,0.0,1.485,,,,
662,522,291.48,0.142615,0.05,13.0068,0.0,1.48,,,,
663,517,294.64,0.116805,0.05,11.8896,0.0,1.495,,,,
664,510,292.74,0.135676,0.05,12.7609,0.0,1.485,,,,
665,525,288.4,0.132464,0.05,12.8741,0.0031,1.47,,,,
666,523,288.44,0.1389,0.05,13.5374,0.0031,1.47,,,,
667,529,279.34,0.129503,0.05,14.1207,0.0184,1.45,,,,
668,521,290.52,0.114924,0.05,12.4493,0.0031,1.48,,,,
669,522,286.54,0.123943,0.05,12.8983,0.0123,1.475,,,,
670,520,290.54,0.124242,0.05,12.7872,0.0031,1.48,,,,
671,522,284.46,0.113196,0.05,12.774,0.0093,1.46,,,,
672,514,288.66,0.124024,0.05,12.4576,0.0062,1.475,,,,
673,507,286.84,0.138192,0.05,12.1186,0.0123,1.475,,,,
674,511,282.72,0.148442,0.05,12.4829,0.0154,1.46,,,,
675,510,289.76,0.129724,0.05,12.2297,0.0062,1.48,,,,
676,520,292.54,0.1192,0.05,13.2155,0.0,1.485,,,,
677,527,289.38,0.144254,0.05,12.4746,0.0031,1.475,,,,
678,536,289.24,0.122891,0.05,14.5946,0.0062,1.48,,,,
679,525,288.44,0.127591,0.05,12.6441,0.0062,1.475,,,,
680,527,286.36,0.115843,0.05,12.6621,0.0062,1.465,,,,
681,537,289.18,0.110249,0.05,13.0,0.0031,1.475,,,,
682,512,292.74,0.118561,0.05,11.7617,0.0031,1.49,,,,
683,517,288.6,0.11713,0.05,13.4576,0.0062,1.475,,,,
684,521,290.52,0.124495,0.05,12.1115,0.0031,1.48,,,,
685,533,290.32,0.135167,0.05,12.7946,0.0062,1.485,,,,
686,520,288.54,0.103886,0.05,13.4237,0.0062,1.475,,,,
687,517,285.62,0.125983,0.05,13.2653,0.0123,1.47,,,,
688,526,288.42,0.157004,0.05,12.661,0.0062,1.475,,,,
689,537,291.22,0.138316,0.05,13.064,0.0031,1.485,,,,
690,531,290.32,0.131763,0.05,13.598,0.0031,1.48,,,,
691,519,288.56,0.119198,0.05,12.9322,0.0062,1.475,,,,
692,537,292.2,0.134534,0.05,12.6599,0.0,1.485,,,,
693,532,287.32,0.118134,0.05,13.9153,0.0093,1.475,,,,
694,520,290.62,0.117037,0.05,12.8523,0.0093,1.49,,,,
695,540,284.06,0.135968,0.05,13.5567,0.0062,1.455,,,,
696,536,288.26,0.121161,0.05,12.5169,0.0093,1.48,,,,
697,509,287.78,0.124095,0.05,12.4407,0.0093,1.475,,,,
698,527,293.42,0.151459,0.05,13.8926,0.0,1.49,,,,
699,529,282.36,0.11683,0.05,13.5445,0.0154,1.46,,,,
700,514,286.66,0.119763,0.05,12.3299,0.0093,1.47,,,,
701,533,296.36,0.113816,0.05,12.2591,0.0,1.505,,,,
702,524,292.5,0.139865,0.05,12.0302,0.0031,1.49,,,,
703,518,286.58,0.115725,0.05,13.1973,0.0093,1.47,,,,
704,519,289.58,0.126309,0.05,13.3953,0.0062,1.48,,,,
705,516,293.68,0.133498,0.05,11.8729,0.0031,1.495,,,,
706,521,286.52,0.123168,0.05,13.1293,0.0093,1.47,,,,
707,534,287.28,0.131399,0.05,13.6271,0.0093,1.475,,,,
708,530,296.42,0.124649,0.05,11.711,0.0,1.505,,,,
709,509,292.8,0.119554,0.05,12.802,0.0031,1.49,,,,
710,517,290.6,0.134842,0.05,12.7027,0.0031,1.48,,,,
711,530,288.3,0.119229,0.05,12.0578,0.0031,1.47,,,,
712,520,283.56,0.111361,0.05,13.8737,0.0154,1.465,,,,
713,520,288.54,0.129898,0.05,12.8475,0.0062,1.475,,,,
714,508,296.86,0.130175,0.05,11.3455,0.0,1.505,,,,
715,522,291.52,0.128024,0.05,13.5354,0.0031,1.485,,,,
716,531,289.34,0.130741,0.05,12.7196,0.0062,1.48,,,,
717,534,286.26,0.116021,0.05,14.4388,0.0093,1.47,,,,
718,534,289.24,0.145484,0.05,13.7288,0.0031,1.475,,,,
719,532,288.26,0.135305,0.05,13.2993,0.0031,1.47,,,,
720,515,285.62,0.141808,0.05,12.7645,0.0093,1.465,,,,
721,517,296.68,0.122148,0.05,12.3422,0.0,1.505,,,,
722,521,289.54,0.131672,0.05,13.0743,0.0062,1.48,,,,
723,525,282.44,0.142564,0.05,14.161,0.0154,1.46,,,,
724,520,293.56,0.121558,0.05,12.6174,0.0,1.49,,,,
725,528,283.4,0.127167,0.05,14.2321,0.0154,1.465,,,,
726,527,286.4,0.137645,0.05,13.9966,0.0093,1.47,,,,
727,522,289.52,0.121723,0.05,12.3142,0.0062,1.48,,,,
728,522,287.48,0.123414,0.05,13.2483,0.0062,1.47,,,,
729,522,289.52,0.139694,0.05,13.0405,0.0062,1.48,,,,
730,525,286.4,0.106441,0.05,12.9181,0.0062,1.465,,,,
731,522,288.5,0.139542,0.05,13.8475,0.0062,1.475,,,,
732,521,290.52,0.125579,0.05,12.6689,0.0031,1.48,,,,
733,520,294.62,0.129765,0.05,12.3833,0.0031,1.5,,,,
734,507,288.8,0.118678,0.05,12.7627,0.0062,1.475,,,,
735,540,289.16,0.121749,0.05,14.1723,0.0062,1.48,,,,
736,520,296.62,0.114435,0.05,12.1595,0.0,1.505,,,,
737,519,292.56,0.138854,0.05,13.1481,0.0,1.485,,,,
738,515,288.64,0.114278,0.05,13.1864,0.0062,1.475,,,,
739,530,292.38,0.131709,0.05,13.3725,0.0031,1.49,,,,
740,516,294.7,0.115312,0.05,11.8833,0.0031,1.5,,,,
741,517,289.62,0.138052,0.05,13.4797,0.0062,1.48,,,,
742,521,287.54,0.117178,0.05,13.1356,0.0093,1.475,,,,
743,521,293.54,0.137255,0.05,13.943,0.0,1.49,,,,
744,520,291.6,0.124471,0.05,12.198,0.0062,1.49,,,,
745,529,286.36,0.1072,0.05,13.2653,0.0093,1.47,,,,
746,537,291.22,0.124897,0.05,12.7104,0.0031,1.485,,,,
747,504,291.88,0.127567,0.05,11.936,0.0031,1.485,,,,
748,531,285.34,0.121939,0.05,13.8265,0.0123,1.47,,,,
749,518,291.6,0.129229,0.05,13.0471,0.0031,1.485,,,,
750,518,291.6,0.125006,0.05,12.6599,0.0031,1.485,,,,
751,535,287.22,0.119142,0.05,14.0986,0.0062,1.47,,,,
752,542,289.12,0.12284,0.05,13.7669,0.0062,1.48,,,,
753,529,288.32,0.140918,0.05,13.4524,0.0031,1.47,,,,
754,535,290.24,0.139622,0.05,13.0068,0.0031,1.48,,,,
755,516,292.66,0.105975,0.05,12.2819,0.0031,1.49,,,,
756,527,289.42,0.114084,0.05,12.6351,0.0062,1.48,,,,
757,519,293.58,0.113683,0.05,11.8456,0.0,1.49,,,,
758,545,288.04,0.131868,0.05,14.1525,0.0062,1.475,,,,
759,516,287.6,0.124699,0.05,12.1259,0.0062,1.47,,,,
760,543,281.02,0.118922,0.05,13.5172,0.0123,1.45,,,,
761,537,296.28,0.135104,0.05,12.691,0.0,1.505,,,,
762,524,285.44,0.145996,0.05,13.4812,0.0093,1.465,,,,
763,526,287.44,0.115851,0.05,12.6949,0.0093,1.475,,,,
764,542,287.08,0.129594,0.05,13.5034,0.0062,1.47,,,,
765,520,289.56,0.12505,0.05,12.6351,0.0062,1.48,,,,
766,537,289.14,0.138114,0.05,12.7551,0.0,1.47,,,,
767,519,293.62,0.119407,0.05,11.5719,0.0031,1.495,,,,
768,524,292.5,0.134309,0.05,12.8188,0.0031,1.49,,,,
769,524,295.52,0.133466,0.05,11.5667,0.0,1.5,,,,
770,524,285.48,0.119895,0.05,13.2483,0.0123,1.47,,,,
771,530,277.28,0.133368,0.05,13.4375,0.0184,1.44,,,,
772,506,293.88,0.145278,0.05,11.505,0.0031,1.495,,,,
773,528,289.36,0.140252,0.05,13.8475,0.0031,1.475,,,,
774,515,289.58,0.148595,0.05,12.8571,0.0,1.47,,,,
775,523,279.5,0.134984,0.05,14.1924,0.0214,1.455,,,,
776,524,293.48,0.113198,0.05,14.3121,0.0,1.49,,,,
777,523,287.46,0.123358,0.05,14.3027,0.0062,1.47,,,,
778,545,289.02,0.130681,0.05,14.4915,0.0031,1.475,,,,
779,516,289.64,0.120828,0.05,13.0574,0.0062,1.48,,,,
780,524,289.44,0.129833,0.05,11.9492,0.0031,1.475,,,,
781,552,282.84,0.128333,0.05,14.433,0.0093,1.455,,,,
782,528,292.38,0.106252,0.05,13.0808,0.0,1.485,,,,
783,532,291.36,0.133078,0.05,12.9027,0.0062,1.49,,,,
784,531,291.34,0.13712,0.05,13.8889,0.0031,1.485,,,,
785,533,293.34,0.127781,0.05,12.4582,0.0031,1.495,,,,
786,521,288.48,0.120815,0.05,13.0442,0.0031,1.47,,,,
787,537,291.18,0.109654,0.05,13.6824,0.0,1.48,,,,
788,537,287.18,0.128568,0.05,13.7585,0.0062,1.47,,,,
789,505,288.84,0.12149,0.05,13.0169,0.0062,1.475,,,,
790,532,284.26,0.122863,0.05,13.9897,0.0093,1.46,,,,
791,526,288.46,0.106291,0.05,12.9899,0.0093,1.48,,,,
792,533,284.24,0.137595,0.05,13.8699,0.0093,1.46,,,,
793,515,287.66,0.120093,0.05,13.322,0.0093,1.475,,,,
794,517,293.66,0.130311,0.05,11.9732,0.0031,1.495,,,,
795,529,289.38,0.119118,0.05,13.3953,0.0062,1.48,,,,
796,518,292.58,0.103475,0.05,12.6094,0.0,1.485,,,,
797,545,292.04,0.124353,0.05,14.8485,0.0,1.485,,,,
798,522,287.44,0.135852,0.05,13.7372,0.0031,1.465,,,,
799,511,292.72,0.120173,0.05,12.3906,0.0,1.485,,,,
800,514,292.7,0.107994,0.05,12.1309,0.0031,1.49,299.08,11.0726,0.0,1.515
801,524,286.46,0.131841,0.05,14.0816,0.0093,1.47,,,,
802,518,289.56,0.12309,0.05,12.8136,0.0031,1.475,,,,
803,533,285.26,0.116076,0.05,13.3788,0.0093,1.465,,,,
804,529,289.34,0.127462,0.05,13.4915,0.0031,1.475,,,,
805,510,286.74,0.116965,0.05,12.9252,0.0093,1.47,,,,
806,536,282.14,0.131688,0.05,14.1034,0.0093,1.45,,,,
807,535,287.26,0.116537,0.05,13.7966,0.0093,1.475,,,,
808,531,281.26,0.124863,0.05,14.5345,0.0123,1.45,,,,
809,512,293.76,0.146076,0.05,12.3579,0.0031,1.495,,,,
810,520,295.64,0.116701,0.05,12.2757,0.0031,1.505,,,,
811,517,297.7,0.138016,0.05,11.3907,0.0,1.51,,,,
812,514,288.66,0.134491,0.05,12.0339,0.0062,1.475,,,,
813,516,292.62,0.132176,0.05,12.3737,0.0,1.485,,,,
814,547,293.02,0.130675,0.05,14.396,0.0,1.49,,,,
815,525,285.38,0.127389,0.05,13.339,0.0062,1.46,,,,
816,534,294.3,0.136124,0.05,12.7425,0.0,1.495,,,,
817,526,290.42,0.109535,0.05,13.5304,0.0031,1.48,,,,
818,526,287.44,0.130052,0.05,13.3898,0.0093,1.475,,,,
819,521,291.54,0.117079,0.05,12.7273,0.0031,1.485,,,,
820,525,291.42,0.12092,0.05,13.8851,0.0,1.48,,,,
821,514,285.64,0.1426,0.05,13.7372,0.0093,1.465,,,,
822,511,287.7,0.132016,0.05,12.2619,0.0062,1.47,,,,
823,519,291.54,0.12069,0.05,13.3953,0.0,1.48,,,,
824,538,289.2,0.12202,0.05,13.9696,0.0062,1.48,,,,
825,539,285.14,0.126603,0.05,13.7713,0.0093,1.465,,,,
826,551,240.58,0.145236,0.05,13.6502,0.0593,1.315,,,,
827,517,292.64,0.14099,0.05,12.6007,0.0031,1.49,,,,
828,510,294.78,0.13069,0.05,11.6722,0.0,1.495,,,,
829,555,261.76,0.140626,0.05,14.8393,0.039,1.4,,,,
830,518,285.6,0.129378,0.05,12.1259,0.0123,1.47,,,,
831,520,293.56,0.113875,0.05,12.7685,0.0,1.49,,,,
832,528,289.4,0.124046,0.05,13.5642,0.0062,1.48,,,,
833,513,287.7,0.130671,0.05,13.7966,0.0093,1.475,,,,
834,523,288.48,0.146744,0.05,11.9661,0.0062,1.475,,,,
835,518,291.6,0.145962,0.05,14.1246,0.0031,1.485,,,,
836,519,293.62,0.128608,0.05,12.3579,0.0031,1.495,,,,
837,524,288.46,0.129472,0.05,13.3559,0.0062,1.475,,,,
838,541,281.1,0.132345,0.05,14.433,0.0154,1.455,,,,
839,537,279.14,0.127136,0.05,13.7716,0.0154,1.445,,,,
840,538,286.18,0.134078,0.05,13.7585,0.0093,1.47,,,,
841,533,291.26,0.133739,0.05,13.2264,0.0,1.48,,,,
842,550,291.94,0.122832,0.05,12.862,0.0,1.485,,,,
843,532,284.26,0.134895,0.05,13.6644,0.0093,1.46,,,,
844,521,285.46,0.140386,0.05,13.1678,0.0062,1.46,,,,
845,515,289.62,0.11832,0.05,12.661,0.0031,1.475,,,,
846,519,289.54,0.127903,0.05,12.5254,0.0031,1.475,,,,
847,511,295.78,0.140107,0.05,11.55,0.0,1.5,,,,
848,526,288.38,0.121055,0.05,12.7891,0.0031,1.47,,,,
849,523,289.46,0.124382,0.05,13.678,0.0031,1.475,,,,
850,518,287.56,0.118134,0.05,13.2993,0.0062,1.47,,,,
851,518,288.58,0.121203,0.05,13.0508,0.0062,1.475,,,,
852,526,289.44,0.128586,0.05,13.3108,0.0062,1.48,,,,
853,539,290.16,0.113003,0.05,14.848,0.0031,1.48,,,,
854,532,285.2,0.120526,0.05,13.6942,0.0031,1.455,,,,
855,529,290.36,0.124153,0.05,14.0541,0.0031,1.48,,,,
856,516,290.62,0.12292,0.05,12.4831,0.0031,1.48,,,,
857,513,285.66,0.120662,0.05,12.6109,0.0093,1.465,,,,
858,545,288.04,0.133453,0.05,14.7119,0.0062,1.475,,,,
859,524,283.44,0.115611,0.05,13.9897,0.0123,1.46,,,,
860,525,286.4,0.136438,0.05,12.9863,0.0062,1.465,,,,
861,527,293.46,0.116527,0.05,11.4716,0.0031,1.495,,,,
862,523,285.5,0.134282,0.05,11.7517,0.0123,1.47,,,,
863,505,291.86,0.124583,0.05,12.5758,0.0031,1.485,,,,
864,510,294.78,0.13132,0.05,11.7726,0.0,1.495,,,,
865,521,290.48,0.109663,0.05,12.7288,0.0,1.475,,,,
866,525,293.46,0.117229,0.05,12.5,0.0,1.49,,,,
867,521,289.54,0.124847,0.05,14.3581,0.0062,1.48,,,,
868,515,284.64,0.112376,0.05,12.3549,0.0123,1.465,,,,
869,526,289.36,0.11412,0.05,13.4014,0.0,1.47,,,,
870,511,293.74,0.132979,0.05,13.0872,0.0,1.49,,,,
871,532,286.22,0.13149,0.05,14.589,0.0031,1.46,,,,
872,529,291.38,0.142181,0.05,14.1919,0.0031,1.485,,,,
873,508,287.76,0.125939,0.05,12.398,0.0062,1.47,,,,
874,528,284.38,0.138341,0.05,14.0956,0.0123,1.465,,,,
875,539,285.14,0.11695,0.05,14.4198,0.0093,1.465,,,,
876,517,296.68,0.121873,0.05,12.3422,0.0,1.505,,,,
877,514,286.58,0.119012,0.05,12.4486,0.0031,1.46,,,,
878,526,279.36,0.140058,0.05,13.7889,0.0154,1.445,,,,
879,533,290.28,0.128481,0.05,13.6149,0.0031,1.48,,,,
880,510,286.7,0.134982,0.05,12.5085,0.0062,1.465,,,,
881,518,291.6,0.119404,0.05,13.4512,0.0031,1.485,,,,
882,537,286.16,0.103426,0.05,13.5666,0.0062,1.465,,,,
883,515,284.6,0.117601,0.05,13.3562,0.0093,1.46,,,,
884,521,288.52,0.138072,0.05,13.3559,0.0062,1.475,,,,
885,527,291.46,0.12161,0.05,12.7013,0.0062,1.49,,,,
886,514,289.68,0.122038,0.05,13.6655,0.0062,1.48,,,,
887,516,285.64,0.127583,0.05,13.9116,0.0123,1.47,,,,
888,507,291.82,0.118579,0.05,11.835,0.0031,1.485,,,,
889,506,291.84,0.107937,0.05,12.8788,0.0031,1.485,,,,
890,517,296.68,0.131498,0.05,11.5781,0.0,1.505,,,,
891,516,291.64,0.134094,0.05,13.6027,0.0031,1.485,,,,
892,510,293.8,0.13762,0.05,12.291,0.0031,1.495,,,,
893,519,288.52,0.122826,0.05,13.6224,0.0031,1.47,,,,
894,537,281.18,0.124994,0.05,13.7113,0.0154,1.455,,,,
895,526,291.4,0.124459,0.05,13.598,0.0,1.48,,,,
896,513,291.66,0.126068,0.05,13.5811,0.0,1.48,,,,
897,511,286.68,0.131024,0.05,11.8089,0.0062,1.465,,,,
898,516,290.62,0.121372,0.05,13.5642,0.0031,1.48,,,,
899,521,292.56,0.124873,0.05,12.1141,0.0031,1.49,,,,
900,508,287.8,0.118909,0.05,13.6441,0.0093,1.475,,,,
901,513,291.7,0.110343,0.05,13.0808,0.0031,1.485,,,,
902,531,287.34,0.129755,0.05,13.9153,0.0093,1.475,,,,
903,520,289.56,0.123507,0.05,13.7162,0.0062,1.48,,,,
904,514,291.68,0.121333,0.05,13.064,0.0031,1.485,,,,
905,519,294.64,0.105139,0.05,11.95,0.0031,1.5,,,,
906,533,291.3,0.115853,0.05,14.2593,0.0031,1.485,,,,
907,524,291.48,0.113575,0.05,12.6936,0.0031,1.485,,,,
908,515,293.66,0.128791,0.05,13.1711,0.0,1.49,,,,
909,520,288.54,0.135783,0.05,13.9153,0.0062,1.475,,,,
910,536,287.24,0.126586,0.05,14.2712,0.0093,1.475,,,,
911,519,288.64,0.130156,0.05,11.4815,0.0123,1.485,,,,
912,528,287.36,0.121943,0.05,13.7755,0.0062,1.47,,,,
913,511,291.74,0.120534,0.05,12.3232,0.0031,1.485,,,,
914,521,293.54,0.141029,0.05,13.3389,0.0,1.49,,,,
915,522,293.52,0.121181,0.05,13.0872,0.0,1.49,,,,
916,520,289.56,0.133329,0.05,12.5169,0.0062,1.48,,,,
917,510,293.76,0.132257,0.05,13.1544,0.0,1.49,,,,
918,534,290.22,0.120587,0.05,13.5932,0.0,1.475,,,,
919,518,286.54,0.11796,0.05,13.1399,0.0062,1.465,,,,
920,521,290.52,0.129057,0.05,14.1047,0.0031,1.48,,,,
921,523,285.5,0.128945,0.05,13.8776,0.0123,1.47,,,,
922,514,289.68,0.134895,0.05,13.7331,0.0062,1.48,,,,
923,530,290.34,0.129017,0.05,13.2264,0.0031,1.48,,,,
924,528,289.4,0.131111,0.05,13.598,0.0062,1.48,,,,
925,531,283.34,0.139912,0.05,14.1809,0.0154,1.465,,,,
926,514,289.68,0.119736,0.05,13.5304,0.0062,1.48,,,,
927,513,291.7,0.129665,0.05,13.3333,0.0031,1.485,,,,
928,524,292.54,0.114552,0.05,12.3579,0.0062,1.495,,,,
929,513,285.66,0.128447,0.05,13.4812,0.0093,1.465,,,,
930,509,291.78,0.125367,0.05,12.8451,0.0031,1.485,,,,
931,510,294.78,0.1264,0.05,11.6054,0.0,1.495,,,,
932,511,289.7,0.122208,0.05,13.5763,0.0031,1.475,,,,
933,508,292.82,0.123733,0.05,12.4664,0.0031,1.49,,,,
934,506,292.86,0.136814,0.05,11.7785,0.0031,1.49,,,,
935,523,292.52,0.141003,0.05,11.8121,0.0031,1.49,,,,
936,523,291.5,0.124892,0.05,13.3502,0.0031,1.485,,,,
937,527,287.38,0.146731,0.05,13.1973,0.0062,1.47,,,,
938,547,279.88,0.125026,0.05,14.3229,0.0093,1.44,,,,
939,512,284.7,0.127133,0.05,13.6519,0.0123,1.465,,,,
940,510,290.78,0.137187,0.05,13.5522,0.0062,1.485,,,,
941,523,285.46,0.131726,0.05,13.0546,0.0093,1.465,,,,
942,522,293.56,0.120517,0.05,11.5552,0.0031,1.495,,,,
943,508,283.8,0.120691,0.05,13.5154,0.0154,1.465,,,,
944,520,288.54,0.134162,0.05,13.8983,0.0062,1.475,,,,
945,517,286.6,0.136109,0.05,13.6224,0.0093,1.47,,,,
946,521,292.52,0.111544,0.05,12.963,0.0,1.485,,,,
947,508,291.8,0.126761,0.05,12.6936,0.0031,1.485,,,,
948,523,293.5,0.123361,0.05,13.7752,0.0,1.49,,,,
949,517,289.58,0.130392,0.05,12.8983,0.0031,1.475,,,,
950,509,293.78,0.102734,0.05,13.1879,0.0,1.49,,,,
951,530,284.34,0.138772,0.05,13.8225,0.0123,1.465,,,,
952,513,291.7,0.130169,0.05,13.5185,0.0031,1.485,,,,
953,536,288.18,0.125891,0.05,13.7245,0.0031,1.47,,,,
954,524,291.48,0.12428,0.05,12.6431,0.0031,1.485,,,,
955,528,292.42,0.117488,0.05,12.4832,0.0031,1.49,,,,
956,520,280.54,0.105535,0.05,13.7973,0.0184,1.455,,,,
957,518,294.62,0.136981,0.05,12.2408,0.0,1.495,,,,
958,516,291.68,0.118553,0.05,11.4765,0.0062,1.49,,,,
959,528,290.38,0.140792,0.05,13.8851,0.0031,1.48,,,,
960,528,290.38,0.122836,0.05,12.8041,0.0031,1.48,,,,
961,513,291.66,0.121847,0.05,12.8041,0.0,1.48,,,,
962,527,287.42,0.132962,0.05,13.5763,0.0093,1.475,,,,
963,509,289.78,0.130549,0.05,13.2264,0.0062,1.48,,,,
964,537,292.24,0.125329,0.05,12.5336,0.0031,1.49,,,,
965,516,290.62,0.125124,0.05,13.6149,0.0031,1.48,,,,
966,538,293.2,0.124793,0.05,13.9765,0.0,1.49,,,,
967,503,291.9,0.132026,0.05,12.7273,0.0031,1.485,,,,
968,509,290.76,0.1134,0.05,12.2973,0.0031,1.48,,,,
969,542,287.08,0.12783,0.05,13.9796,0.0062,1.47,,,,
970,520,281.52,0.134886,0.05,13.2131,0.0154,1.455,,,,
971,514,289.64,0.129937,0.05,13.2542,0.0031,1.475,,,,
972,521,285.5,0.12208,0.05,12.1502,0.0093,1.465,,,,
973,524,284.46,0.126173,0.05,13.4471,0.0123,1.465,,,,
974,517,291.62,0.114866,0.05,12.5926,0.0031,1.485,,,,
975,533,288.28,0.120523,0.05,14.3051,0.0062,1.475,,,,
976,526,290.42,0.129869,0.05,14.5777,0.0031,1.48,,,,
977,528,282.38,0.133857,0.05,14.0068,0.0154,1.46,,,,
978,508,291.8,0.119533,0.05,13.165,0.0031,1.485,,,,
979,519,285.54,0.134928,0.05,12.9352,0.0093,1.465,,,,
980,529,287.34,0.127273,0.05,13.7925,0.0062,1.47,,,,
981,509,291.78,0.132876,0.05,13.0303,0.0031,1.485,,,,
982,515,287.66,0.117873,0.05,12.7627,0.0093,1.475,,,,
983,524,281.44,0.129249,0.05,12.8351,0.0154,1.455,,,,
984,516,288.62,0.126368,0.05,13.2712,0.0062,1.475,,,,
985,514,291.68,0.116806,0.05,11.8687,0.0031,1.485,,,,
986,535,290.24,0.131932,0.05,12.7196,0.0031,1.48,,,,
987,517,286.6,0.114668,0.05,12.2449,0.0093,1.47,,,,
988,537,290.16,0.121047,0.05,13.9661,0.0,1.475,,,,
989,513,290.68,0.11736,0.05,12.4831,0.0031,1.48,,,,
990,525,288.4,0.142669,0.05,13.5034,0.0031,1.47,,,,
991,512,295.76,0.117495,0.05,12.15,0.0,1.5,,,,
992,528,291.4,0.108987,0.05,12.6599,0.0031,1.485,,,,
993,539,292.16,0.126216,0.05,14.3098,0.0,1.485,,,,
994,516,296.7,0.136182,0.05,12.2591,0.0,1.505,,,,
995,523,293.54,0.105619,0.05,12.4749,0.0031,1.495,,,,
996,525,289.42,0.122747,0.05,12.4237,0.0031,1.475,,,,
997,541,285.1,0.120872,0.05,14.1126,0.0093,1.465,,,,
998,507,295.9,0.127398,0.05,11.4784,0.0031,1.505,,,,
999,518,290.58,0.137749,0.05,13.2432,0.0031,1.48,,,,
1000,516,291.64,0.138824,0.05,13.8215,0.0031,1.485,299.1,11.0561,0.0,1.515
1001,525,288.44,0.124203,0.05,13.0508,0.0062,1.475,,,,
1002,523,291.5,0.124933,0.05,12.4074,0.0031,1.485,,,,
1003,521,288.52,0.120215,0.05,13.9153,0.0062,1.475,,,,
1004,528,291.36,0.135506,0.05,12.8885,0.0,1.48,,,,
1005,524,291.44,0.132058,0.05,12.7196,0.0,1.48,,,,
1006,549,279.88,0.132062,0.05,14.7059,0.0123,1.445,,,,
1007,534,289.28,0.119848,0.05,12.5507,0.0062,1.48,,,,
1008,539,286.12,0.125807,0.05,13.1911,0.0062,1.465,,,,
1009,521,280.48,0.108797,0.05,13.2586,0.0154,1.45,,,,
1010,519,290.56,0.127425,0.05,12.1284,0.0031,1.48,,,,
1011,514,294.74,0.126067,0.05,11.1667,0.0031,1.5,,,,
1012,522,291.52,0.125578,0.05,12.3737,0.0031,1.485,,,,
1013,522,285.44,0.122219,0.05,13.9041,0.0062,1.46,,,,
1014,529,289.34,0.121038,0.05,12.6271,0.0031,1.475,,,,
1015,540,283.08,0.119312,0.05,13.9863,0.0093,1.455,,,,
1016,582,238.24,0.131584,0.05,15.0372,0.0725,1.345,,,,
1017,547,278.82,0.123565,0.05,14.6503,0.0062,1.43,,,,
1018,525,277.34,0.127775,0.05,13.9721,0.0154,1.435,,,,
1019,535,285.18,0.129335,0.05,13.4075,0.0062,1.46,,,,
1020,514,292.7,0.135249,0.05,11.9799,0.0031,1.49,,,,
1021,519,290.56,0.1158,0.05,13.1588,0.0031,1.48,,,,
1022,526,287.4,0.125506,0.05,13.9626,0.0062,1.47,,,,
1023,510,289.72,0.128914,0.05,13.0508,0.0031,1.475,,,,
1024,515,290.64,0.122974,0.05,12.9392,0.0031,1.48,,,,
1025,521,286.52,0.129787,0.05,12.449,0.0093,1.47,,,,
1026,524,289.48,0.117409,0.05,13.5811,0.0062,1.48,,,,
1027,532,290.3,0.119121,0.05,13.2601,0.0031,1.48,,,,
1028,520,284.54,0.122023,0.05,13.1741,0.0123,1.465,,,,
1029,522,293.52,0.116353,0.05,12.7517,0.0,1.49,,,,
1030,546,286.96,0.118052,0.05,13.8737,0.0031,1.465,,,,
1031,536,275.16,0.133146,0.05,14.1812,0.0214,1.435,,,,
1032,534,287.2,0.142043,0.05,14.6587,0.0031,1.465,,,,
1033,530,286.34,0.124813,0.05,13.8095,0.0093,1.47,,,,
1034,517,290.6,0.153181,0.05,12.9392,0.0031,1.48,,,,
1035,519,289.58,0.1256,0.05,13.5304,0.0062,1.48,,,,
1036,538,283.16,0.119233,0.05,14.3493,0.0123,1.46,,,,
1037,527,289.38,0.116058,0.05,12.8136,0.0031,1.475,,,,
1038,517,290.68,0.129225,0.05,11.6946,0.0093,1.49,,,,
1039,517,289.62,0.124485,0.05,12.7027,0.0062,1.48,,,,
1040,510,289.76,0.130354,0.05,13.3784,0.0062,1.48,,,,
1041,518,290.58,0.136601,0.05,12.9054,0.0031,1.48,,,,
1042,512,287.72,0.13329,0.05,14.0,0.0093,1.475,,,,
1043,513,287.7,0.147744,0.05,11.9661,0.0093,1.475,,,,
1044,550,281.9,0.101279,0.05,14.6907,0.0123,1.455,,,,
1045,530,285.28,0.12364,0.05,13.8699,0.0062,1.46,,,,
1046,519,292.6,0.124495,0.05,12.2987,0.0031,1.49,,,,
1047,518,285.56,0.130589,0.05,13.0887,0.0093,1.465,,,,
1048,531,294.4,0.119733,0.05,11.9667,0.0031,1.5,,,,
1049,519,277.46,0.134633,0.05,13.6934,0.0154,1.435,,,,
1050,534,287.28,0.13451,0.05,14.2881,0.0093,1.475,,,,
1051,515,289.62,0.139485,0.05,11.8644,0.0031,1.475,,,,
1052,515,291.66,0.12987,0.05,13.9731,0.0031,1.485,,,,
1053,511,293.74,0.119632,0.05,12.349,0.0,1.49,,,,
1054,516,291.64,0.119765,0.05,12.1044,0.0031,1.485,,,,
1055,537,286.16,0.139828,0.05,14.0444,0.0062,1.465,,,,
1056,533,290.28,0.127936,0.05,14.3412,0.0031,1.48,,,,
1057,525,282.36,0.138489,0.05,14.1552,0.0093,1.45,,,,
1058,520,292.54,0.134325,0.05,13.0303,0.0,1.485,,,,
1059,563,282.58,0.110315,0.05,14.8966,0.0062,1.45,,,,
1060,530,290.34,0.117561,0.05,12.8716,0.0031,1.48,,,,
1061,554,283.78,0.124989,0.05,14.5361,0.0062,1.455,,,,
1062,523,287.46,0.132807,0.05,13.2823,0.0062,1.47,,,,
1063,514,296.74,0.117458,0.05,11.7608,0.0,1.505,,,,
1064,520,280.54,0.129012,0.05,13.2302,0.0184,1.455,,,,
1065,513,285.7,0.132144,0.05,13.2483,0.0123,1.47,,,,
1066,513,289.7,0.140142,0.05,13.8007,0.0062,1.48,,,,
1067,517,289.62,0.129736,0.05,13.0405,0.0062,1.48,,,,
1068,527,289.42,0.126526,0.05,14.0034,0.0062,1.48,,,,
1069,531,288.32,0.127571,0.05,14.3898,0.0062,1.475,,,,
1070,517,294.64,0.131064,0.05,12.6923,0.0,1.495,,,,
1071,532,293.32,0.103248,0.05,13.6074,0.0,1.49,,,,
1072,537,292.24,0.12144,0.05,12.2987,0.0031,1.49,,,,
1073,521,291.54,0.126916,0.05,12.4411,0.0031,1.485,,,,
1074,518,289.6,0.123006,0.05,13.2939,0.0062,1.48,,,,
1075,516,291.64,0.142449,0.05,12.7609,0.0031,1.485,,,,
1076,513,289.7,0.129699,0.05,13.3953,0.0062,1.48,,,,
1077,523,290.48,0.128972,0.05,13.1419,0.0031,1.48,,,,
1078,513,291.7,0.13529,0.05,12.4916,0.0031,1.485,,,,
1079,538,278.14,0.134016,0.05,14.0138,0.0184,1.445,,,,
1080,517,291.62,0.106584,0.05,12.5926,0.0031,1.485,,,,
1081,522,290.5,0.136669,0.05,13.4122,0.0031,1.48,,,,
1082,526,290.46,0.113179,0.05,12.3064,0.0062,1.485,,,,
1083,512,286.7,0.114784,0.05,13.1803,0.0093,1.47,,,,
1084,516,285.6,0.129871,0.05,13.5666,0.0093,1.465,,,,
1085,505,291.82,0.118656,0.05,12.1622,0.0,1.48,,,,
1086,507,286.8,0.138579,0.05,13.6054,0.0093,1.47,,,,
1087,522,287.48,0.114166,0.05,13.9116,0.0062,1.47,,,,
1088,518,291.56,0.129443,0.05,13.125,0.0,1.48,,,,
1089,533,291.3,0.125968,0.05,13.8384,0.0031,1.485,,,,
1090,523,289.5,0.134245,0.05,13.7838,0.0062,1.48,,,,
1091,520,291.52,0.111701,0.05,12.6689,0.0,1.48,,,,
1092,533,289.26,0.13438,0.05,14.9322,0.0031,1.475,,,,
1093,523,290.48,0.124851,0.05,13.3784,0.0031,1.48,,,,
1094,529,289.34,0.117752,0.05,13.5763,0.0031,1.475,,,,
1095,523,294.52,0.144436,0.05,12.3579,0.0,1.495,,,,
1096,520,290.54,0.125031,0.05,13.4459,0.0031,1.48,,,,
1097,515,294.72,0.116492,0.05,11.5167,0.0031,1.5,,,,
1098,515,288.64,0.131902,0.05,13.6271,0.0062,1.475,,,,
1099,511,290.72,0.122841,0.05,13.0743,0.0031,1.48,,,,
1100,520,295.6,0.115094,0.05,12.45,0.0,1.5,,,,
1101,504,290.86,0.116749,0.05,12.0946,0.0031,1.48,,,,
1102,512,289.72,0.143752,0.05,13.6655,0.0062,1.48,,,,
1103,649,33.72,0.133898,0.05,10.9509,0.276,0.815,,,,
1104,687,-43.16,0.175978,0.05,11.0246,0.3291,0.61,,,,
1105,596,163.72,0.177137,0.05,13.5177,0.1489,1.13,,,,
1106,532,289.28,0.161648,0.05,12.9322,0.0031,1.475,,,,
1107,531,286.32,0.189186,0.05,13.1973,0.0093,1.47,,,,
1108,542,287.12,0.14599,0.05,14.0339,0.0093,1.475,,,,
1109,544,288.06,0.167218,0.05,14.9492,0.0062,1.475,,,,
1110,517,285.62,0.133428,0.05,13.7755,0.0123,1.47,,,,
1111,533,292.28,0.131,0.05,13.569,0.0,1.485,,,,
1112,526,279.4,0.150877,0.05,13.4655,0.0184,1.45,,,,
1113,521,283.5,0.149036,0.05,13.9384,0.0123,1.46,,,,
1114,518,296.66,0.153286,0.05,11.9767,0.0,1.505,,,,
1115,520,292.54,0.128916,0.05,13.6869,0.0,1.485,,,,
1116,534,286.22,0.120547,0.05,14.2321,0.0062,1.465,,,,
1117,515,290.64,0.147432,0.05,13.2264,0.0031,1.48,,,,
1118,515,290.64,0.139701,0.05,12.5676,0.0031,1.48,,,,
1119,531,289.34,0.138748,0.05,13.5473,0.0062,1.48,,,,
1120,512,288.7,0.14974,0.05,12.661,0.0062,1.475,,,,
1121,522,288.5,0.127965,0.05,14.1356,0.0062,1.475,,,,
1122,516,288.58,0.13346,0.05,12.8741,0.0031,1.47,,,,
1123,517,286.6,0.12012,0.05,13.8435,0.0093,1.47,,,,
1124,512,287.72,0.130766,0.05,13.0678,0.0093,1.475,,,,
1125,508,292.78,0.126,0.05,13.6195,0.0,1.485,,,,
1126,528,292.38,0.139872,0.05,13.5017,0.0,1.485,,,,
1127,520,287.48,0.124044,0.05,13.3618,0.0031,1.465,,,,
1128,529,291.34,0.127282,0.05,13.6486,0.0,1.48,,,,
1129,520,294.62,0.149491,0.05,12.5667,0.0031,1.5,,,,
1130,518,277.56,0.131541,0.05,13.1142,0.0214,1.445,,,,
1131,527,291.38,0.136041,0.05,13.3108,0.0,1.48,,,,
1132,525,290.44,0.135114,0.05,13.0912,0.0031,1.48,,,,
1133,530,290.34,0.136711,0.05,13.6318,0.0031,1.48,,,,
1134,511,291.74,0.135142,0.05,12.8451,0.0031,1.485,,,,
1135,537,283.14,0.126102,0.05,13.9863,0.0093,1.455,,,,
1136,517,285.54,0.145031,0.05,12.4658,0.0062,1.46,,,,
1137,512,291.72,0.125431,0.05,13.9394,0.0031,1.485,,,,
1138,503,292.88,0.121539,0.05,12.7946,0.0,1.485,,,,
1139,531,288.32,0.121497,0.05,13.4576,0.0062,1.475,,,,
1140,519,289.58,0.131183,0.05,12.027,0.0062,1.48,,,,
1141,520,288.54,0.12808,0.05,12.1356,0.0062,1.475,,,,
1142,524,293.48,0.13401,0.05,13.2047,0.0,1.49,,,,
1143,515,285.66,0.144441,0.05,13.8095,0.0123,1.47,,,,
1144,546,289.04,0.135078,0.05,14.8649,0.0062,1.48,,,,
1145,510,285.72,0.139327,0.05,12.6451,0.0093,1.465,,,,
1146,525,282.4,0.126629,0.05,14.0893,0.0123,1.455,,,,
1147,509,291.74,0.133262,0.05,13.277,0.0,1.48,,,,
1148,517,286.6,0.124346,0.05,13.1463,0.0093,1.47,,,,
1149,522,289.48,0.109845,0.05,13.4915,0.0031,1.475,,,,
1150,513,284.68,0.142147,0.05,13.6689,0.0123,1.465,,,,
1151,541,282.04,0.133411,0.05,14.1207,0.0093,1.45,,,,
1152,508,287.8,0.11876,0.05,13.5254,0.0093,1.475,,,,
1153,509,290.76,0.121838,0.05,13.0405,0.0031,1.48,,,,
1154,522,288.46,0.14387,0.05,12.8061,0.0031,1.47,,,,
1155,517,288.6,0.120767,0.05,13.7966,0.0062,1.475,,,,
1156,509,291.78,0.139431,0.05,13.0135,0.0031,1.485,,,,
1157,504,290.86,0.132933,0.05,13.598,0.0031,1.48,,,,
1158,534,291.24,0.132914,0.05,13.75,0.0,1.48,,,,
1159,512,285.72,0.122982,0.05,12.7381,0.0123,1.47,,,,
1160,517,282.6,0.118262,0.05,13.7842,0.0154,1.46,,,,
1161,534,284.22,0.116779,0.05,14.0753,0.0093,1.46,,,,
1162,516,289.64,0.134503,0.05,12.973,0.0062,1.48,,,,
1163,527,284.44,0.125953,0.05,13.4354,0.0154,1.47,,,,
1164,522,288.54,0.122585,0.05,12.6689,0.0093,1.48,,,,
1165,532,284.26,0.123195,0.05,13.8185,0.0093,1.46,,,,
1166,524,284.42,0.122486,0.05,13.1849,0.0093,1.46,,,,
1167,529,287.38,0.128092,0.05,14.3898,0.0093,1.475,,,,
1168,527,281.38,0.129885,0.05,14.3127,0.0154,1.455,,,,
1169,523,289.5,0.11807,0.05,13.2264,0.0062,1.48,,,,
1170,525,287.42,0.11215,0.05,13.1463,0.0062,1.47,,,,
1171,532,292.3,0.151793,0.05,12.1886,0.0,1.485,,,,
1172,539,284.08,0.136249,0.05,14.0722,0.0062,1.455,,,,
1173,507,286.8,0.128587,0.05,13.5204,0.0093,1.47,,,,
1174,512,293.72,0.127965,0.05,12.7517,0.0,1.49,,,,
1175,530,289.36,0.123064,0.05,13.4797,0.0062,1.48,,,,
1176,517,289.62,0.134238,0.05,13.8007,0.0062,1.48,,,,
1177,523,284.48,0.129881,0.05,13.413,0.0123,1.465,,,,
1178,524,288.46,0.134726,0.05,13.5932,0.0062,1.475,,,,
1179,523,293.5,0.138008,0.05,13.2886,0.0,1.49,,,,
1180,516,292.62,0.129647,0.05,12.5758,0.0,1.485,,,,
1181,514,287.68,0.133994,0.05,13.4746,0.0093,1.475,,,,
1182,535,286.2,0.130571,0.05,13.5154,0.0062,1.465,,,,
1183,525,289.42,0.150133,0.05,13.0847,0.0031,1.475,,,,
1184,516,291.64,0.140021,0.05,13.1313,0.0031,1.485,,,,
1185,509,292.8,0.133626,0.05,11.7785,0.0031,1.49,,,,
1186,527,289.42,0.12542,0.05,13.2095,0.0062,1.48,,,,
1187,513,294.72,0.128111,0.05,11.8562,0.0,1.495,,,,
1188,541,288.12,0.134701,0.05,14.7627,0.0062,1.475,,,,
1189,522,289.52,0.123093,0.05,13.5304,0.0062,1.48,,,,
1190,515,285.66,0.130016,0.05,13.3333,0.0123,1.47,,,,
1191,526,287.44,0.113395,0.05,13.4915,0.0093,1.475,,,,
1192,517,293.62,0.111551,0.05,13.5235,0.0,1.49,,,,
1193,531,287.3,0.126474,0.05,13.5204,0.0062,1.47,,,,
1194,525,286.44,0.129393,0.05,13.5204,0.0093,1.47,,,,
1195,530,290.3,0.115835,0.05,13.4915,0.0,1.475,,,,
1196,532,285.28,0.126111,0.05,13.942,0.0093,1.465,,,,
1197,530,289.36,0.140832,0.05,13.9358,0.0062,1.48,,,,
1198,537,290.2,0.140281,0.05,14.2736,0.0031,1.48,,,,
1199,525,286.44,0.122032,0.05,12.7381,0.0093,1.47,,,,
1200,518,288.58,0.141912,0.05,13.6271,0.0062,1.475,299.1,11.0561,0.0,1.515
1201,521,291.54,0.11528,0.05,14.1919,0.0031,1.485,,,,
1202,524,287.48,0.116823,0.05,12.9831,0.0093,1.475,,,,
1203,523,289.46,0.129347,0.05,13.2373,0.0031,1.475,,,,
1204,509,288.8,0.141699,0.05,12.7703,0.0093,1.48,,,,
1205,511,293.74,0.14437,0.05,12.6846,0.0,1.49,,,,
1206,514,291.64,0.14072,0.05,12.6689,0.0,1.48,,,,
1207,546,273.94,0.139628,0.05,14.8077,0.0214,1.43,,,,
1208,538,282.02,0.128719,0.05,14.0104,0.0031,1.44,,,,
1209,587,243.98,0.11705,0.05,14.4403,0.0533,1.34,,,,
1210,534,285.24,0.120125,0.05,14.0273,0.0093,1.465,,,,
1211,521,289.5,0.121514,0.05,13.7119,0.0031,1.475,,,,
1212,522,287.48,0.122246,0.05,12.8231,0.0062,1.47,,,,
1213,519,294.6,0.135538,0.05,12.2742,0.0,1.495,,,,
1214,522,293.52,0.135016,0.05,12.5839,0.0,1.49,,,,
1215,524,289.48,0.126775,0.05,13.2095,0.0062,1.48,,,,
1216,527,290.44,0.123385,0.05,13.9394,0.0062,1.485,,,,
1217,521,291.5,0.132269,0.05,12.652,0.0,1.48,,,,
1218,548,287.94,0.124108,0.05,14.7959,0.0031,1.47,,,,
1219,540,284.1,0.134725,0.05,14.0582,0.0093,1.46,,,,
1220,517,288.6,0.132132,0.05,13.0339,0.0062,1.475,,,,
1221,506,289.84,0.142053,0.05,13.1081,0.0062,1.48,,,,
1222,511,288.72,0.12341,0.05,12.5593,0.0062,1.475,,,,
1223,522,284.46,0.126082,0.05,13.7158,0.0093,1.46,,,,
1224,541,279.1,0.120097,0.05,14.4828,0.0184,1.45,,,,
1225,523,287.46,0.141173,0.05,13.4014,0.0062,1.47,,,,
1226,523,283.46,0.107747,0.05,13.476,0.0123,1.46,,,,
1227,525,292.48,0.128305,0.05,12.6846,0.0031,1.49,,,,
1228,519,293.58,0.128566,0.05,12.5839,0.0,1.49,,,,
1229,523,294.56,0.109712,0.05,11.8667,0.0031,1.5,,,,
1230,512,293.76,0.135366,0.05,12.1572,0.0031,1.495,,,,
1231,518,290.58,0.130753,0.05,12.3818,0.0031,1.48,,,,
1232,523,289.42,0.136433,0.05,13.6224,0.0,1.47,,,,
1233,509,291.78,0.128092,0.05,12.9125,0.0031,1.485,,,,
1234,537,289.22,0.128259,0.05,14.2399,0.0062,1.48,,,,
1235,524,284.46,0.136166,0.05,13.4812,0.0123,1.465,,,,
1236,514,284.66,0.126466,0.05,13.7372,0.0123,1.465,,,,
1237,511,288.72,0.133307,0.05,12.5085,0.0062,1.475,,,,
1238,504,289.88,0.13522,0.05,13.2095,0.0062,1.48,,,,
1239,506,280.86,0.112652,0.05,12.9281,0.0214,1.46,,,,
1240,524,286.42,0.129077,0.05,13.7884,0.0062,1.465,,,,
1241,505,286.8,0.12499,0.05,13.157,0.0062,1.465,,,,
1242,546,286.02,0.130153,0.05,14.3027,0.0093,1.47,,,,
1243,526,282.34,0.123303,0.05,13.5862,0.0093,1.45,,,,
1244,531,293.34,0.143051,0.05,12.9866,0.0,1.49,,,,
1245,524,285.4,0.147231,0.05,13.5959,0.0062,1.46,,,,
1246,508,286.78,0.114131,0.05,12.381,0.0093,1.47,,,,
1247,516,288.58,0.118311,0.05,12.2449,0.0031,1.47,,,,
1248,516,290.58,0.121566,0.05,13.4237,0.0,1.475,,,,
1249,522,291.52,0.129316,0.05,12.7946,0.0031,1.485,,,,
1250,505,292.92,0.127752,0.05,11.7559,0.0062,1.495,,,,
1251,523,292.52,0.116104,0.05,11.9966,0.0031,1.49,,,,
1252,522,288.5,0.120926,0.05,13.6271,0.0062,1.475,,,,
1253,511,293.74,0.130538,0.05,13.6409,0.0,1.49,,,,
1254,514,288.66,0.119625,0.05,13.0169,0.0062,1.475,,,,
1255,540,277.08,0.126068,0.05,15.0521,0.0184,1.44,,,,
1256,528,282.38,0.109679,0.05,13.0993,0.0154,1.46,,,,
1257,536,291.24,0.131646,0.05,13.0976,0.0031,1.485,,,,
1258,535,286.24,0.131524,0.05,13.3673,0.0093,1.47,,,,
1259,543,291.1,0.124441,0.05,14.0236,0.0031,1.485,,,,
1260,511,294.76,0.136511,0.05,12.0736,0.0,1.495,,,,
1261,523,282.44,0.12615,0.05,13.7457,0.0123,1.455,,,,
1262,514,291.64,0.111037,0.05,12.6858,0.0,1.48,,,,
1263,514,284.62,0.128274,0.05,13.0479,0.0093,1.46,,,,
1264,529,291.38,0.120445,0.05,13.6027,0.0031,1.485,,,,
1265,506,292.82,0.127026,0.05,13.1313,0.0,1.485,,,,
1266,508,289.8,0.155596,0.05,12.6014,0.0062,1.48,,,,
1267,522,287.52,0.107126,0.05,13.5254,0.0093,1.475,,,,
1268,516,287.6,0.134486,0.05,13.5034,0.0062,1.47,,,,
1269,516,286.62,0.130947,0.05,13.6735,0.0093,1.47,,,,
1270,529,285.3,0.131768,0.05,13.9384,0.0062,1.46,,,,
1271,517,294.68,0.12003,0.05,11.4833,0.0031,1.5,,,,
1272,511,295.78,0.119869,0.05,11.45,0.0,1.5,,,,
1273,531,284.24,0.10807,0.05,14.2096,0.0062,1.455,,,,
1274,512,285.72,0.119308,0.05,13.4864,0.0123,1.47,,,,
1275,511,293.74,0.111225,0.05,12.4329,0.0,1.49,,,,
1276,510,287.72,0.128279,0.05,12.6871,0.0062,1.47,,,,
1277,515,283.66,0.118154,0.05,13.7031,0.0154,1.465,,,,
1278,510,291.76,0.121971,0.05,12.3232,0.0031,1.485,,,,
1279,515,289.62,0.130481,0.05,13.6102,0.0031,1.475,,,,
1280,523,290.48,0.125653,0.05,13.1419,0.0031,1.48,,,,
1281,522,290.54,0.124905,0.05,12.862,0.0062,1.485,,,,
1282,510,293.76,0.122063,0.05,12.651,0.0,1.49,,,,
1283,537,287.14,0.143548,0.05,13.942,0.0031,1.465,,,,
1284,524,286.42,0.121419,0.05,13.8396,0.0062,1.465,,,,
1285,516,287.56,0.105033,0.05,12.1672,0.0031,1.465,,,,
1286,539,289.14,0.12687,0.05,13.9322,0.0031,1.475,,,,
1287,529,287.34,0.113097,0.05,13.9116,0.0062,1.47,,,,
1288,535,294.32,0.132153,0.05,12.8667,0.0031,1.5,,,,
1289,522,291.52,0.11466,0.05,13.8889,0.0031,1.485,,,,
1290,537,289.18,0.12105,0.05,13.5932,0.0031,1.475,,,,
1291,531,292.4,0.116184,0.05,11.7224,0.0062,1.495,,,,
1292,536,286.14,0.10494,0.05,13.3219,0.0031,1.46,,,,
1293,518,288.62,0.121996,0.05,13.3108,0.0093,1.48,,,,
1294,524,283.48,0.125565,0.05,13.2423,0.0154,1.465,,,,
1295,529,285.34,0.125952,0.05,13.5836,0.0093,1.465,,,,
1296,510,285.68,0.144645,0.05,13.1678,0.0062,1.46,,,,
1297,515,288.68,0.141767,0.05,12.6182,0.0093,1.48,,,,
1298,518,287.6,0.135676,0.05,11.9661,0.0093,1.475,,,,
1299,533,292.32,0.130706,0.05,12.0973,0.0031,1.49,,,,
1300,513,296.76,0.122907,0.05,11.7774,0.0,1.505,,,,
1301,524,294.54,0.126517,0.05,11.8333,0.0031,1.5,,,,
1302,531,294.4,0.12292,0.05,12.5333,0.0031,1.5,,,,
1303,508,292.82,0.136777,0.05,12.4832,0.0031,1.49,,,,
1304,509,291.86,0.138348,0.05,11.3378,0.0093,1.495,,,,
1305,518,290.58,0.13005,0.05,13.1757,0.0031,1.48,,,,
1306,522,289.48,0.125128,0.05,12.9661,0.0031,1.475,,,,
1307,521,289.54,0.137012,0.05,13.277,0.0062,1.48,,,,
1308,512,291.68,0.131782,0.05,12.8209,0.0,1.48,,,,
1309,523,286.48,0.112713,0.05,13.7585,0.0093,1.47,,,,
1310,524,289.44,0.114734,0.05,13.0678,0.0031,1.475,,,,
1311,519,285.54,0.140824,0.05,12.9863,0.0093,1.465,,,,
1312,532,290.3,0.135278,0.05,12.8041,0.0031,1.48,,,,
1313,518,292.58,0.124077,0.05,11.6162,0.0,1.485,,,,
1314,543,293.14,0.124006,0.05,12.5418,0.0031,1.495,,,,
1315,520,288.54,0.148956,0.05,12.9492,0.0062,1.475,,,,
1316,508,291.8,0.139972,0.05,12.2054,0.0031,1.485,,,,
1317,512,292.7,0.142428,0.05,13.6027,0.0,1.485,,,,
1318,517,294.64,0.125976,0.05,12.291,0.0,1.495,,,,
1319,518,287.6,0.127344,0.05,12.8475,0.0093,1.475,,,,
1320,530,290.34,0.123173,0.05,13.9358,0.0031,1.48,,,,
1321,534,285.16,0.110574,0.05,13.7457,0.0031,1.455,,,,
1322,515,294.72,0.117686,0.05,11.4167,0.0031,1.5,,,,
1323,528,287.36,0.134802,0.05,12.466,0.0062,1.47,,,,
1324,517,294.68,0.133184,0.05,11.9333,0.0031,1.5,,,,
1325,514,283.68,0.105481,0.05,13.9249,0.0154,1.465,,,,
1326,521,295.58,0.129818,0.05,11.8167,0.0,1.5,,,,
1327,535,285.22,0.136354,0.05,14.198,0.0093,1.465,,,,
1328,511,290.8,0.12168,0.05,11.5268,0.0093,1.49,,,,
1329,547,282.94,0.13086,0.05,14.7423,0.0093,1.455,,,,
1330,517,291.62,0.113632,0.05,12.4411,0.0031,1.485,,,,
1331,512,287.72,0.128311,0.05,13.5254,0.0093,1.475,,,,
1332,514,289.68,0.125753,0.05,12.973,0.0062,1.48,,,,
1333,525,288.4,0.126883,0.05,13.7585,0.0031,1.47,,,,
1334,528,275.2,0.144029,0.05,13.3451,0.0123,1.42,,,,
1335,513,293.7,0.11458,0.05,13.3725,0.0,1.49,,,,
1336,518,289.6,0.149382,0.05,12.9899,0.0062,1.48,,,,
1337,528,295.48,0.142209,0.05,11.5615,0.0031,1.505,,,,
1338,508,286.78,0.118491,0.05,13.4014,0.0093,1.47,,,,
1339,514,290.66,0.122462,0.05,12.1115,0.0031,1.48,,,,
1340,527,293.42,0.129283,0.05,13.6745,0.0,1.49,,,,
1341,516,294.66,0.124465,0.05,11.99,0.0,1.495,,,,
1342,521,290.48,0.126985,0.05,12.9492,0.0,1.475,,,,
1343,529,282.32,0.13969,0.05,12.6289,0.0123,1.455,,,,
1344,521,287.5,0.13046,0.05,13.4184,0.0062,1.47,,,,
1345,518,288.58,0.117176,0.05,12.8305,0.0062,1.475,,,,
1346,530,288.34,0.129085,0.05,13.3729,0.0062,1.475,,,,
1347,526,289.4,0.12559,0.05,13.3729,0.0031,1.475,,,,
1348,508,284.78,0.129335,0.05,12.4403,0.0123,1.465,,,,
1349,530,286.3,0.125122,0.05,14.0444,0.0062,1.465,,,,
1350,521,286.52,0.111201,0.05,13.8946,0.0093,1.47,,,,
1351,518,280.58,0.129354,0.05,13.3162,0.0184,1.455,,,,
1352,532,289.32,0.139433,0.05,12.7196,0.0062,1.48,,,,
1353,513,293.74,0.125399,0.05,11.6555,0.0031,1.495,,,,
1354,523,294.56,0.122356,0.05,11.85,0.0031,1.5,,,,
1355,538,285.08,0.127332,0.05,14.1237,0.0031,1.455,,,,
1356,520,295.6,0.118055,0.05,11.4833,0.0,1.5,,,,
1357,516,294.7,0.117291,0.05,11.85,0.0031,1.5,,,,
1358,522,285.48,0.125999,0.05,13.3618,0.0093,1.465,,,,
1359,508,293.8,0.120634,0.05,12.8523,0.0,1.49,,,,
1360,528,288.38,0.146366,0.05,13.2542,0.0062,1.475,,,,
1361,519,288.56,0.134587,0.05,14.2373,0.0062,1.475,,,,
1362,527,283.38,0.109352,0.05,13.7329,0.0123,1.46,,,,
1363,520,285.52,0.113216,0.05,13.1911,0.0093,1.465,,,,
1364,535,286.24,0.129183,0.05,13.3503,0.0093,1.47,,,,
1365,520,292.54,0.118821,0.05,13.3838,0.0,1.485,,,,
1366,532,293.32,0.121201,0.05,13.4396,0.0,1.49,,,,
1367,521,287.46,0.111931,0.05,12.9693,0.0031,1.465,,,,
1368,520,289.56,0.115229,0.05,13.1419,0.0062,1.48,,,,
1369,525,294.52,0.113176,0.05,11.6833,0.0031,1.5,,,,
1370,517,287.58,0.128849,0.05,12.7381,0.0062,1.47,,,,
1371,519,287.58,0.117166,0.05,13.8136,0.0093,1.475,,,,
1372,518,293.6,0.138089,0.05,13.1208,0.0,1.49,,,,
1373,523,296.56,0.117506,0.05,11.6777,0.0,1.505,,,,
1374,527,288.4,0.123807,0.05,13.4746,0.0062,1.475,,,,
1375,517,292.6,0.135471,0.05,12.6599,0.0,1.485,,,,
1376,515,291.62,0.110204,0.05,12.4155,0.0,1.48,,,,
1377,534,286.22,0.134955,0.05,14.0102,0.0062,1.465,,,,
1378,521,284.48,0.14902,0.05,13.1336,0.0093,1.46,,,,
1379,531,294.36,0.120353,0.05,12.6421,0.0,1.495,,,,
1380,512,288.74,0.1287,0.05,12.5676,0.0093,1.48,,,,
1381,512,289.76,0.136172,0.05,12.1717,0.0093,1.485,,,,
1382,517,284.6,0.105904,0.05,11.9283,0.0123,1.465,,,,
1383,539,296.24,0.124101,0.05,12.4917,0.0,1.505,,,,
1384,532,283.28,0.118526,0.05,13.8356,0.0123,1.46,,,,
1385,513,291.7,0.124031,0.05,12.0202,0.0031,1.485,,,,
1386,509,287.78,0.123984,0.05,12.4068,0.0093,1.475,,,,
1387,511,290.72,0.132219,0.05,13.3277,0.0031,1.48,,,,
1388,519,289.62,0.123006,0.05,12.6094,0.0093,1.485,,,,
1389,522,295.56,0.109018,0.05,12.0,0.0,1.5,,,,
1390,511,285.7,0.115416,0.05,12.1672,0.0093,1.465,,,,
1391,525,292.44,0.122632,0.05,12.6263,0.0,1.485,,,,
1392,521,290.56,0.135884,0.05,12.6936,0.0062,1.485,,,,
1393,520,290.54,0.132707,0.05,13.277,0.0031,1.48,,,,
1394,526,290.42,0.11644,0.05,13.902,0.0031,1.48,,,,
1395,518,292.58,0.119342,0.05,13.6027,0.0,1.485,,,,
1396,528,291.36,0.123652,0.05,13.0574,0.0,1.48,,,,
1397,513,285.7,0.127728,0.05,13.1293,0.0123,1.47,,,,
1398,519,286.56,0.126654,0.05,13.2483,0.0093,1.47,,,,
1399,522,288.5,0.116378,0.05,13.1017,0.0062,1.475,,,,
1400,541,287.06,0.131733,0.05,14.3515,0.0031,1.465,299.08,11.0726,0.0,1.515
1401,523,284.44,0.12419,0.05,12.9966,0.0093,1.46,,,,
1402,520,287.6,0.103288,0.05,12.1959,0.0123,1.48,,,,
1403,515,294.68,0.117829,0.05,12.4247,0.0,1.495,,,,
1404,686,163.92,0.121246,0.05,17.511,0.1467,1.135,,,,
1405,534,289.24,0.134999,0.05,14.0508,0.0031,1.475,,,,
1406,529,284.32,0.143676,0.05,13.2705,0.0093,1.46,,,,
1407,519,286.56,0.132961,0.05,12.7041,0.0093,1.47,,,,
1408,508,289.8,0.120589,0.05,12.3986,0.0062,1.48,,,,
1409,516,294.7,0.129303,0.05,11.7333,0.0031,1.5,,,,
1410,518,285.56,0.113642,0.05,13.8225,0.0093,1.465,,,,
1411,541,289.1,0.129071,0.05,13.8983,0.0031,1.475,,,,
1412,546,283.0,0.142899,0.05,14.2808,0.0123,1.46,,,,
1413,551,285.8,0.121669,0.05,14.4158,0.0,1.455,,,,
1414,552,284.92,0.113887,0.05,14.3367,0.0123,1.47,,,,
1415,552,285.86,0.140146,0.05,14.3515,0.0062,1.465,,,,
1416,518,290.58,0.153365,0.05,12.5507,0.0031,1.48,,,,
1417,524,293.52,0.129495,0.05,12.6756,0.0031,1.495,,,,
1418,512,294.74,0.130361,0.05,11.7893,0.0,1.495,,,,
1419,514,291.72,0.128187,0.05,12.2148,0.0062,1.49,,,,
1420,525,290.4,0.141239,0.05,13.0,0.0,1.475,,,,
1421,515,290.64,0.130464,0.05,12.4324,0.0031,1.48,,,,
1422,512,296.78,0.134303,0.05,11.7276,0.0,1.505,,,,
1423,521,288.52,0.122169,0.05,12.3898,0.0062,1.475,,,,
1424,515,287.66,0.138779,0.05,12.7288,0.0093,1.475,,,,
1425,522,290.54,0.123345,0.05,12.6431,0.0062,1.485,,,,
1426,523,278.4,0.113018,0.05,13.6458,0.0154,1.44,,,,
1427,534,281.24,0.12569,0.05,13.6254,0.0154,1.455,,,,
1428,527,288.4,0.133024,0.05,13.0678,0.0062,1.475,,,,
1429,534,289.24,0.130885,0.05,13.7627,0.0031,1.475,,,,
1430,532,285.24,0.11974,0.05,14.0068,0.0062,1.46,,,,
1431,518,280.54,0.141192,0.05,12.3793,0.0154,1.45,,,,
1432,529,295.42,0.14812,0.05,12.2833,0.0,1.5,,,,
1433,514,289.68,0.135337,0.05,13.0743,0.0062,1.48,,,,
1434,520,289.56,0.127844,0.05,13.3953,0.0062,1.48,,,,
1435,524,288.46,0.12369,0.05,13.4407,0.0062,1.475,,,,
1436,518,294.66,0.138231,0.05,11.75,0.0031,1.5,,,,
1437,518,293.6,0.130434,0.05,12.4832,0.0,1.49,,,,
1438,523,288.44,0.135538,0.05,13.9286,0.0031,1.47,,,,
1439,516,287.6,0.130876,0.05,12.7381,0.0062,1.47,,,,
1440,515,287.66,0.116692,0.05,12.9661,0.0093,1.475,,,,
1441,515,290.72,0.131608,0.05,12.349,0.0093,1.49,,,,
1442,533,288.24,0.108855,0.05,13.8265,0.0031,1.47,,,,
1443,506,293.84,0.128528,0.05,13.1711,0.0,1.49,,,,
1444,509,285.74,0.124139,0.05,13.2765,0.0093,1.465,,,,
1445,512,287.72,0.126853,0.05,13.0678,0.0093,1.475,,,,
1446,507,291.82,0.137888,0.05,12.4242,0.0031,1.485,,,,
1447,511,281.7,0.12369,0.05,13.4192,0.0154,1.455,,,,
1448,510,289.76,0.130897,0.05,12.9561,0.0062,1.48,,,,
1449,526,290.42,0.111185,0.05,12.8716,0.0031,1.48,,,,
1450,515,293.66,0.141156,0.05,13.2886,0.0,1.49,,,,
1451,516,295.72,0.133891,0.05,11.3953,0.0031,1.505,,,,
1452,538,293.2,0.133089,0.05,13.2383,0.0,1.49,,,,
1453,530,294.42,0.127251,0.05,12.05,0.0031,1.5,,,,
1454,543,280.0,0.128367,0.05,14.1176,0.0123,1.445,,,,
1455,529,295.46,0.122679,0.05,12.4419,0.0031,1.505,,,,
1456,527,292.44,0.123837,0.05,12.1477,0.0031,1.49,,,,
1457,524,293.48,0.104911,0.05,13.4564,0.0,1.49,,,,
1458,515,288.64,0.12038,0.05,13.7627,0.0062,1.475,,,,
1459,540,284.02,0.123171,0.05,14.2759,0.0031,1.45,,,,
1460,520,298.66,0.130084,0.05,11.3696,0.0,1.515,,,,
1461,514,288.66,0.140218,0.05,12.2034,0.0062,1.475,,,,
1462,525,290.4,0.135961,0.05,12.9661,0.0,1.475,,,,
1463,519,289.54,0.128395,0.05,12.8475,0.0031,1.475,,,,
1464,518,288.58,0.120491,0.05,13.8305,0.0062,1.475,,,,
1465,519,291.54,0.106773,0.05,13.5642,0.0,1.48,,,,
1466,517,289.62,0.136568,0.05,13.3615,0.0062,1.48,,,,
1467,516,290.62,0.130362,0.05,12.5507,0.0031,1.48,,,,
1468,532,285.24,0.136588,0.05,13.7842,0.0062,1.46,,,,
1469,527,294.48,0.113674,0.05,11.75,0.0031,1.5,,,,
1470,537,287.18,0.121304,0.05,13.8776,0.0062,1.47,,,,
1471,507,288.76,0.134697,0.05,12.8741,0.0031,1.47,,,,
1472,510,296.82,0.122834,0.05,12.2757,0.0,1.505,,,,
1473,514,294.74,0.1051,0.05,11.7167,0.0031,1.5,,,,
1474,538,286.1,0.133333,0.05,14.2466,0.0031,1.46,,,,
1475,511,292.72,0.112427,0.05,12.0202,0.0,1.485,,,,
1476,517,286.56,0.12494,0.05,12.4915,0.0062,1.465,,,,
1477,524,295.56,0.125179,0.05,11.495,0.0031,1.505,,,,
1478,522,291.56,0.127305,0.05,11.7282,0.0062,1.49,,,,
1479,518,292.62,0.138822,0.05,12.8188,0.0031,1.49,,,,
1480,528,284.42,0.133519,0.05,13.3503,0.0154,1.47,,,,
1481,514,283.64,0.14787,0.05,13.339,0.0123,1.46,,,,
1482,531,284.24,0.127771,0.05,13.7457,0.0062,1.455,,,,
1483,526,290.42,0.135761,0.05,14.1554,0.0031,1.48,,,,
1484,509,293.82,0.110786,0.05,12.0401,0.0031,1.495,,,,
1485,528,284.38,0.128526,0.05,13.4642,0.0123,1.465,,,,
1486,509,292.88,0.129803,0.05,11.3,0.0093,1.5,,,,
1487,512,293.72,0.132246,0.05,13.6913,0.0,1.49,,,,
1488,525,291.46,0.137632,0.05,12.5926,0.0031,1.485,,,,
1489,522,292.54,0.13861,0.05,11.9128,0.0031,1.49,,,,
1490,524,288.46,0.118414,0.05,13.1356,0.0062,1.475,,,,
1491,523,294.52,0.119493,0.05,12.3746,0.0,1.495,,,,
1492,524,289.48,0.123865,0.05,13.4628,0.0062,1.48,,,,
1493,513,290.68,0.12403,0.05,12.7196,0.0031,1.48,,,,
1494,524,289.44,0.126107,0.05,13.8475,0.0031,1.475,,,,
1495,522,293.52,0.126837,0.05,12.4832,0.0,1.49,,,,
1496,519,291.58,0.114197,0.05,13.6195,0.0031,1.485,,,,
1497,523,293.5,0.126703,0.05,13.104,0.0,1.49,,,,
1498,513,293.74,0.111556,0.05,12.3913,0.0031,1.495,,,,
1499,541,288.12,0.125299,0.05,14.5593,0.0062,1.475,,,,
1500,547,278.94,0.115664,0.05,15.1903,0.0154,1.445,,,,
1501,515,293.7,0.115701,0.05,12.0401,0.0031,1.495,,,,
1502,525,293.5,0.122437,0.05,11.8896,0.0031,1.495,,,,
1503,526,290.42,0.125765,0.05,12.9561,0.0031,1.48,,,,
1504,522,291.48,0.122824,0.05,13.2939,0.0,1.48,,,,
1505,533,284.16,0.119569,0.05,13.1897,0.0031,1.45,,,,
1506,533,283.22,0.115576,0.05,14.5704,0.0093,1.455,,,,
1507,513,292.68,0.115141,0.05,12.138,0.0,1.485,,,,
1508,519,288.52,0.139891,0.05,13.3333,0.0031,1.47,,,,
1509,538,288.14,0.129,0.05,15.1701,0.0031,1.47,,,,
1510,511,283.74,0.118573,0.05,13.413,0.0154,1.465,,,,
1511,521,288.48,0.119861,0.05,13.4864,0.0031,1.47,,,,
1512,518,286.58,0.130014,0.05,12.585,0.0093,1.47,,,,
1513,513,293.7,0.141546,0.05,12.2148,0.0,1.49,,,,
1514,515,293.74,0.141836,0.05,11.6,0.0062,1.5,,,,
1515,524,293.48,0.136093,0.05,13.6745,0.0,1.49,,,,
1516,517,293.62,0.11116,0.05,12.5839,0.0,1.49,,,,
1517,525,292.44,0.139986,0.05,12.6094,0.0,1.485,,,,
1518,516,291.64,0.122703,0.05,12.0202,0.0031,1.485,,,,
1519,515,289.66,0.120833,0.05,12.5845,0.0062,1.48,,,,
1520,525,286.44,0.112557,0.05,12.9592,0.0093,1.47,,,,
1521,513,286.68,0.111761,0.05,13.4694,0.0093,1.47,,,,
1522,502,289.92,0.130376,0.05,12.0946,0.0062,1.48,,,,
1523,549,287.88,0.107237,0.05,14.4198,0.0,1.465,,,,
1524,510,289.76,0.126655,0.05,13.5473,0.0062,1.48,,,,
1525,512,291.72,0.126466,0.05,13.0808,0.0031,1.485,,,,
1526,513,294.72,0.125591,0.05,11.9398,0.0,1.495,,,,
1527,504,287.88,0.125046,0.05,12.4407,0.0093,1.475,,,,
1528,532,283.28,0.137286,0.05,14.3322,0.0123,1.46,,,,
1529,512,282.7,0.135112,0.05,13.3048,0.0154,1.46,,,,
1530,515,289.62,0.11283,0.05,12.8644,0.0031,1.475,,,,
1531,518,288.58,0.125082,0.05,13.322,0.0062,1.475,,,,
1532,520,293.56,0.1236,0.05,12.2819,0.0,1.49,,,,
1533,526,287.44,0.114577,0.05,13.678,0.0093,1.475,,,,
1534,514,287.64,0.126739,0.05,12.381,0.0062,1.47,,,,
1535,512,291.8,0.116473,0.05,11.3378,0.0093,1.495,,,,
1536,514,286.7,0.11897,0.05,11.7119,0.0123,1.475,,,,
1537,524,280.38,0.127048,0.05,12.9066,0.0123,1.445,,,,
1538,517,287.62,0.123408,0.05,13.7966,0.0093,1.475,,,,
1539,515,285.66,0.116092,0.05,12.9252,0.0123,1.47,,,,
1540,507,285.82,0.111798,0.05,13.7755,0.0123,1.47,,,,
1541,501,287.94,0.120644,0.05,13.3898,0.0093,1.475,,,,
1542,517,285.62,0.108135,0.05,13.7245,0.0123,1.47,,,,
1543,516,287.64,0.14269,0.05,12.2034,0.0093,1.475,,,,
1544,530,287.32,0.131819,0.05,14.2007,0.0062,1.47,,,,
1545,514,291.68,0.114127,0.05,12.9125,0.0031,1.485,,,,
1546,517,289.62,0.121116,0.05,12.0439,0.0062,1.48,,,,
1547,527,295.5,0.118765,0.05,11.5947,0.0031,1.505,,,,
1548,533,280.16,0.118867,0.05,13.8715,0.0093,1.44,,,,
1549,511,282.72,0.133941,0.05,13.4247,0.0154,1.46,,,,
1550,516,286.58,0.128273,0.05,13.3959,0.0062,1.465,,,,
1551,517,287.58,0.134128,0.05,13.0102,0.0062,1.47,,,,
1552,513,291.7,0.129641,0.05,12.8114,0.0031,1.485,,,,
1553,512,283.68,0.130691,0.05,12.8767,0.0123,1.46,,,,
1554,516,284.62,0.1348,0.05,13.1911,0.0123,1.465,,,,
1555,528,283.36,0.132058,0.05,14.0582,0.0123,1.46,,,,
1556,519,285.58,0.107253,0.05,13.6565,0.0123,1.47,,,,
1557,534,286.22,0.137504,0.05,12.884,0.0062,1.465,,,,
1558,525,288.4,0.148534,0.05,12.7721,0.0031,1.47,,,,
1559,517,293.62,0.119982,0.05,14.0436,0.0,1.49,,,,
1560,521,282.44,0.113641,0.05,13.3621,0.0093,1.45,,,,
1561,533,278.24,0.142156,0.05,14.0657,0.0184,1.445,,,,
1562,532,290.3,0.113887,0.05,13.0068,0.0031,1.48,,,,
1563,525,288.4,0.120217,0.05,12.7041,0.0031,1.47,,,,
1564,528,287.4,0.127212,0.05,13.8644,0.0093,1.475,,,,
1565,521,287.54,0.11682,0.05,13.2712,0.0093,1.475,,,,
1566,518,288.58,0.118,0.05,13.3898,0.0062,1.475,,,,
1567,510,296.86,0.142518,0.05,11.2086,0.0031,1.51,,,,
1568,515,287.66,0.123219,0.05,13.8475,0.0093,1.475,,,,
1569,523,289.46,0.116877,0.05,11.9661,0.0031,1.475,,,,
1570,517,290.6,0.118405,0.05,13.5473,0.0031,1.48,,,,
1571,532,293.32,0.123446,0.05,12.651,0.0,1.49,,,,
1572,517,285.58,0.130141,0.05,12.8498,0.0093,1.465,,,,
1573,525,293.46,0.134801,0.05,12.8356,0.0,1.49,,,,
1574,516,290.66,0.134132,0.05,12.6263,0.0062,1.485,,,,
1575,519,290.56,0.116298,0.05,13.7838,0.0031,1.48,,,,
1576,524,294.5,0.125648,0.05,12.5753,0.0,1.495,,,,
1577,513,294.76,0.121447,0.05,11.9,0.0031,1.5,,,,
1578,570,262.36,0.113683,0.05,14.8561,0.0303,1.39,,,,
1579,523,285.42,0.103191,0.05,12.2432,0.0062,1.46,,,,
1580,529,289.38,0.119424,0.05,13.9527,0.0062,1.48,,,,
1581,516,287.6,0.133343,0.05,13.0782,0.0062,1.47,,,,
1582,514,288.66,0.128109,0.05,12.7966,0.0062,1.475,,,,
1583,535,281.22,0.128216,0.05,14.5189,0.0154,1.455,,,,
1584,521,287.46,0.12405,0.05,13.9249,0.0031,1.465,,,,
1585,526,285.44,0.11909,0.05,14.3197,0.0123,1.47,,,,
1586,561,277.64,0.120069,0.05,14.9132,0.0154,1.44,,,,
1587,519,295.62,0.125435,0.05,11.65,0.0,1.5,,,,
1588,523,285.5,0.113198,0.05,14.0646,0.0123,1.47,,,,
1589,505,286.84,0.11835,0.05,12.3639,0.0093,1.47,,,,
1590,512,286.7,0.11718,0.05,12.9422,0.0093,1.47,,,,
1591,537,270.16,0.121005,0.05,15.1053,0.0303,1.425,,,,
1592,525,283.42,0.133706,0.05,13.6986,0.0123,1.46,,,,
1593,527,293.46,0.114106,0.05,12.2742,0.0031,1.495,,,,
1594,531,289.34,0.120102,0.05,13.9696,0.0062,1.48,,,,
1595,533,290.28,0.12573,0.05,13.2095,0.0031,1.48,,,,
1596,523,286.44,0.145123,0.05,14.0444,0.0062,1.465,,,,
1597,518,289.6,0.131653,0.05,13.2264,0.0062,1.48,,,,
1598,516,288.62,0.125275,0.05,12.2034,0.0062,1.475,,,,
1599,541,285.02,0.117392,0.05,14.0722,0.0031,1.455,,,,
1600,537,292.24,0.132175,0.05,12.9362,0.0031,1.49,299.06,11.0891,0.0,1.515
1601,532,291.36,0.110335,0.05,12.1812,0.0062,1.49,,,,
1602,530,296.42,0.117491,0.05,11.6279,0.0,1.505,,,,
1603,533,289.34,0.120089,0.05,12.037,0.0093,1.485,,,,
1604,526,285.4,0.127864,0.05,13.9761,0.0093,1.465,,,,
1605,537,283.18,0.1304,0.05,14.2123,0.0123,1.46,,,,
1606,520,287.44,0.132491,0.05,13.0308,0.0,1.46,,,,
1607,525,291.42,0.130216,0.05,12.5169,0.0,1.48,,,,
1608,523,283.5,0.123094,0.05,14.0956,0.0154,1.465,,,,
1609,531,289.34,0.136433,0.05,13.2095,0.0062,1.48,,,,
1610,512,284.7,0.109436,0.05,12.9352,0.0123,1.465,,,,
1611,500,292.94,0.122649,0.05,12.2391,0.0,1.485,,,,
1612,520,293.6,0.113264,0.05,11.7726,0.0031,1.495,,,,
1613,531,288.28,0.118825,0.05,13.1122,0.0031,1.47,,,,
1614,519,287.58,0.120086,0.05,13.2542,0.0093,1.475,,,,
1615,531,284.28,0.111082,0.05,14.2466,0.0093,1.46,,,,
1616,520,290.54,0.130575,0.05,12.4324,0.0031,1.48,,,,
1617,528,288.34,0.136616,0.05,12.7891,0.0031,1.47,,,,
1618,523,287.5,0.132508,0.05,13.661,0.0093,1.475,,,,
1619,530,278.26,0.116133,0.05,14.2188,0.0154,1.44,,,,
1620,516,289.64,0.116388,0.05,13.1588,0.0062,1.48,,,,
1621,522,290.46,0.125163,0.05,12.6271,0.0,1.475,,,,
1622,531,284.32,0.125632,0.05,13.1229,0.0123,1.465,,,,
1623,520,290.54,0.141826,0.05,12.9561,0.0031,1.48,,,,
1624,516,287.64,0.119574,0.05,13.1525,0.0093,1.475,,,,
1625,539,287.14,0.14412,0.05,13.7415,0.0062,1.47,,,,
1626,521,288.52,0.145775,0.05,13.339,0.0062,1.475,,,,
1627,512,283.68,0.14925,0.05,13.0308,0.0123,1.46,,,,
1628,530,289.36,0.13445,0.05,14.4426,0.0062,1.48,,,,
1629,511,285.66,0.145383,0.05,12.6541,0.0062,1.46,,,,
1630,528,288.38,0.119631,0.05,12.6441,0.0062,1.475,,,,
1631,534,287.2,0.131513,0.05,13.0375,0.0031,1.465,,,,
1632,524,287.48,0.119817,0.05,13.0339,0.0093,1.475,,,,
1633,521,291.54,0.145452,0.05,12.8788,0.0031,1.485,,,,
1634,514,292.66,0.138084,0.05,12.8283,0.0,1.485,,,,
1635,519,284.52,0.130052,0.05,12.363,0.0093,1.46,,,,
1636,513,291.7,0.125101,0.05,12.5589,0.0031,1.485,,,,
1637,521,283.54,0.150959,0.05,13.9078,0.0154,1.465,,,,
1638,525,287.46,0.134669,0.05,13.322,0.0093,1.475,,,,
1639,523,295.54,0.125587,0.05,12.3833,0.0,1.5,,,,
1640,514,291.68,0.128327,0.05,12.8788,0.0031,1.485,,,,
1641,521,288.48,0.134707,0.05,12.9082,0.0031,1.47,,,,
1642,520,288.58,0.124786,0.05,12.5169,0.0093,1.48,,,,
1643,526,281.4,0.110778,0.05,13.5052,0.0154,1.455,,,,
1644,517,292.68,0.135532,0.05,12.1906,0.0062,1.495,,,,
1645,516,292.66,0.127869,0.05,11.6107,0.0031,1.49,,,,
1646,519,282.56,0.119605,0.05,13.339,0.0154,1.46,,,,
1647,531,288.32,0.129865,0.05,13.3051,0.0062,1.475,,,,
1648,514,282.66,0.130296,0.05,13.6473,0.0154,1.46,,,,
1649,523,290.52,0.141597,0.05,12.2896,0.0062,1.485,,,,
1650,515,288.64,0.121503,0.05,12.2034,0.0062,1.475,,,,
1651,520,290.58,0.131195,0.05,12.7609,0.0062,1.485,,,,
1652,518,290.58,0.134174,0.05,13.8682,0.0031,1.48,,,,
1653,514,288.66,0.106574,0.05,12.4746,0.0062,1.475,,,,
1654,515,288.64,0.126244,0.05,11.8983,0.0062,1.475,,,,
1655,518,285.6,0.12687,0.05,13.5034,0.0123,1.47,,,,
1656,521,294.6,0.13319,0.05,12.0333,0.0031,1.5,,,,
1657,526,286.42,0.131836,0.05,12.5,0.0093,1.47,,,,
1658,521,290.48,0.127118,0.05,12.8305,0.0,1.475,,,,
1659,513,287.66,0.12359,0.05,12.2959,0.0062,1.47,,,,
1660,521,294.6,0.13011,0.05,12.0333,0.0031,1.5,,,,
1661,526,289.4,0.130249,0.05,12.9322,0.0031,1.475,,,,
1662,534,296.34,0.11478,0.05,11.7442,0.0,1.505,,,,
1663,532,284.26,0.124596,0.05,14.1952,0.0093,1.46,,,,
1664,522,287.48,0.134903,0.05,12.517,0.0062,1.47,,,,
1665,514,293.72,0.12787,0.05,12.1237,0.0031,1.495,,,,
1666,520,292.58,0.119628,0.05,12.3993,0.0031,1.49,,,,
1667,512,286.7,0.103998,0.05,12.8571,0.0093,1.47,,,,
1668,531,285.34,0.124665,0.05,13.5034,0.0123,1.47,,,,
1669,524,289.48,0.131347,0.05,13.3784,0.0062,1.48,,,,
1670,515,285.66,0.130578,0.05,13.1122,0.0123,1.47,,,,
1671,511,287.74,0.129597,0.05,13.2881,0.0093,1.475,,,,
1672,524,291.48,0.118825,0.05,12.6936,0.0031,1.485,,,,
1673,539,292.24,0.122585,0.05,12.4247,0.0062,1.495,,,,
1674,514,290.66,0.121405,0.05,13.2601,0.0031,1.48,,,,
1675,527,292.4,0.129826,0.05,12.1886,0.0,1.485,,,,
1676,517,290.6,0.113774,0.05,13.1926,0.0031,1.48,,,,
1677,518,289.56,0.124996,0.05,12.339,0.0031,1.475,,,,
1678,525,288.4,0.127544,0.05,13.2993,0.0031,1.47,,,,
1679,525,290.44,0.128977,0.05,13.3446,0.0031,1.48,,,,
1680,539,289.14,0.119189,0.05,13.5085,0.0031,1.475,,,,
1681,533,294.4,0.121764,0.05,12.1595,0.0062,1.505,,,,
1682,533,287.26,0.129162,0.05,13.8946,0.0062,1.47,,,,
1683,529,292.36,0.112217,0.05,12.7104,0.0,1.485,,,,
1684,519,293.58,0.123845,0.05,13.0034,0.0,1.49,,,,
1685,518,293.6,0.133414,0.05,12.5168,0.0,1.49,,,,
1686,513,285.7,0.12233,0.05,13.3163,0.0123,1.47,,,,
1687,519,293.62,0.119503,0.05,12.6421,0.0031,1.495,,,,
1688,544,294.1,0.13846,0.05,13.0435,0.0,1.495,,,,
1689,529,288.36,0.138059,0.05,13.8644,0.0062,1.475,,,,
1690,527,283.42,0.127678,0.05,13.942,0.0154,1.465,,,,
1691,533,294.32,0.131784,0.05,12.7926,0.0,1.495,,,,
1692,527,286.4,0.109819,0.05,14.2517,0.0093,1.47,,,,
1693,528,286.3,0.127166,0.05,13.5959,0.0031,1.46,,,,
1694,515,289.66,0.122005,0.05,11.6385,0.0062,1.48,,,,
1695,507,294.92,0.131246,0.05,11.2957,0.0062,1.505,,,,
1696,524,288.42,0.107297,0.05,13.1803,0.0031,1.47,,,,
1697,505,294.88,0.138203,0.05,11.9732,0.0,1.495,,,,
1698,514,289.64,0.11311,0.05,13.4915,0.0031,1.475,,,,
1699,520,288.54,0.130479,0.05,13.3559,0.0062,1.475,,,,
1700,508,291.76,0.113242,0.05,12.4831,0.0,1.48,,,,
1701,524,287.44,0.142981,0.05,12.8912,0.0062,1.47,,,,
1702,537,289.22,0.11547,0.05,14.223,0.0062,1.48,,,,
1703,520,291.56,0.126394,0.05,13.5354,0.0031,1.485,,,,
1704,510,291.76,0.131248,0.05,12.4916,0.0031,1.485,,,,
1705,525,281.46,0.135213,0.05,14.3836,0.0184,1.46,,,,
1706,523,287.42,0.124747,0.05,13.0034,0.0031,1.465,,,,
1707,526,295.48,0.125552,0.05,12.8167,0.0,1.5,,,,
1708,522,286.46,0.12578,0.05,12.4403,0.0062,1.465,,,,
1709,539,289.14,0.132484,0.05,13.2542,0.0031,1.475,,,,
1710,522,289.48,0.131832,0.05,12.7797,0.0031,1.475,,,,
1711,507,293.86,0.119347,0.05,11.6722,0.0031,1.495,,,,
1712,510,294.78,0.123086,0.05,12.592,0.0,1.495,,,,
1713,531,287.3,0.106186,0.05,12.398,0.0062,1.47,,,,
1714,521,295.58,0.119239,0.05,12.15,0.0,1.5,,,,
1715,523,292.56,0.12179,0.05,11.8896,0.0062,1.495,,,,
1716,534,287.24,0.122386,0.05,13.7415,0.0062,1.47,,,,
1717,518,285.6,0.145476,0.05,13.2993,0.0123,1.47,,,,
1718,516,286.62,0.130101,0.05,13.2653,0.0093,1.47,,,,
1719,523,286.48,0.12113,0.05,13.3163,0.0093,1.47,,,,
1720,565,282.58,0.114,0.05,14.7938,0.0093,1.455,,,,
1721,529,283.3,0.120871,0.05,13.2131,0.0093,1.455,,,,
1722,520,289.52,0.145026,0.05,13.6441,0.0031,1.475,,,,
1723,527,289.42,0.12805,0.05,14.0372,0.0062,1.48,,,,
1724,521,291.54,0.120878,0.05,13.7542,0.0031,1.485,,,,
1725,519,292.6,0.120609,0.05,11.9128,0.0031,1.49,,,,
1726,520,292.58,0.114536,0.05,11.896,0.0031,1.49,,,,
1727,536,288.14,0.118357,0.05,14.6758,0.0,1.465,,,,
1728,523,291.54,0.11371,0.05,12.7013,0.0062,1.49,,,,
1729,518,287.6,0.143108,0.05,13.5593,0.0093,1.475,,,,
1730,528,286.38,0.129189,0.05,13.1122,0.0093,1.47,,,,
1731,509,285.78,0.112601,0.05,13.1122,0.0123,1.47,,,,
1732,515,288.64,0.120513,0.05,12.7288,0.0062,1.475,,,,
1733,540,286.1,0.132622,0.05,13.9932,0.0062,1.465,,,,
1734,524,293.52,0.096806,0.05,12.3579,0.0031,1.495,,,,
1735,532,285.28,0.128333,0.05,14.4198,0.0093,1.465,,,,
1736,539,285.1,0.126913,0.05,14.4178,0.0062,1.46,,,,
1737,532,290.3,0.127813,0.05,13.6149,0.0031,1.48,,,,
1738,524,292.5,0.117991,0.05,12.7181,0.0031,1.49,,,,
1739,513,293.7,0.130534,0.05,12.5168,0.0,1.49,,,,
1740,530,287.28,0.119445,0.05,14.2491,0.0031,1.465,,,,
1741,521,289.54,0.123019,0.05,13.0236,0.0062,1.48,,,,
1742,538,282.1,0.128079,0.05,15.3276,0.0093,1.45,,,,
1743,533,282.24,0.122142,0.05,13.4192,0.0123,1.455,,,,
1744,520,291.56,0.119763,0.05,12.8114,0.0031,1.485,,,,
1745,516,290.58,0.122109,0.05,13.1695,0.0,1.475,,,,
1746,531,286.24,0.122181,0.05,13.1336,0.0031,1.46,,,,
1747,537,280.16,0.113927,0.05,13.3966,0.0154,1.45,,,,
1748,514,293.68,0.122903,0.05,12.3826,0.0,1.49,,,,
1749,521,286.52,0.126313,0.05,13.4864,0.0093,1.47,,,,
1750,533,286.24,0.149285,0.05,13.8567,0.0062,1.465,,,,
1751,530,290.34,0.139656,0.05,13.4966,0.0031,1.48,,,,
1752,513,291.7,0.125196,0.05,12.9293,0.0031,1.485,,,,
1753,543,283.02,0.125318,0.05,15.0515,0.0093,1.455,,,,
1754,521,297.62,0.134507,0.05,11.3907,0.0,1.51,,,,
1755,518,284.54,0.125428,0.05,12.4486,0.0093,1.46,,,,
1756,505,291.86,0.124705,0.05,12.1044,0.0031,1.485,,,,
1757,534,292.26,0.129113,0.05,12.3737,0.0,1.485,,,,
1758,529,291.34,0.142724,0.05,14.1216,0.0,1.48,,,,
1759,514,298.78,0.133796,0.05,11.3201,0.0,1.515,,,,
1760,538,288.14,0.127259,0.05,13.6735,0.0031,1.47,,,,
1761,535,290.2,0.120891,0.05,13.3729,0.0,1.475,,,,
1762,520,289.52,0.117326,0.05,12.8983,0.0031,1.475,,,,
1763,516,295.68,0.122294,0.05,11.95,0.0,1.5,,,,
1764,521,289.5,0.111787,0.05,12.5424,0.0031,1.475,,,,
1765,517,290.6,0.12457,0.05,12.9899,0.0031,1.48,,,,
1766,515,291.62,0.115255,0.05,12.6858,0.0,1.48,,,,
1767,527,287.42,0.140534,0.05,13.8136,0.0093,1.475,,,,
1768,515,294.72,0.134495,0.05,11.7167,0.0031,1.5,,,,
1769,524,295.52,0.136741,0.05,12.4,0.0,1.5,,,,
1770,517,292.6,0.112002,0.05,12.1212,0.0,1.485,,,,
1771,511,290.72,0.144357,0.05,12.1959,0.0031,1.48,,,,
1772,519,296.64,0.125567,0.05,12.3256,0.0,1.505,,,,
1773,528,287.4,0.142924,0.05,14.0,0.0093,1.475,,,,
1774,515,290.72,0.120641,0.05,11.4262,0.0093,1.49,,,,
1775,523,288.48,0.139031,0.05,11.9492,0.0062,1.475,,,,
1776,516,295.68,0.11928,0.05,11.6667,0.0,1.5,,,,
1777,521,295.58,0.129249,0.05,12.6167,0.0,1.5,,,,
1778,538,291.2,0.107712,0.05,14.0236,0.0031,1.485,,,,
1779,526,290.38,0.114457,0.05,13.322,0.0,1.475,,,,
1780,515,290.6,0.113044,0.05,13.5932,0.0,1.475,,,,
1781,532,291.32,0.121283,0.05,13.9226,0.0031,1.485,,,,
1782,537,289.22,0.118454,0.05,13.4797,0.0062,1.48,,,,
1783,511,291.74,0.132887,0.05,12.5084,0.0031,1.485,,,,
1784,522,289.52,0.118936,0.05,13.2432,0.0062,1.48,,,,
1785,521,289.54,0.117063,0.05,13.3446,0.0062,1.48,,,,
1786,525,286.44,0.133954,0.05,13.5374,0.0093,1.47,,,,
1787,519,289.54,0.139774,0.05,12.8814,0.0031,1.475,,,,
1788,511,287.7,0.1036,0.05,13.2653,0.0062,1.47,,,,
1789,522,290.5,0.143509,0.05,13.2095,0.0031,1.48,,,,
1790,541,281.06,0.145423,0.05,14.2586,0.0123,1.45,,,,
1791,524,293.48,0.142472,0.05,13.8423,0.0,1.49,,,,
1792,520,289.52,0.149659,0.05,13.322,0.0031,1.475,,,,
1793,513,289.66,0.138982,0.05,13.3051,0.0031,1.475,,,,
1794,520,291.56,0.125242,0.05,12.0875,0.0031,1.485,,,,
1795,529,287.34,0.123827,0.05,13.2313,0.0062,1.47,,,,
1796,539,287.06,0.118821,0.05,14.0753,0.0,1.46,,,,
1797,543,285.02,0.122576,0.05,15.274,0.0062,1.46,,,,
1798,512,291.76,0.129871,0.05,12.1141,0.0062,1.49,,,,
1799,507,288.8,0.119687,0.05,12.1864,0.0062,1.475,,,,
1800,521,283.46,0.155642,0.05,13.866,0.0093,1.455,299.0,10.9571,0.0,1.515
1801,535,290.24,0.145416,0.05,13.0912,0.0031,1.48,,,,
1802,527,288.36,0.135277,0.05,13.2823,0.0031,1.47,,,,
1803,520,295.6,0.126913,0.05,12.35,0.0,1.5,,,,
1804,511,293.74,0.131245,0.05,12.5168,0.0,1.49,,,,
1805,537,286.08,0.117042,0.05,13.3849,0.0,1.455,,,,
1806,521,295.58,0.12677,0.05,12.8333,0.0,1.5,,,,
1807,534,286.22,0.130583,0.05,13.0205,0.0062,1.465,,,,
1808,534,280.26,0.122887,0.05,14.4674,0.0184,1.455,,,,
1809,523,289.46,0.13683,0.05,12.4237,0.0031,1.475,,,,
1810,512,288.66,0.133213,0.05,12.1599,0.0031,1.47,,,,
1811,511,296.8,0.136093,0.05,11.9103,0.0,1.505,,,,
1812,521,294.56,0.156499,0.05,11.9732,0.0,1.495,,,,
1813,524,287.44,0.131017,0.05,13.4864,0.0062,1.47,,,,
1814,510,290.74,0.124099,0.05,13.0912,0.0031,1.48,,,,
1815,514,289.68,0.149711,0.05,12.2297,0.0062,1.48,,,,
1816,519,295.62,0.123982,0.05,12.4833,0.0,1.5,,,,
1817,516,286.58,0.13505,0.05,12.901,0.0062,1.465,,,,
1818,569,285.52,0.125783,0.05,14.8464,0.0062,1.465,,,,
1819,547,284.0,0.108564,0.05,13.942,0.0123,1.465,,,,
1820,520,288.5,0.126747,0.05,13.7245,0.0031,1.47,,,,
1821,520,294.62,0.118487,0.05,11.6,0.0031,1.5,,,,
1822,515,289.7,0.123936,0.05,12.0539,0.0093,1.485,,,,
1823,525,281.46,0.120117,0.05,13.1507,0.0184,1.46,,,,
1824,524,285.4,0.11351,0.05,13.2534,0.0062,1.46,,,,
1825,526,285.36,0.125922,0.05,14.161,0.0062,1.46,,,,
1826,525,286.36,0.125456,0.05,13.6815,0.0031,1.46,,,,
1827,521,292.56,0.12036,0.05,12.1644,0.0031,1.49,,,,
1828,522,293.52,0.138914,0.05,12.7517,0.0,1.49,,,,
1829,518,294.66,0.123594,0.05,11.8833,0.0031,1.5,,,,
1830,514,293.68,0.114015,0.05,12.5839,0.0,1.49,,,,
1831,519,293.58,0.126227,0.05,12.4329,0.0,1.49,,,,
1832,530,284.26,0.120809,0.05,13.9863,0.0062,1.455,,,,
1833,517,290.64,0.111185,0.05,13.2828,0.0062,1.485,,,,
1834,519,293.58,0.118104,0.05,12.8691,0.0,1.49,,,,
1835,524,294.58,0.117197,0.05,11.4452,0.0062,1.505,,,,
1836,519,290.52,0.127705,0.05,12.8305,0.0,1.475,,,,
1837,507,288.84,0.138478,0.05,11.9595,0.0093,1.48,,,,
1838,520,291.52,0.107747,0.05,13.277,0.0,1.48,,,,
1839,516,292.66,0.112272,0.05,12.3993,0.0031,1.49,,,,
1840,518,295.68,0.12517,0.05,11.3455,0.0031,1.505,,,,
1841,527,292.4,0.134105,0.05,13.0976,0.0,1.485,,,,
1842,527,291.42,0.136931,0.05,12.4579,0.0031,1.485,,,,
1843,518,290.62,0.134494,0.05,11.9865,0.0062,1.485,,,,
1844,521,291.54,0.126209,0.05,13.4007,0.0031,1.485,,,,
1845,516,291.64,0.122777,0.05,11.9024,0.0031,1.485,,,,
1846,535,290.24,0.127111,0.05,13.4966,0.0031,1.48,,,,
1847,515,293.7,0.137356,0.05,12.0234,0.0031,1.495,,,,
1848,533,287.3,0.133686,0.05,14.2542,0.0093,1.475,,,,
1849,538,295.24,0.130502,0.05,13.05,0.0,1.5,,,,
1850,532,291.32,0.119972,0.05,14.2256,0.0031,1.485,,,,
1851,516,289.6,0.124276,0.05,13.2712,0.0031,1.475,,,,
1852,515,286.64,0.123401,0.05,12.619,0.0093,1.47,,,,
1853,524,290.46,0.131116,0.05,12.9054,0.0031,1.48,,,,
1854,521,293.58,0.114916,0.05,12.5753,0.0031,1.495,,,,
1855,528,293.44,0.122461,0.05,12.7258,0.0031,1.495,,,,
1856,512,294.82,0.135769,0.05,11.2957,0.0062,1.505,,,,
1857,518,283.56,0.124742,0.05,13.5103,0.0123,1.46,,,,
1858,517,291.62,0.116866,0.05,12.7441,0.0031,1.485,,,,
1859,527,288.4,0.126592,0.05,13.339,0.0062,1.475,,,,
1860,524,295.52,0.128885,0.05,11.8167,0.0,1.5,,,,
1861,533,287.22,0.113037,0.05,13.5324,0.0031,1.465,,,,
1862,523,290.48,0.125252,0.05,13.4628,0.0031,1.48,,,,
1863,517,290.64,0.129843,0.05,12.5253,0.0062,1.485,,,,
1864,516,290.66,0.11116,0.05,12.0034,0.0062,1.485,,,,
1865,520,288.5,0.12681,0.05,13.6905,0.0031,1.47,,,,
1866,521,292.52,0.114068,0.05,13.7205,0.0,1.485,,,,
1867,513,286.68,0.136689,0.05,12.7041,0.0093,1.47,,,,
1868,519,292.6,0.116834,0.05,13.0705,0.0031,1.49,,,,
1869,518,283.6,0.111455,0.05,13.5324,0.0154,1.465,,,,
1870,520,294.58,0.125362,0.05,12.6087,0.0,1.495,,,,
1871,519,293.58,0.128915,0.05,12.6846,0.0,1.49,,,,
1872,533,288.28,0.126697,0.05,13.8475,0.0062,1.475,,,,
1873,537,286.2,0.1286,0.05,14.3707,0.0093,1.47,,,,
1874,520,291.56,0.132827,0.05,13.2323,0.0031,1.485,,,,
1875,515,291.66,0.123811,0.05,12.2222,0.0031,1.485,,,,
1876,529,290.36,0.129916,0.05,13.598,0.0031,1.48,,,,
1877,514,283.68,0.132773,0.05,12.5768,0.0154,1.465,,,,
1878,533,291.26,0.119982,0.05,14.2399,0.0,1.48,,,,
1879,523,292.52,0.119082,0.05,12.1141,0.0031,1.49,,,,
1880,517,290.6,0.137355,0.05,13.277,0.0031,1.48,,,,
1881,502,285.92,0.122158,0.05,12.6871,0.0123,1.47,,,,
1882,525,296.52,0.126597,0.05,12.3256,0.0,1.505,,,,
1883,526,285.36,0.122063,0.05,13.6473,0.0062,1.46,,,,
1884,517,293.62,0.125622,0.05,12.7517,0.0,1.49,,,,
1885,513,292.76,0.114495,0.05,11.5552,0.0062,1.495,,,,
1886,531,287.34,0.127407,0.05,14.3051,0.0093,1.475,,,,
1887,529,288.36,0.113933,0.05,14.0678,0.0062,1.475,,,,
1888,523,292.52,0.120472,0.05,11.6275,0.0031,1.49,,,,
1889,524,294.54,0.12339,0.05,12.4333,0.0031,1.5,,,,
1890,528,292.38,0.11085,0.05,13.7879,0.0,1.485,,,,
1891,524,292.46,0.107692,0.05,12.3906,0.0,1.485,,,,
1892,514,294.7,0.151048,0.05,12.2742,0.0,1.495,,,,
1893,509,293.78,0.134941,0.05,12.1141,0.0,1.49,,,,
1894,543,282.0,0.129865,0.05,15.3793,0.0093,1.45,,,,
1895,528,286.34,0.113812,0.05,13.942,0.0062,1.465,,,,
1896,516,292.66,0.123128,0.05,12.3658,0.0031,1.49,,,,
1897,521,291.5,0.097299,0.05,14.0034,0.0,1.48,,,,
1898,526,293.48,0.13062,0.05,12.3746,0.0031,1.495,,,,
1899,513,293.74,0.1258,0.05,11.7559,0.0031,1.495,,,,
1900,510,289.72,0.115665,0.05,13.3559,0.0031,1.475,,,,
1901,520,293.56,0.108648,0.05,12.4664,0.0,1.49,,,,
1902,517,292.64,0.092773,0.05,11.9631,0.0031,1.49,,,,
1903,534,291.24,0.112198,0.05,13.4291,0.0,1.48,,,,
1904,526,290.42,0.130249,0.05,13.1926,0.0031,1.48,,,,
1905,518,287.6,0.124602,0.05,13.5932,0.0093,1.475,,,,
1906,517,283.58,0.122002,0.05,13.7329,0.0123,1.46,,,,
1907,521,289.5,0.136292,0.05,12.7966,0.0031,1.475,,,,
1908,524,287.48,0.136565,0.05,12.5424,0.0093,1.475,,,,
1909,526,291.44,0.105122,0.05,13.4848,0.0031,1.485,,,,
1910,516,288.58,0.119855,0.05,13.5374,0.0031,1.47,,,,
1911,515,288.64,0.113965,0.05,13.0508,0.0062,1.475,,,,
1912,516,293.68,0.12733,0.05,12.1405,0.0031,1.495,,,,
1913,536,290.22,0.125502,0.05,14.0372,0.0031,1.48,,,,
1914,515,284.6,0.131006,0.05,11.7808,0.0093,1.46,,,,
1915,521,287.54,0.126182,0.05,14.0508,0.0093,1.475,,,,
1916,514,292.7,0.118035,0.05,12.3658,0.0031,1.49,,,,
1917,520,296.62,0.128127,0.05,11.6611,0.0,1.505,,,,
1918,522,287.48,0.113674,0.05,13.0612,0.0062,1.47,,,,
1919,515,288.64,0.145327,0.05,13.8305,0.0062,1.475,,,,
1920,515,295.7,0.126272,0.05,12.0,0.0,1.5,,,,
1921,516,291.64,0.116089,0.05,13.468,0.0031,1.485,,,,
1922,520,286.54,0.114392,0.05,12.8571,0.0093,1.47,,,,
1923,515,288.64,0.106037,0.05,13.6441,0.0062,1.475,,,,
1924,527,288.4,0.124583,0.05,13.1695,0.0062,1.475,,,,
1925,526,289.44,0.134213,0.05,13.3953,0.0062,1.48,,,,
1926,520,288.54,0.12953,0.05,12.4576,0.0062,1.475,,,,
1927,514,290.66,0.148167,0.05,12.348,0.0031,1.48,,,,
1928,520,289.6,0.151113,0.05,12.0034,0.0093,1.485,,,,
1929,543,286.04,0.129564,0.05,14.0956,0.0062,1.465,,,,
1930,533,287.26,0.136816,0.05,13.7585,0.0062,1.47,,,,
1931,524,289.48,0.123647,0.05,12.8041,0.0062,1.48,,,,
1932,517,287.62,0.118856,0.05,12.8136,0.0093,1.475,,,,
1933,525,289.46,0.138562,0.05,13.1588,0.0062,1.48,,,,
1934,532,284.3,0.122281,0.05,13.7372,0.0123,1.465,,,,
1935,521,291.54,0.127407,0.05,13.5859,0.0031,1.485,,,,
1936,526,293.48,0.135028,0.05,12.5084,0.0031,1.495,,,,
1937,525,287.46,0.112006,0.05,12.5763,0.0093,1.475,,,,
1938,527,291.42,0.122068,0.05,13.2155,0.0031,1.485,,,,
1939,522,289.52,0.12372,0.05,13.2432,0.0062,1.48,,,,
1940,527,287.38,0.105788,0.05,13.8605,0.0062,1.47,,,,
1941,515,284.64,0.130066,0.05,13.4471,0.0123,1.465,,,,
1942,522,290.5,0.124239,0.05,12.7365,0.0031,1.48,,,,
1943,513,288.72,0.113676,0.05,11.7905,0.0093,1.48,,,,
1944,525,289.46,0.111917,0.05,13.1081,0.0062,1.48,,,,
1945,522,279.48,0.123565,0.05,12.9483,0.0184,1.45,,,,
1946,519,294.6,0.126666,0.05,12.8261,0.0,1.495,,,,
1947,532,285.28,0.123873,0.05,14.0444,0.0093,1.465,,,,
1948,530,286.3,0.131141,0.05,14.1297,0.0062,1.465,,,,
1949,531,290.28,0.126245,0.05,13.2034,0.0,1.475,,,,
1950,523,288.48,0.122627,0.05,12.6441,0.0062,1.475,,,,
1951,537,291.22,0.136344,0.05,13.064,0.0031,1.485,,,,
1952,529,288.36,0.124717,0.05,12.7458,0.0062,1.475,,,,
1953,525,292.44,0.128424,0.05,14.0236,0.0,1.485,,,,
1954,540,290.14,0.115962,0.05,14.375,0.0031,1.48,,,,
1955,523,291.54,0.127772,0.05,12.349,0.0062,1.49,,,,
1956,519,292.64,0.115768,0.05,11.5886,0.0062,1.495,,,,
1957,522,294.58,0.133582,0.05,11.7667,0.0031,1.5,,,,
1958,533,292.28,0.127963,0.05,13.5017,0.0,1.485,,,,
1959,525,288.4,0.132829,0.05,13.1803,0.0031,1.47,,,,
1960,524,291.44,0.137739,0.05,13.7331,0.0,1.48,,,,
1961,519,289.54,0.125888,0.05,14.0,0.0031,1.475,,,,
1962,528,288.34,0.127916,0.05,13.1463,0.0031,1.47,,,,
1963,531,288.28,0.145222,0.05,13.3844,0.0031,1.47,,,,
1964,522,289.52,0.114162,0.05,12.2297,0.0062,1.48,,,,
1965,534,291.24,0.126438,0.05,13.4291,0.0,1.48,,,,
1966,518,288.58,0.139071,0.05,13.5763,0.0062,1.475,,,,
1967,516,287.64,0.137982,0.05,12.9492,0.0093,1.475,,,,
1968,537,289.18,0.097908,0.05,13.6271,0.0031,1.475,,,,
1969,548,287.94,0.112365,0.05,14.4728,0.0031,1.47,,,,
1970,537,288.2,0.129285,0.05,13.9322,0.0062,1.475,,,,
1971,518,292.58,0.136291,0.05,13.4848,0.0,1.485,,,,
1972,521,290.52,0.122828,0.05,12.9054,0.0031,1.48,,,,
1973,536,292.26,0.137591,0.05,12.3993,0.0031,1.49,,,,
1974,529,292.36,0.111162,0.05,13.1818,0.0,1.485,,,,
1975,521,289.54,0.13002,0.05,12.5845,0.0062,1.48,,,,
1976,518,284.58,0.133453,0.05,13.157,0.0123,1.465,,,,
1977,526,279.36,0.113551,0.05,13.1315,0.0154,1.445,,,,
1978,513,292.72,0.107951,0.05,11.9799,0.0031,1.49,,,,
1979,523,287.5,0.106963,0.05,13.4407,0.0093,1.475,,,,
1980,519,295.62,0.109801,0.05,12.55,0.0,1.5,,,,
1981,524,289.44,0.141142,0.05,14.0,0.0031,1.475,,,,
1982,524,293.52,0.121945,0.05,11.9732,0.0031,1.495,,,,
1983,522,295.56,0.134831,0.05,12.5833,0.0,1.5,,,,
1984,521,294.56,0.123375,0.05,12.6087,0.0,1.495,,,,
1985,517,292.64,0.120322,0.05,12.5503,0.0031,1.49,,,,
1986,533,286.28,0.113068,0.05,14.4728,0.0093,1.47,,,,
1987,525,291.46,0.114999,0.05,13.6364,0.0031,1.485,,,,
1988,519,293.58,0.130859,0.05,13.3725,0.0,1.49,,,,
1989,517,295.66,0.130298,0.05,11.55,0.0,1.5,,,,
1990,539,283.14,0.133891,0.05,13.6473,0.0123,1.46,,,,
1991,537,288.2,0.120229,0.05,13.8814,0.0062,1.475,,,,
1992,516,293.64,0.120952,0.05,11.6275,0.0,1.49,,,,
1993,533,285.22,0.121171,0.05,13.2192,0.0062,1.46,,,,
1994,526,289.36,0.108993,0.05,13.2653,0.0,1.47,,,,
1995,531,283.26,0.117963,0.05,13.8488,0.0093,1.455,,,,
1996,527,290.4,0.113539,0.05,12.9223,0.0031,1.48,,,,
1997,529,295.46,0.128919,0.05,11.794,0.0031,1.505,,,,
1998,522,291.56,0.103792,0.05,11.7114,0.0062,1.49,,,,
1999,513,291.7,0.125125,0.05,12.4242,0.0031,1.485,,,,
2000,523,289.5,0.115669,0.05,13.2432,0.0062,1.48,299.08,10.9736,0.0,1.515
