episode,train_steps,train_reward,train_loss,eps,train_avg_delay_ms,train_loss_rate,train_throughput,eval_reward,eval_avg_delay_ms,eval_loss_rate,eval_throughput
1,938,-102.34,0.025941,0.9743,21.1538,0.36,0.455,,,,
2,970,-110.0,0.042375,0.9436,26.954,0.3638,0.435,,,,
3,925,-50.98,0.047727,0.9143,25.1681,0.3291,0.595,,,,
4,961,-89.78,0.049212,0.8839,23.6735,0.3522,0.49,,,,
5,976,-48.9,0.046781,0.853,28.7398,0.3305,0.615,,,,
6,958,-20.74,0.048016,0.8226,26.8182,0.3028,0.66,,,,
7,958,-77.8,0.050789,0.7923,31.9608,0.3519,0.51,,,,
8,945,-22.28,0.052832,0.7624,27.4265,0.3118,0.68,,,,
9,941,12.74,0.062338,0.7326,23.9803,0.2848,0.76,,,,
10,912,-19.82,0.062743,0.7037,27.6136,0.305,0.66,,,,
11,899,66.52,0.063293,0.6752,24.0395,0.2368,0.885,,,,
12,888,63.68,0.065172,0.6471,24.569,0.2344,0.87,,,,
13,916,64.34,0.067873,0.6181,27.0556,0.2482,0.9,,,,
14,880,79.96,0.06283,0.5902,25.6486,0.2276,0.925,,,,
15,852,112.6,0.068807,0.5633,23.7192,0.2005,1.015,,,,
16,838,96.68,0.070171,0.5367,20.5,0.204,0.95,,,,
17,858,110.48,0.070172,0.5095,22.7723,0.2025,1.01,,,,
18,934,115.86,0.074914,0.48,27.3399,0.1929,1.015,,,,
19,794,135.64,0.076926,0.4548,20.545,0.1688,1.055,,,,
20,859,179.48,0.081429,0.4276,23.038,0.1284,1.185,,,,
21,812,175.56,0.077057,0.4019,21.0504,0.1398,1.19,,,,
22,794,187.76,0.081162,0.3768,20.8125,0.116,1.2,,,,
23,769,218.22,0.078208,0.3524,21.1024,0.078,1.27,,,,
24,754,199.54,0.079381,0.3285,20.6531,0.1011,1.225,,,,
25,712,225.64,0.076311,0.306,18.6364,0.0857,1.32,,,,
26,750,226.84,0.080677,0.2822,18.9773,0.0805,1.32,,,,
27,711,246.48,0.085347,0.2597,16.7593,0.0448,1.35,,,,
28,677,232.26,0.079454,0.2383,17.3962,0.0725,1.325,,,,
29,757,223.6,0.086388,0.2143,19.6731,0.0778,1.3,,,,
30,615,250.52,0.088334,0.1948,16.2956,0.0504,1.37,,,,
31,633,253.18,0.08943,0.1748,16.6486,0.0476,1.38,,,,
32,644,267.94,0.081944,0.1544,16.0954,0.0244,1.415,,,,
33,598,269.84,0.08457,0.1355,14.9647,0.0214,1.415,,,,
34,587,271.12,0.091946,0.1169,15.193,0.0244,1.425,,,,
35,596,276.94,0.085549,0.098,15.3993,0.0154,1.44,,,,
36,576,284.36,0.085787,0.0798,15.1884,0.0062,1.46,,,,
37,549,288.94,0.091173,0.0624,13.4576,0.0031,1.475,,,,
38,534,290.26,0.086194,0.05,12.9054,0.0031,1.48,,,,
39,536,284.18,0.09124,0.05,12.7397,0.0093,1.46,,,,
40,518,292.62,0.089723,0.05,12.953,0.0031,1.49,,,,
41,522,288.54,0.08735,0.05,12.1115,0.0093,1.48,,,,
42,518,295.68,0.092035,0.05,11.6279,0.0031,1.505,,,,
43,531,290.32,0.094158,0.05,12.3142,0.0031,1.48,,,,
44,543,284.0,0.08827,0.05,14.3471,0.0062,1.455,,,,
45,530,294.38,0.0828,0.05,12.8595,0.0,1.495,,,,
46,546,287.98,0.086559,0.05,13.4864,0.0031,1.47,,,,
47,543,288.08,0.081128,0.05,12.7797,0.0062,1.475,,,,
48,554,283.74,0.094384,0.05,15.2069,0.0031,1.45,,,,
49,520,293.6,0.086643,0.05,11.6555,0.0031,1.495,,,,
50,546,280.92,0.097068,0.05,14.2734,0.0093,1.445,,,,
51,502,292.98,0.091932,0.05,11.689,0.0062,1.495,,,,
52,512,294.78,0.09148,0.05,11.75,0.0031,1.5,,,,
53,531,287.26,0.090789,0.05,13.5666,0.0031,1.465,,,,
54,528,290.38,0.088766,0.05,13.2601,0.0031,1.48,,,,
55,560,288.72,0.089781,0.05,13.0508,0.0031,1.475,,,,
56,540,293.16,0.100851,0.05,13.8758,0.0,1.49,,,,
57,531,292.32,0.091874,0.05,13.5017,0.0,1.485,,,,
58,535,292.24,0.095003,0.05,12.7778,0.0,1.485,,,,
59,521,292.56,0.089901,0.05,12.2651,0.0031,1.49,,,,
60,529,290.36,0.098834,0.05,13.3277,0.0031,1.48,,,,
61,537,289.14,0.095259,0.05,12.7551,0.0,1.47,,,,
62,533,292.32,0.090154,0.05,13.2047,0.0031,1.49,,,,
63,540,294.18,0.092236,0.05,13.2776,0.0,1.495,,,,
64,529,292.36,0.100934,0.05,12.4411,0.0,1.485,,,,
65,551,278.82,0.09477,0.05,15.0,0.0123,1.44,,,,
66,534,287.24,0.08973,0.05,12.8571,0.0062,1.47,,,,
67,545,280.94,0.094453,0.05,15.4671,0.0093,1.445,,,,
68,537,287.14,0.086872,0.05,14.5222,0.0031,1.465,,,,
69,518,285.48,0.100059,0.05,13.3505,0.0031,1.455,,,,
70,526,288.38,0.09114,0.05,12.9252,0.0031,1.47,,,,
71,540,286.06,0.094188,0.05,13.1336,0.0031,1.46,,,,
72,533,290.28,0.094371,0.05,13.4628,0.0031,1.48,,,,
73,532,289.28,0.097111,0.05,12.5254,0.0031,1.475,,,,
74,544,285.0,0.09775,0.05,13.9897,0.0062,1.46,,,,
75,548,284.92,0.104024,0.05,13.4932,0.0062,1.46,,,,
76,551,288.9,0.092139,0.05,13.6949,0.0031,1.475,,,,
77,536,293.24,0.098914,0.05,13.4396,0.0,1.49,,,,
78,545,279.96,0.106738,0.05,14.5675,0.0123,1.445,,,,
79,527,294.44,0.096573,0.05,12.7425,0.0,1.495,,,,
80,539,294.2,0.095878,0.05,13.2274,0.0,1.495,,,,
81,524,289.48,0.112849,0.05,12.5169,0.0062,1.48,,,,
82,535,294.28,0.107766,0.05,13.0769,0.0,1.495,,,,
83,527,291.42,0.112197,0.05,13.5017,0.0031,1.485,,,,
84,521,289.5,0.099546,0.05,12.9831,0.0031,1.475,,,,
85,542,288.1,0.106835,0.05,13.5593,0.0062,1.475,,,,
86,528,290.38,0.117391,0.05,14.0372,0.0031,1.48,,,,
87,540,284.06,0.104199,0.05,14.3643,0.0062,1.455,,,,
88,519,282.56,0.112735,0.05,13.4418,0.0154,1.46,,,,
89,526,292.42,0.10939,0.05,13.5859,0.0,1.485,,,,
90,540,292.18,0.121476,0.05,12.9027,0.0031,1.49,,,,
91,515,291.7,0.111684,0.05,12.3322,0.0062,1.49,,,,
92,539,293.18,0.112465,0.05,12.7517,0.0,1.49,,,,
93,545,287.1,0.113714,0.05,13.1926,0.0123,1.48,,,,
94,522,291.52,0.109319,0.05,13.1145,0.0031,1.485,,,,
95,542,290.1,0.106594,0.05,13.7162,0.0031,1.48,,,,
96,530,290.38,0.101859,0.05,12.9966,0.0062,1.485,,,,
97,523,290.48,0.10908,0.05,12.5676,0.0031,1.48,,,,
98,528,295.44,0.105746,0.05,12.4167,0.0,1.5,,,,
99,528,292.42,0.112051,0.05,12.7349,0.0031,1.49,,,,
100,527,291.42,0.101422,0.05,12.9125,0.0031,1.485,,,,
101,524,281.44,0.119659,0.05,13.299,0.0154,1.455,,,,
102,554,289.86,0.111205,0.05,14.5101,0.0031,1.48,,,,
103,535,286.2,0.11762,0.05,14.6587,0.0062,1.465,,,,
104,535,288.24,0.121981,0.05,14.5593,0.0062,1.475,,,,
105,519,288.56,0.115831,0.05,13.2712,0.0062,1.475,,,,
106,537,289.18,0.107676,0.05,12.7966,0.0031,1.475,,,,
107,530,285.32,0.111037,0.05,12.8669,0.0093,1.465,,,,
108,536,288.18,0.125384,0.05,13.5034,0.0031,1.47,,,,
109,527,290.4,0.109579,0.05,12.7365,0.0031,1.48,,,,
110,509,295.82,0.120413,0.05,11.75,0.0,1.5,,,,
111,513,289.66,0.119731,0.05,12.9661,0.0031,1.475,,,,
112,527,294.48,0.122554,0.05,12.5333,0.0031,1.5,,,,
113,516,287.6,0.099134,0.05,13.7245,0.0062,1.47,,,,
114,539,292.2,0.110873,0.05,13.1544,0.0031,1.49,,,,
115,522,291.48,0.106106,0.05,12.7703,0.0,1.48,,,,
116,519,282.52,0.111969,0.05,12.2337,0.0123,1.455,,,,
117,535,290.2,0.105933,0.05,13.6271,0.0,1.475,,,,
118,563,287.64,0.12007,0.05,14.3197,0.0031,1.47,,,,
119,528,286.34,0.108739,0.05,13.2765,0.0062,1.465,,,,
120,523,286.48,0.11489,0.05,13.0272,0.0093,1.47,,,,
121,529,291.38,0.108892,0.05,12.8956,0.0031,1.485,,,,
122,518,291.6,0.106889,0.05,12.5589,0.0031,1.485,,,,
123,548,287.9,0.10993,0.05,13.0546,0.0,1.465,,,,
124,543,286.08,0.116678,0.05,14.5918,0.0093,1.47,,,,
125,535,292.24,0.103392,0.05,12.4411,0.0,1.485,,,,
126,526,293.44,0.123291,0.05,12.4497,0.0,1.49,,,,
127,534,285.12,0.109838,0.05,13.0862,0.0,1.45,,,,
128,553,291.88,0.097152,0.05,13.468,0.0,1.485,,,,
129,545,284.98,0.102996,0.05,14.8116,0.0062,1.46,,,,
130,548,293.0,0.11522,0.05,13.5403,0.0,1.49,,,,
131,519,292.6,0.11322,0.05,12.6007,0.0031,1.49,,,,
132,544,289.08,0.113583,0.05,13.6993,0.0062,1.48,,,,
133,533,286.2,0.110669,0.05,13.8527,0.0031,1.46,,,,
134,511,295.78,0.115176,0.05,11.9333,0.0,1.5,,,,
135,528,292.42,0.111748,0.05,13.1544,0.0031,1.49,,,,
136,526,293.48,0.109334,0.05,12.7592,0.0031,1.495,,,,
137,534,291.28,0.121005,0.05,13.2997,0.0031,1.485,,,,
138,528,285.4,0.131671,0.05,12.398,0.0123,1.47,,,,
139,538,293.28,0.120356,0.05,11.8167,0.0062,1.5,,,,
140,535,290.2,0.117273,0.05,12.9831,0.0,1.475,,,,
141,520,291.56,0.104312,0.05,12.9966,0.0031,1.485,,,,
142,547,281.92,0.124625,0.05,15.5,0.0093,1.45,,,,
143,534,290.26,0.11286,0.05,12.973,0.0031,1.48,,,,
144,525,288.48,0.117603,0.05,13.3953,0.0093,1.48,,,,
145,522,285.52,0.114827,0.05,12.6701,0.0123,1.47,,,,
146,518,295.64,0.117107,0.05,12.5,0.0,1.5,,,,
147,533,292.32,0.111346,0.05,13.2047,0.0031,1.49,,,,
148,527,290.4,0.117049,0.05,12.7872,0.0031,1.48,,,,
149,560,286.76,0.12446,0.05,14.8983,0.0093,1.475,,,,
150,527,291.42,0.125271,0.05,12.963,0.0031,1.485,,,,
151,524,288.46,0.12318,0.05,12.2373,0.0062,1.475,,,,
152,525,292.48,0.099742,0.05,12.5671,0.0031,1.49,,,,
153,529,289.34,0.118486,0.05,13.1017,0.0031,1.475,,,,
154,546,289.0,0.110673,0.05,14.0508,0.0031,1.475,,,,
155,526,290.46,0.11462,0.05,13.3333,0.0062,1.485,,,,
156,527,288.36,0.115331,0.05,12.517,0.0031,1.47,,,,
157,518,295.64,0.119356,0.05,12.5167,0.0,1.5,,,,
158,525,291.42,0.123873,0.05,13.1757,0.0,1.48,,,,
159,531,291.38,0.119239,0.05,12.0638,0.0062,1.49,,,,
160,539,291.18,0.116501,0.05,12.8788,0.0031,1.485,,,,
161,514,288.66,0.121702,0.05,13.0169,0.0062,1.475,,,,
162,544,281.0,0.117304,0.05,14.931,0.0123,1.45,,,,
163,533,289.26,0.111214,0.05,12.678,0.0031,1.475,,,,
164,519,290.6,0.117512,0.05,13.7037,0.0062,1.485,,,,
165,520,295.6,0.123691,0.05,12.1833,0.0,1.5,,,,
166,521,293.54,0.115701,0.05,13.0201,0.0,1.49,,,,
167,539,292.16,0.127543,0.05,13.7205,0.0,1.485,,,,
168,537,286.12,0.140119,0.05,13.0651,0.0031,1.46,,,,
169,523,294.52,0.118508,0.05,12.9599,0.0,1.495,,,,
170,535,294.28,0.123156,0.05,12.8428,0.0,1.495,,,,
171,550,276.88,0.116993,0.05,15.0,0.0184,1.44,,,,
172,549,291.96,0.119547,0.05,13.8047,0.0,1.485,,,,
173,553,285.84,0.109029,0.05,14.4369,0.0062,1.465,,,,
174,527,291.42,0.127247,0.05,12.6094,0.0031,1.485,,,,
175,512,291.72,0.112107,0.05,12.7104,0.0031,1.485,,,,
176,518,291.6,0.128707,0.05,12.4242,0.0031,1.485,,,,
177,518,292.58,0.11553,0.05,12.3401,0.0,1.485,,,,
178,543,291.1,0.130333,0.05,14.1077,0.0031,1.485,,,,
179,510,282.74,0.126901,0.05,13.5788,0.0154,1.46,,,,
180,523,289.46,0.114896,0.05,13.6102,0.0031,1.475,,,,
181,514,290.66,0.130022,0.05,12.9054,0.0031,1.48,,,,
182,543,291.1,0.138827,0.05,12.6263,0.0031,1.485,,,,
183,532,290.3,0.114466,0.05,12.6014,0.0031,1.48,,,,
184,524,281.4,0.110117,0.05,13.4655,0.0123,1.45,,,,
185,527,289.38,0.107356,0.05,13.339,0.0031,1.475,,,,
186,523,291.5,0.105811,0.05,13.1145,0.0031,1.485,,,,
187,510,291.76,0.129034,0.05,11.6835,0.0031,1.485,,,,
188,513,295.74,0.135326,0.05,11.7167,0.0,1.5,,,,
189,521,290.52,0.117413,0.05,13.3615,0.0031,1.48,,,,
190,512,289.72,0.114106,0.05,12.9899,0.0062,1.48,,,,
191,510,289.76,0.118864,0.05,13.1757,0.0062,1.48,,,,
192,512,290.7,0.127734,0.05,12.6858,0.0031,1.48,,,,
193,525,291.46,0.124378,0.05,13.6195,0.0031,1.485,,,,
194,520,292.54,0.128479,0.05,13.064,0.0,1.485,,,,
195,522,293.52,0.133319,0.05,12.5503,0.0,1.49,,,,
196,518,279.52,0.121502,0.05,12.9585,0.0154,1.445,,,,
197,525,283.46,0.115246,0.05,13.8567,0.0154,1.465,,,,
198,538,288.18,0.102104,0.05,14.7797,0.0062,1.475,,,,
199,519,291.58,0.117895,0.05,12.1044,0.0031,1.485,,,,
200,509,287.74,0.116476,0.05,12.8912,0.0062,1.47,299.1,11.0561,0.0,1.515
201,523,293.5,0.111796,0.05,13.2047,0.0,1.49,,,,
202,528,293.4,0.118366,0.05,11.7785,0.0,1.49,,,,
203,515,290.64,0.142776,0.05,13.1588,0.0031,1.48,,,,
204,523,287.46,0.128477,0.05,13.3333,0.0062,1.47,,,,
205,525,284.44,0.120651,0.05,13.5324,0.0123,1.465,,,,
206,518,292.58,0.12273,0.05,12.8788,0.0,1.485,,,,
207,516,281.6,0.105453,0.05,13.2131,0.0154,1.455,,,,
208,522,285.52,0.129544,0.05,13.7925,0.0123,1.47,,,,
209,528,288.38,0.12663,0.05,13.2203,0.0062,1.475,,,,
210,527,292.4,0.101159,0.05,13.1987,0.0,1.485,,,,
211,527,292.4,0.121532,0.05,13.3333,0.0,1.485,,,,
212,526,295.52,0.12237,0.05,11.7608,0.0031,1.505,,,,
213,511,287.7,0.134882,0.05,13.2993,0.0062,1.47,,,,
214,516,291.64,0.126308,0.05,11.8687,0.0031,1.485,,,,
215,529,289.38,0.128768,0.05,13.5642,0.0062,1.48,,,,
216,528,293.4,0.115646,0.05,12.8188,0.0,1.49,,,,
217,519,287.58,0.119704,0.05,12.2034,0.0093,1.475,,,,
218,520,293.64,0.115539,0.05,11.55,0.0062,1.5,,,,
219,524,287.44,0.114509,0.05,13.2653,0.0062,1.47,,,,
220,513,292.68,0.124796,0.05,12.3569,0.0,1.485,,,,
221,527,286.36,0.112036,0.05,13.6007,0.0062,1.465,,,,
222,512,295.8,0.121027,0.05,11.495,0.0031,1.505,,,,
223,522,293.52,0.114629,0.05,12.9866,0.0,1.49,,,,
224,528,294.42,0.124904,0.05,12.592,0.0,1.495,,,,
225,518,290.62,0.127423,0.05,13.0471,0.0062,1.485,,,,
226,524,282.42,0.11584,0.05,13.9175,0.0123,1.455,,,,
227,530,283.32,0.113527,0.05,14.2123,0.0123,1.46,,,,
228,534,285.28,0.114612,0.05,14.5748,0.0123,1.47,,,,
229,529,290.32,0.114052,0.05,12.6441,0.0,1.475,,,,
230,540,285.16,0.120199,0.05,12.9932,0.0123,1.47,,,,
231,509,285.7,0.136061,0.05,12.3801,0.0062,1.46,,,,
232,537,288.12,0.123074,0.05,13.9249,0.0,1.465,,,,
233,507,295.86,0.112559,0.05,11.8333,0.0,1.5,,,,
234,537,290.2,0.111631,0.05,13.6993,0.0031,1.48,,,,
235,536,281.12,0.116189,0.05,14.8443,0.0093,1.445,,,,
236,523,290.48,0.123575,0.05,13.1081,0.0031,1.48,,,,
237,521,295.62,0.122181,0.05,11.4452,0.0031,1.505,,,,
238,509,284.76,0.120279,0.05,13.2082,0.0123,1.465,,,,
239,532,288.26,0.128781,0.05,13.4864,0.0031,1.47,,,,
240,535,289.26,0.135266,0.05,12.8041,0.0062,1.48,,,,
241,524,291.48,0.122208,0.05,11.7845,0.0031,1.485,,,,
242,505,292.92,0.145028,0.05,11.4047,0.0062,1.495,,,,
243,533,280.16,0.128542,0.05,14.6007,0.0093,1.44,,,,
244,530,287.36,0.110388,0.05,12.3898,0.0093,1.475,,,,
245,534,291.28,0.122161,0.05,13.2997,0.0031,1.485,,,,
246,528,293.44,0.140481,0.05,11.689,0.0031,1.495,,,,
247,537,291.22,0.132281,0.05,12.7441,0.0031,1.485,,,,
248,526,293.44,0.133915,0.05,13.1711,0.0,1.49,,,,
249,540,284.06,0.126783,0.05,13.866,0.0062,1.455,,,,
250,520,296.62,0.126109,0.05,11.4286,0.0,1.505,,,,
251,522,294.54,0.130587,0.05,11.6555,0.0,1.495,,,,
252,533,285.22,0.122134,0.05,12.9795,0.0062,1.46,,,,
253,532,285.24,0.120083,0.05,12.8082,0.0062,1.46,,,,
254,521,291.54,0.108468,0.05,12.4747,0.0031,1.485,,,,
255,517,287.58,0.123431,0.05,13.4694,0.0062,1.47,,,,
256,530,296.42,0.135161,0.05,11.9103,0.0,1.505,,,,
257,528,288.38,0.12065,0.05,13.0339,0.0062,1.475,,,,
258,518,289.56,0.122647,0.05,12.661,0.0031,1.475,,,,
259,525,285.46,0.118527,0.05,13.2483,0.0123,1.47,,,,
260,528,293.4,0.138938,0.05,13.4564,0.0,1.49,,,,
261,521,292.52,0.145233,0.05,12.6768,0.0,1.485,,,,
262,523,287.46,0.140976,0.05,13.7415,0.0062,1.47,,,,
263,524,291.48,0.127159,0.05,13.1145,0.0031,1.485,,,,
264,522,289.48,0.12036,0.05,12.661,0.0031,1.475,,,,
265,522,294.58,0.120486,0.05,12.1833,0.0031,1.5,,,,
266,534,292.3,0.12103,0.05,12.2987,0.0031,1.49,,,,
267,523,293.58,0.129533,0.05,11.5167,0.0062,1.5,,,,
268,521,292.56,0.126254,0.05,12.6342,0.0031,1.49,,,,
269,513,287.7,0.132835,0.05,13.7288,0.0093,1.475,,,,
270,523,287.46,0.121838,0.05,13.4864,0.0062,1.47,,,,
271,515,291.62,0.134391,0.05,12.3142,0.0,1.48,,,,
272,518,289.56,0.123232,0.05,13.0678,0.0031,1.475,,,,
273,523,290.48,0.123608,0.05,13.9865,0.0031,1.48,,,,
274,523,288.48,0.119963,0.05,13.1186,0.0062,1.475,,,,
275,522,290.54,0.118337,0.05,12.8956,0.0062,1.485,,,,
276,525,289.46,0.123409,0.05,13.5304,0.0062,1.48,,,,
277,528,283.28,0.130522,0.05,13.1897,0.0062,1.45,,,,
278,538,290.18,0.126997,0.05,12.7703,0.0031,1.48,,,,
279,534,285.2,0.12644,0.05,13.0308,0.0062,1.46,,,,
280,547,288.94,0.139222,0.05,13.2653,0.0,1.47,,,,
281,516,289.6,0.127792,0.05,12.4407,0.0031,1.475,,,,
282,529,280.32,0.137661,0.05,13.5,0.0154,1.45,,,,
283,529,287.34,0.140728,0.05,12.7551,0.0062,1.47,,,,
284,527,293.42,0.107631,0.05,12.5671,0.0,1.49,,,,
285,514,290.66,0.136001,0.05,12.0439,0.0031,1.48,,,,
286,528,290.38,0.113284,0.05,13.1419,0.0031,1.48,,,,
287,547,295.06,0.129262,0.05,13.1,0.0,1.5,,,,
288,537,295.26,0.119157,0.05,12.7,0.0,1.5,,,,
289,530,296.42,0.116679,0.05,11.7608,0.0,1.505,,,,
290,534,292.26,0.128177,0.05,13.6195,0.0,1.485,,,,
291,540,293.16,0.125322,0.05,13.4899,0.0,1.49,,,,
292,546,286.96,0.129159,0.05,14.5734,0.0031,1.465,,,,
293,533,286.32,0.132033,0.05,12.2542,0.0123,1.475,,,,
294,538,290.14,0.114677,0.05,12.7797,0.0,1.475,,,,
295,546,279.94,0.117847,0.05,14.1176,0.0123,1.445,,,,
296,520,291.64,0.12161,0.05,11.4047,0.0093,1.495,,,,
297,590,183.76,0.137175,0.05,15.8547,0.1209,1.17,,,,
298,529,291.38,0.139872,0.05,13.5017,0.0031,1.485,,,,
299,552,280.8,0.128799,0.05,14.1869,0.0093,1.445,,,,
300,522,282.5,0.120821,0.05,13.0993,0.0154,1.46,,,,
301,514,293.68,0.143537,0.05,12.6007,0.0,1.49,,,,
302,514,288.66,0.133813,0.05,12.322,0.0062,1.475,,,,
303,517,291.62,0.137453,0.05,12.8451,0.0031,1.485,,,,
304,531,285.3,0.148253,0.05,13.8737,0.0093,1.465,,,,
305,527,288.4,0.107681,0.05,13.4407,0.0062,1.475,,,,
306,521,288.48,0.120988,0.05,12.5,0.0031,1.47,,,,
307,522,291.52,0.113237,0.05,13.064,0.0031,1.485,,,,
308,525,292.52,0.131677,0.05,12.2408,0.0062,1.495,,,,
309,522,289.48,0.125935,0.05,11.9322,0.0031,1.475,,,,
310,507,293.9,0.119087,0.05,11.2333,0.0062,1.5,,,,
311,529,288.32,0.121945,0.05,12.8741,0.0031,1.47,,,,
312,527,289.38,0.10481,0.05,13.0,0.0031,1.475,,,,
313,516,294.66,0.13615,0.05,11.6388,0.0,1.495,,,,
314,516,291.64,0.132011,0.05,12.4242,0.0031,1.485,,,,
315,535,288.24,0.145079,0.05,14.0,0.0062,1.475,,,,
316,528,283.36,0.138729,0.05,14.3664,0.0123,1.46,,,,
317,534,289.28,0.144512,0.05,13.2095,0.0062,1.48,,,,
318,526,294.46,0.118934,0.05,12.1237,0.0,1.495,,,,
319,508,292.9,0.119949,0.05,11.25,0.0093,1.5,,,,
320,520,294.66,0.129171,0.05,11.5615,0.0062,1.505,,,,
321,535,289.18,0.131356,0.05,13.0952,0.0,1.47,,,,
322,507,289.86,0.131607,0.05,11.5488,0.0093,1.485,,,,
323,542,283.08,0.118181,0.05,14.161,0.0123,1.46,,,,
324,513,292.76,0.12503,0.05,12.3411,0.0062,1.495,,,,
325,519,291.62,0.124357,0.05,12.198,0.0062,1.49,,,,
326,531,286.28,0.104451,0.05,14.2491,0.0062,1.465,,,,
327,522,289.48,0.112705,0.05,13.0,0.0031,1.475,,,,
328,511,290.8,0.140357,0.05,11.745,0.0093,1.49,,,,
329,532,286.3,0.123655,0.05,13.5374,0.0093,1.47,,,,
330,526,290.42,0.134705,0.05,14.0203,0.0031,1.48,,,,
331,519,294.6,0.123231,0.05,12.408,0.0,1.495,,,,
332,533,289.3,0.131034,0.05,14.3074,0.0062,1.48,,,,
333,522,298.62,0.116723,0.05,11.6007,0.0,1.515,,,,
334,531,293.38,0.125242,0.05,12.6087,0.0031,1.495,,,,
335,531,291.34,0.125081,0.05,12.6936,0.0031,1.485,,,,
336,511,294.76,0.130388,0.05,12.0234,0.0,1.495,,,,
337,521,293.62,0.141723,0.05,11.8167,0.0062,1.5,,,,
338,536,292.26,0.1188,0.05,13.0201,0.0031,1.49,,,,
339,506,288.86,0.134245,0.05,12.1959,0.0093,1.48,,,,
340,521,289.5,0.128981,0.05,12.0169,0.0031,1.475,,,,
341,524,286.42,0.126648,0.05,12.884,0.0062,1.465,,,,
342,520,288.54,0.143679,0.05,12.4407,0.0062,1.475,,,,
343,526,294.5,0.121089,0.05,12.65,0.0031,1.5,,,,
344,531,283.3,0.108711,0.05,13.8527,0.0123,1.46,,,,
345,522,290.5,0.122597,0.05,13.5473,0.0031,1.48,,,,
346,561,280.62,0.129012,0.05,15.2422,0.0093,1.445,,,,
347,526,287.4,0.132561,0.05,13.4354,0.0062,1.47,,,,
348,524,291.48,0.113614,0.05,13.7374,0.0031,1.485,,,,
349,536,283.12,0.135292,0.05,14.2414,0.0062,1.45,,,,
350,537,289.22,0.113124,0.05,13.8514,0.0062,1.48,,,,
351,547,285.92,0.133409,0.05,14.0582,0.0031,1.46,,,,
352,509,288.76,0.129332,0.05,12.2712,0.0062,1.475,,,,
353,524,284.42,0.117128,0.05,13.9555,0.0093,1.46,,,,
354,535,288.2,0.132771,0.05,13.4864,0.0031,1.47,,,,
355,537,291.22,0.123845,0.05,13.2828,0.0031,1.485,,,,
356,521,291.54,0.132301,0.05,13.3333,0.0031,1.485,,,,
357,547,286.98,0.124996,0.05,14.0476,0.0062,1.47,,,,
358,546,291.0,0.132138,0.05,13.1419,0.0,1.48,,,,
359,532,293.32,0.112237,0.05,12.9698,0.0,1.49,,,,
360,552,282.8,0.130729,0.05,14.7241,0.0062,1.45,,,,
361,525,287.42,0.12884,0.05,12.7721,0.0062,1.47,,,,
362,520,286.5,0.152581,0.05,12.5597,0.0062,1.465,,,,
363,521,293.58,0.130045,0.05,12.4582,0.0031,1.495,,,,
364,514,290.66,0.131366,0.05,12.3649,0.0031,1.48,,,,
365,573,274.38,0.139004,0.05,14.9476,0.0184,1.43,,,,
366,516,293.64,0.132024,0.05,12.3993,0.0,1.49,,,,
367,528,290.38,0.127254,0.05,12.9054,0.0031,1.48,,,,
368,524,294.54,0.141312,0.05,12.4333,0.0031,1.5,,,,
369,538,283.12,0.134397,0.05,13.5223,0.0093,1.455,,,,
370,527,292.44,0.124915,0.05,12.4664,0.0031,1.49,,,,
371,544,279.0,0.127538,0.05,14.0484,0.0154,1.445,,,,
372,534,291.28,0.120983,0.05,12.6431,0.0031,1.485,,,,
373,522,287.52,0.14228,0.05,13.2034,0.0093,1.475,,,,
374,526,291.44,0.129456,0.05,13.064,0.0031,1.485,,,,
375,525,292.44,0.139915,0.05,12.5589,0.0,1.485,,,,
376,519,288.56,0.115327,0.05,13.4068,0.0062,1.475,,,,
377,537,287.1,0.116388,0.05,13.3562,0.0,1.46,,,,
378,527,286.36,0.126698,0.05,12.5256,0.0062,1.465,,,,
379,559,275.64,0.136246,0.05,15.0175,0.0154,1.43,,,,
380,529,290.36,0.130091,0.05,13.0574,0.0031,1.48,,,,
381,518,299.72,0.144975,0.05,11.3651,0.0,1.52,,,,
382,520,290.54,0.130316,0.05,13.1926,0.0031,1.48,,,,
383,538,288.1,0.115225,0.05,13.3106,0.0,1.465,,,,
384,550,289.98,0.13324,0.05,13.4175,0.0062,1.485,,,,
385,527,288.32,0.136383,0.05,12.7986,0.0,1.465,,,,
386,539,287.06,0.145809,0.05,13.6301,0.0,1.46,,,,
387,545,293.06,0.111947,0.05,13.7752,0.0,1.49,,,,
388,536,289.24,0.124458,0.05,12.652,0.0062,1.48,,,,
389,523,291.46,0.121977,0.05,12.3986,0.0,1.48,,,,
390,531,287.3,0.123798,0.05,14.3707,0.0062,1.47,,,,
391,520,285.56,0.135266,0.05,13.8095,0.0123,1.47,,,,
392,529,290.44,0.13358,0.05,11.9295,0.0093,1.49,,,,
393,513,287.66,0.12612,0.05,12.517,0.0062,1.47,,,,
394,538,290.18,0.161117,0.05,13.277,0.0031,1.48,,,,
395,523,294.52,0.140947,0.05,12.4749,0.0,1.495,,,,
396,543,281.06,0.153415,0.05,14.4502,0.0154,1.455,,,,
397,534,288.26,0.128544,0.05,14.1525,0.0062,1.475,,,,
398,539,288.16,0.114134,0.05,13.7797,0.0062,1.475,,,,
399,558,290.76,0.125933,0.05,13.7331,0.0,1.48,,,,
400,553,289.88,0.129611,0.05,13.9527,0.0031,1.48,299.1,11.0561,0.0,1.515
401,525,289.42,0.129671,0.05,13.3898,0.0031,1.475,,,,
402,513,285.66,0.121653,0.05,11.7918,0.0093,1.465,,,,
403,514,292.66,0.153361,0.05,12.3569,0.0,1.485,,,,
404,543,281.06,0.125927,0.05,14.0206,0.0154,1.455,,,,
405,530,282.34,0.104554,0.05,13.5274,0.0154,1.46,,,,
406,510,293.8,0.133752,0.05,11.6054,0.0031,1.495,,,,
407,541,288.04,0.136022,0.05,13.2935,0.0,1.465,,,,
408,519,289.58,0.136019,0.05,13.1757,0.0062,1.48,,,,
409,518,290.62,0.122483,0.05,11.9697,0.0062,1.485,,,,
410,533,287.26,0.123116,0.05,13.7925,0.0062,1.47,,,,
411,524,289.44,0.123782,0.05,12.0508,0.0031,1.475,,,,
412,533,288.28,0.113425,0.05,13.678,0.0062,1.475,,,,
413,540,294.18,0.124559,0.05,13.0769,0.0,1.495,,,,
414,522,288.54,0.128931,0.05,12.2128,0.0093,1.48,,,,
415,550,287.94,0.137677,0.05,14.5254,0.0062,1.475,,,,
416,534,288.22,0.142615,0.05,13.9456,0.0031,1.47,,,,
417,515,287.62,0.13285,0.05,13.3503,0.0062,1.47,,,,
418,535,292.24,0.140574,0.05,13.2492,0.0,1.485,,,,
419,508,282.78,0.124012,0.05,12.0719,0.0154,1.46,,,,
420,524,294.54,0.113078,0.05,12.3667,0.0031,1.5,,,,
421,522,291.52,0.118773,0.05,12.6431,0.0031,1.485,,,,
422,529,289.38,0.117416,0.05,11.875,0.0062,1.48,,,,
423,545,290.0,0.126171,0.05,14.1525,0.0,1.475,,,,
424,525,286.4,0.122478,0.05,12.8669,0.0062,1.465,,,,
425,523,290.48,0.122594,0.05,13.3953,0.0031,1.48,,,,
426,551,286.9,0.136059,0.05,13.9456,0.0062,1.47,,,,
427,522,288.5,0.128664,0.05,12.8136,0.0062,1.475,,,,
428,510,288.78,0.126535,0.05,12.348,0.0093,1.48,,,,
429,504,288.82,0.142922,0.05,12.2789,0.0031,1.47,,,,
430,519,285.5,0.103937,0.05,12.4829,0.0062,1.46,,,,
431,530,286.3,0.143556,0.05,13.8567,0.0062,1.465,,,,
432,503,288.88,0.140939,0.05,12.5763,0.0062,1.475,,,,
433,529,287.38,0.133935,0.05,13.6102,0.0093,1.475,,,,
434,531,289.34,0.129195,0.05,13.2264,0.0062,1.48,,,,
435,528,286.38,0.138721,0.05,13.4864,0.0093,1.47,,,,
436,528,293.44,0.122767,0.05,12.4247,0.0031,1.495,,,,
437,526,291.4,0.139608,0.05,12.3649,0.0,1.48,,,,
438,524,292.46,0.13045,0.05,12.6599,0.0,1.485,,,,
439,518,290.54,0.124589,0.05,12.2034,0.0,1.475,,,,
440,518,289.6,0.125188,0.05,13.5304,0.0062,1.48,,,,
441,515,290.64,0.147807,0.05,12.7365,0.0031,1.48,,,,
442,514,289.64,0.135568,0.05,12.0678,0.0031,1.475,,,,
443,544,281.04,0.129957,0.05,14.3986,0.0154,1.455,,,,
444,532,291.28,0.132467,0.05,13.9527,0.0,1.48,,,,
445,520,289.52,0.141306,0.05,12.7966,0.0031,1.475,,,,
446,517,286.56,0.142191,0.05,12.2526,0.0062,1.465,,,,
447,512,289.72,0.145151,0.05,13.0236,0.0062,1.48,,,,
448,516,286.58,0.14607,0.05,13.3788,0.0062,1.465,,,,
449,526,291.4,0.124403,0.05,13.1757,0.0,1.48,,,,
450,529,291.38,0.11579,0.05,12.9461,0.0031,1.485,,,,
451,538,289.2,0.134549,0.05,13.5304,0.0062,1.48,,,,
452,517,295.7,0.12746,0.05,11.3455,0.0031,1.505,,,,
453,523,291.46,0.134679,0.05,12.1791,0.0,1.48,,,,
454,528,292.42,0.133875,0.05,11.9295,0.0031,1.49,,,,
455,535,283.22,0.139271,0.05,13.9212,0.0123,1.46,,,,
456,521,291.5,0.15079,0.05,13.4966,0.0,1.48,,,,
457,516,296.7,0.121714,0.05,11.6777,0.0,1.505,,,,
458,529,287.38,0.135088,0.05,12.4237,0.0093,1.475,,,,
459,515,290.68,0.130996,0.05,11.5152,0.0062,1.485,,,,
460,520,291.56,0.114858,0.05,12.1717,0.0031,1.485,,,,
461,523,291.46,0.128064,0.05,12.9054,0.0,1.48,,,,
462,536,291.24,0.133279,0.05,13.5017,0.0031,1.485,,,,
463,534,286.22,0.112674,0.05,14.0444,0.0062,1.465,,,,
464,531,291.34,0.123722,0.05,13.5522,0.0031,1.485,,,,
465,511,288.72,0.130611,0.05,11.9153,0.0062,1.475,,,,
466,552,287.86,0.12463,0.05,14.6259,0.0031,1.47,,,,
467,526,291.48,0.123909,0.05,12.1477,0.0062,1.49,,,,
468,532,287.28,0.139443,0.05,14.0476,0.0062,1.47,,,,
469,518,291.72,0.121844,0.05,11.45,0.0123,1.5,,,,
470,543,286.04,0.143015,0.05,14.5734,0.0062,1.465,,,,
471,522,291.48,0.126926,0.05,13.125,0.0,1.48,,,,
472,527,287.42,0.128945,0.05,13.3051,0.0093,1.475,,,,
473,519,285.58,0.123715,0.05,13.7925,0.0123,1.47,,,,
474,535,290.24,0.133767,0.05,13.7669,0.0031,1.48,,,,
475,515,290.64,0.131377,0.05,13.4459,0.0031,1.48,,,,
476,512,287.72,0.12727,0.05,12.6949,0.0093,1.475,,,,
477,535,291.26,0.124341,0.05,14.1582,0.0031,1.485,,,,
478,527,296.48,0.140745,0.05,11.9601,0.0,1.505,,,,
479,528,292.38,0.138321,0.05,12.5758,0.0,1.485,,,,
480,514,291.72,0.134761,0.05,11.9631,0.0062,1.49,,,,
481,527,291.42,0.143364,0.05,13.5354,0.0031,1.485,,,,
482,539,289.14,0.160149,0.05,13.3559,0.0031,1.475,,,,
483,523,290.48,0.126062,0.05,12.2973,0.0031,1.48,,,,
484,517,291.62,0.117883,0.05,12.8283,0.0031,1.485,,,,
485,535,289.26,0.14013,0.05,14.0203,0.0062,1.48,,,,
486,524,289.44,0.148446,0.05,13.9661,0.0031,1.475,,,,
487,516,288.58,0.1468,0.05,12.534,0.0031,1.47,,,,
488,526,293.44,0.118185,0.05,12.1309,0.0,1.49,,,,
489,523,294.52,0.13614,0.05,12.5418,0.0,1.495,,,,
490,513,292.72,0.124152,0.05,12.4329,0.0031,1.49,,,,
491,547,278.98,0.125894,0.05,14.1724,0.0184,1.45,,,,
492,538,289.16,0.131547,0.05,13.2881,0.0031,1.475,,,,
493,528,291.4,0.129547,0.05,13.569,0.0031,1.485,,,,
494,533,291.3,0.122738,0.05,12.6599,0.0031,1.485,,,,
495,528,281.32,0.128513,0.05,13.2241,0.0123,1.45,,,,
496,525,291.42,0.108894,0.05,12.9899,0.0,1.48,,,,
497,530,286.3,0.120871,0.05,13.9249,0.0062,1.465,,,,
498,510,288.74,0.12128,0.05,13.6441,0.0062,1.475,,,,
499,535,287.18,0.12694,0.05,14.1468,0.0031,1.465,,,,
500,538,292.18,0.128143,0.05,12.3906,0.0,1.485,,,,
501,540,295.2,0.139951,0.05,12.4667,0.0,1.5,,,,
502,533,288.24,0.135408,0.05,12.6701,0.0031,1.47,,,,
503,511,287.74,0.141101,0.05,13.4068,0.0093,1.475,,,,
504,531,283.3,0.131423,0.05,14.2295,0.0123,1.46,,,,
505,510,295.8,0.122304,0.05,11.6167,0.0,1.5,,,,
506,519,289.58,0.126944,0.05,13.1926,0.0062,1.48,,,,
507,524,288.46,0.129473,0.05,14.0847,0.0062,1.475,,,,
508,544,287.04,0.1271,0.05,14.0986,0.0062,1.47,,,,
509,516,285.6,0.142206,0.05,12.0648,0.0093,1.465,,,,
510,518,294.62,0.116441,0.05,12.2074,0.0,1.495,,,,
511,546,283.0,0.115056,0.05,14.5205,0.0123,1.46,,,,
512,523,295.54,0.122924,0.05,11.8333,0.0,1.5,,,,
513,519,291.58,0.123706,0.05,12.2054,0.0031,1.485,,,,
514,536,286.22,0.135537,0.05,13.1293,0.0093,1.47,,,,
515,535,292.24,0.12148,0.05,13.0808,0.0,1.485,,,,
516,524,288.46,0.131915,0.05,13.322,0.0062,1.475,,,,
517,522,292.54,0.127507,0.05,12.1644,0.0031,1.49,,,,
518,531,288.32,0.109429,0.05,12.9661,0.0062,1.475,,,,
519,527,288.36,0.128635,0.05,14.0986,0.0031,1.47,,,,
520,536,290.22,0.130887,0.05,13.75,0.0031,1.48,,,,
521,535,291.26,0.109214,0.05,12.5421,0.0031,1.485,,,,
522,524,289.44,0.121941,0.05,14.0339,0.0031,1.475,,,,
523,536,291.24,0.129711,0.05,13.6195,0.0031,1.485,,,,
524,525,288.48,0.126836,0.05,13.5473,0.0093,1.48,,,,
525,522,292.5,0.120813,0.05,12.3401,0.0,1.485,,,,
526,530,284.3,0.12024,0.05,13.1849,0.0093,1.46,,,,
527,507,284.76,0.122638,0.05,12.0719,0.0093,1.46,,,,
528,536,279.12,0.12746,0.05,13.8542,0.0123,1.44,,,,
529,525,289.46,0.130279,0.05,13.4628,0.0062,1.48,,,,
530,543,291.1,0.132948,0.05,14.1414,0.0031,1.485,,,,
531,515,293.66,0.125308,0.05,13.0034,0.0,1.49,,,,
532,518,291.56,0.118458,0.05,13.2432,0.0,1.48,,,,
533,523,291.46,0.139463,0.05,12.4155,0.0,1.48,,,,
534,565,282.58,0.123237,0.05,15.567,0.0093,1.455,,,,
535,530,286.26,0.13794,0.05,13.5788,0.0031,1.46,,,,
536,539,292.16,0.116234,0.05,13.266,0.0,1.485,,,,
537,542,287.08,0.135726,0.05,14.1156,0.0062,1.47,,,,
538,528,298.5,0.120159,0.05,11.7492,0.0,1.515,,,,
539,514,292.66,0.141128,0.05,12.5253,0.0,1.485,,,,
540,528,284.34,0.140589,0.05,12.8253,0.0093,1.46,,,,
541,515,290.64,0.12693,0.05,13.0068,0.0031,1.48,,,,
542,534,287.2,0.129193,0.05,14.1468,0.0031,1.465,,,,
543,526,290.42,0.131903,0.05,12.7196,0.0031,1.48,,,,
544,543,289.1,0.135255,0.05,14.223,0.0062,1.48,,,,
545,525,293.46,0.146036,0.05,12.0134,0.0,1.49,,,,
546,524,287.48,0.137597,0.05,12.6102,0.0093,1.475,,,,
547,521,287.54,0.144455,0.05,13.1017,0.0093,1.475,,,,
548,541,286.08,0.11501,0.05,13.157,0.0062,1.465,,,,
549,530,291.36,0.121871,0.05,13.67,0.0031,1.485,,,,
550,531,286.28,0.127622,0.05,13.8908,0.0062,1.465,,,,
551,538,292.18,0.128583,0.05,13.5522,0.0,1.485,,,,
552,511,287.74,0.110017,0.05,12.7627,0.0093,1.475,,,,
553,516,288.62,0.127268,0.05,13.0847,0.0062,1.475,,,,
554,519,288.56,0.129366,0.05,13.7966,0.0062,1.475,,,,
555,530,290.42,0.130393,0.05,12.1141,0.0093,1.49,,,,
556,519,290.6,0.135905,0.05,12.5926,0.0062,1.485,,,,
557,522,286.5,0.130322,0.05,13.9456,0.0093,1.47,,,,
558,522,290.5,0.143477,0.05,13.8176,0.0031,1.48,,,,
559,528,294.46,0.122768,0.05,12.8167,0.0031,1.5,,,,
560,532,289.32,0.133287,0.05,12.6182,0.0062,1.48,,,,
561,536,290.22,0.117644,0.05,13.0743,0.0031,1.48,,,,
562,517,294.64,0.127668,0.05,11.6054,0.0,1.495,,,,
563,526,289.44,0.119175,0.05,13.3784,0.0062,1.48,,,,
564,530,288.34,0.13044,0.05,13.9492,0.0062,1.475,,,,
565,531,290.32,0.119504,0.05,13.9696,0.0031,1.48,,,,
566,522,296.62,0.136498,0.05,11.4901,0.0031,1.51,,,,
567,524,290.46,0.133052,0.05,13.1757,0.0031,1.48,,,,
568,530,286.3,0.13112,0.05,14.1468,0.0062,1.465,,,,
569,529,291.34,0.120464,0.05,12.7703,0.0,1.48,,,,
570,523,285.42,0.123397,0.05,13.1336,0.0062,1.46,,,,
571,523,297.58,0.131964,0.05,11.4404,0.0,1.51,,,,
572,554,287.86,0.135698,0.05,15.0169,0.0062,1.475,,,,
573,526,284.42,0.14174,0.05,13.0717,0.0123,1.465,,,,
574,538,286.14,0.140701,0.05,13.3959,0.0062,1.465,,,,
575,522,287.48,0.10316,0.05,13.6565,0.0062,1.47,,,,
576,533,293.3,0.118114,0.05,12.6846,0.0,1.49,,,,
577,535,293.26,0.108314,0.05,13.4396,0.0,1.49,,,,
578,525,287.42,0.132192,0.05,12.9762,0.0062,1.47,,,,
579,508,291.8,0.128274,0.05,12.862,0.0031,1.485,,,,
580,525,282.44,0.123797,0.05,13.5616,0.0154,1.46,,,,
581,531,289.34,0.122639,0.05,13.1757,0.0062,1.48,,,,
582,558,283.7,0.121861,0.05,15.2921,0.0062,1.455,,,,
583,507,284.8,0.129989,0.05,13.2082,0.0123,1.465,,,,
584,524,289.52,0.146631,0.05,12.138,0.0093,1.485,,,,
585,533,291.3,0.122384,0.05,12.7104,0.0031,1.485,,,,
586,558,272.72,0.117637,0.05,15.2098,0.0244,1.43,,,,
587,522,285.48,0.135899,0.05,13.2935,0.0093,1.465,,,,
588,518,281.56,0.131064,0.05,13.5052,0.0154,1.455,,,,
589,518,293.6,0.115757,0.05,14.0772,0.0,1.49,,,,
590,524,282.46,0.135767,0.05,13.3733,0.0154,1.46,,,,
591,502,286.9,0.1098,0.05,11.9048,0.0093,1.47,,,,
592,514,291.68,0.119315,0.05,12.6431,0.0031,1.485,,,,
593,517,282.56,0.115236,0.05,13.7801,0.0123,1.455,,,,
594,515,287.66,0.110528,0.05,13.6441,0.0093,1.475,,,,
595,523,287.46,0.12394,0.05,13.5544,0.0062,1.47,,,,
596,523,289.5,0.120491,0.05,11.9426,0.0062,1.48,,,,
597,530,283.24,0.111964,0.05,13.6552,0.0062,1.45,,,,
598,518,289.6,0.113449,0.05,13.277,0.0062,1.48,,,,
599,533,283.26,0.117938,0.05,14.4692,0.0123,1.46,,,,
600,521,287.5,0.116442,0.05,13.2483,0.0062,1.47,299.1,11.0561,0.0,1.515
601,527,287.38,0.131759,0.05,13.3333,0.0062,1.47,,,,
602,532,290.3,0.127561,0.05,14.0541,0.0031,1.48,,,,
603,517,291.62,0.13141,0.05,13.8047,0.0031,1.485,,,,
604,537,282.2,0.119368,0.05,14.2123,0.0154,1.46,,,,
605,528,293.4,0.113613,0.05,13.5235,0.0,1.49,,,,
606,525,288.4,0.124132,0.05,13.5204,0.0031,1.47,,,,
607,529,293.38,0.12882,0.05,13.0034,0.0,1.49,,,,
608,526,286.38,0.133818,0.05,14.4198,0.0062,1.465,,,,
609,517,291.62,0.118682,0.05,13.367,0.0031,1.485,,,,
610,519,292.56,0.115419,0.05,13.2155,0.0,1.485,,,,
611,514,293.68,0.125592,0.05,13.3725,0.0,1.49,,,,
612,535,289.26,0.128582,0.05,13.4459,0.0062,1.48,,,,
613,538,289.2,0.131908,0.05,13.7331,0.0062,1.48,,,,
614,523,284.48,0.121277,0.05,13.4642,0.0123,1.465,,,,
615,514,291.64,0.127873,0.05,13.3784,0.0,1.48,,,,
616,522,275.48,0.14218,0.05,13.8889,0.0244,1.44,,,,
617,521,287.54,0.138542,0.05,13.5424,0.0093,1.475,,,,
618,520,291.6,0.109855,0.05,12.349,0.0062,1.49,,,,
619,520,289.56,0.135563,0.05,13.4291,0.0062,1.48,,,,
620,515,290.64,0.117768,0.05,11.9257,0.0031,1.48,,,,
621,519,291.58,0.134507,0.05,12.8114,0.0031,1.485,,,,
622,520,290.54,0.142876,0.05,12.5845,0.0031,1.48,,,,
623,520,289.56,0.118883,0.05,12.9223,0.0062,1.48,,,,
624,541,289.14,0.132558,0.05,13.7331,0.0062,1.48,,,,
625,517,287.62,0.130423,0.05,13.661,0.0093,1.475,,,,
626,531,295.38,0.137779,0.05,11.65,0.0,1.5,,,,
627,538,285.2,0.112524,0.05,13.8435,0.0123,1.47,,,,
628,522,285.52,0.139773,0.05,12.8061,0.0123,1.47,,,,
629,511,286.72,0.127541,0.05,13.3844,0.0093,1.47,,,,
630,520,285.52,0.125072,0.05,13.4642,0.0093,1.465,,,,
631,538,289.16,0.122391,0.05,13.5763,0.0031,1.475,,,,
632,519,292.6,0.119351,0.05,11.8289,0.0031,1.49,,,,
633,522,288.46,0.124109,0.05,12.9252,0.0031,1.47,,,,
634,515,289.66,0.129822,0.05,12.9899,0.0062,1.48,,,,
635,537,283.06,0.130734,0.05,13.5813,0.0031,1.445,,,,
636,517,289.62,0.122176,0.05,13.75,0.0062,1.48,,,,
637,513,287.7,0.121598,0.05,13.5593,0.0093,1.475,,,,
638,536,287.2,0.114763,0.05,14.1497,0.0062,1.47,,,,
639,521,281.46,0.104275,0.05,13.2586,0.0123,1.45,,,,
640,524,291.48,0.138087,0.05,11.9697,0.0031,1.485,,,,
641,511,287.74,0.130519,0.05,13.4407,0.0093,1.475,,,,
642,523,289.5,0.136855,0.05,13.5135,0.0062,1.48,,,,
643,526,287.4,0.116683,0.05,13.5034,0.0062,1.47,,,,
644,517,289.62,0.106508,0.05,12.8209,0.0062,1.48,,,,
645,515,288.64,0.123484,0.05,12.6271,0.0062,1.475,,,,
646,535,287.22,0.136762,0.05,13.5204,0.0062,1.47,,,,
647,519,280.52,0.129905,0.05,13.5517,0.0154,1.45,,,,
648,518,293.6,0.121088,0.05,13.9765,0.0,1.49,,,,
649,528,292.38,0.126732,0.05,12.7104,0.0,1.485,,,,
650,537,288.2,0.131226,0.05,14.3898,0.0062,1.475,,,,
651,523,289.5,0.143008,0.05,13.5304,0.0062,1.48,,,,
652,531,289.34,0.135987,0.05,12.3311,0.0062,1.48,,,,
653,531,285.26,0.122635,0.05,13.0479,0.0062,1.46,,,,
654,520,291.56,0.129263,0.05,12.4916,0.0031,1.485,,,,
655,528,287.36,0.125254,0.05,13.4184,0.0062,1.47,,,,
656,543,287.1,0.126482,0.05,14.4576,0.0093,1.475,,,,
657,516,293.64,0.126112,0.05,13.7584,0.0,1.49,,,,
658,532,293.32,0.110311,0.05,13.557,0.0,1.49,,,,
659,534,288.22,0.111081,0.05,13.6735,0.0031,1.47,,,,
660,510,281.76,0.118339,0.05,13.4932,0.0184,1.46,,,,
661,534,287.24,0.143864,0.05,14.0476,0.0062,1.47,,,,
662,526,295.48,0.12375,0.05,11.4833,0.0,1.5,,,,
663,545,290.04,0.131799,0.05,14.1892,0.0031,1.48,,,,
664,534,285.2,0.140833,0.05,12.911,0.0062,1.46,,,,
665,519,289.58,0.126942,0.05,13.9696,0.0062,1.48,,,,
666,520,291.56,0.12656,0.05,13.0303,0.0031,1.485,,,,
667,536,291.2,0.143252,0.05,13.3108,0.0,1.48,,,,
668,511,292.72,0.11998,0.05,13.1818,0.0,1.485,,,,
669,525,290.48,0.138551,0.05,12.6094,0.0062,1.485,,,,
670,524,293.48,0.117426,0.05,12.7517,0.0,1.49,,,,
671,519,282.56,0.119027,0.05,13.5445,0.0154,1.46,,,,
672,518,287.56,0.124656,0.05,13.0612,0.0062,1.47,,,,
673,531,287.3,0.131197,0.05,13.7245,0.0062,1.47,,,,
674,518,291.6,0.124471,0.05,13.266,0.0031,1.485,,,,
675,525,283.42,0.122421,0.05,13.2534,0.0123,1.46,,,,
676,531,287.26,0.126926,0.05,13.6348,0.0031,1.465,,,,
677,530,282.26,0.135038,0.05,14.1552,0.0093,1.45,,,,
678,525,290.44,0.139004,0.05,13.5304,0.0031,1.48,,,,
679,517,286.56,0.114193,0.05,13.7543,0.0062,1.465,,,,
680,519,292.6,0.121104,0.05,11.8289,0.0031,1.49,,,,
681,518,289.6,0.117912,0.05,13.5473,0.0062,1.48,,,,
682,521,287.54,0.128802,0.05,14.0339,0.0093,1.475,,,,
683,527,289.38,0.133164,0.05,13.4576,0.0031,1.475,,,,
684,526,291.44,0.128635,0.05,12.7946,0.0031,1.485,,,,
685,522,286.5,0.119538,0.05,13.5204,0.0093,1.47,,,,
686,527,291.42,0.118834,0.05,12.8283,0.0031,1.485,,,,
687,534,293.32,0.113295,0.05,13.1438,0.0031,1.495,,,,
688,511,293.74,0.123405,0.05,12.7517,0.0,1.49,,,,
689,516,285.6,0.127469,0.05,13.7543,0.0093,1.465,,,,
690,531,288.28,0.141597,0.05,13.1633,0.0031,1.47,,,,
691,542,292.14,0.119877,0.05,13.1376,0.0031,1.49,,,,
692,509,291.86,0.120938,0.05,11.3712,0.0093,1.495,,,,
693,522,293.52,0.136175,0.05,13.2383,0.0,1.49,,,,
694,519,294.6,0.112947,0.05,11.6555,0.0,1.495,,,,
695,521,289.5,0.126457,0.05,12.7288,0.0031,1.475,,,,
696,521,287.46,0.126295,0.05,13.7543,0.0031,1.465,,,,
697,530,285.36,0.121979,0.05,13.6224,0.0123,1.47,,,,
698,514,286.66,0.12123,0.05,13.7585,0.0093,1.47,,,,
699,521,293.54,0.116517,0.05,12.3322,0.0,1.49,,,,
700,532,285.28,0.131368,0.05,12.1843,0.0093,1.465,,,,
701,526,290.42,0.123294,0.05,12.2804,0.0031,1.48,,,,
702,526,293.44,0.127889,0.05,12.7517,0.0,1.49,,,,
703,521,287.46,0.130284,0.05,13.8055,0.0031,1.465,,,,
704,523,287.5,0.135529,0.05,12.2712,0.0093,1.475,,,,
705,531,286.32,0.120838,0.05,13.8265,0.0093,1.47,,,,
706,529,287.38,0.136645,0.05,13.4407,0.0093,1.475,,,,
707,500,286.94,0.110474,0.05,12.7381,0.0093,1.47,,,,
708,519,288.56,0.104429,0.05,12.5254,0.0062,1.475,,,,
709,522,282.5,0.126603,0.05,14.0753,0.0154,1.46,,,,
710,518,286.58,0.136449,0.05,13.7925,0.0093,1.47,,,,
711,530,295.44,0.135353,0.05,11.6611,0.0031,1.505,,,,
712,511,291.74,0.109079,0.05,12.3064,0.0031,1.485,,,,
713,531,288.28,0.113539,0.05,14.3367,0.0031,1.47,,,,
714,521,291.54,0.124115,0.05,12.2727,0.0031,1.485,,,,
715,522,286.46,0.109931,0.05,13.9249,0.0062,1.465,,,,
716,519,297.66,0.123279,0.05,11.4238,0.0,1.51,,,,
717,551,279.92,0.122165,0.05,14.055,0.0184,1.455,,,,
718,513,291.66,0.114871,0.05,12.5507,0.0,1.48,,,,
719,513,291.7,0.125958,0.05,13.3502,0.0031,1.485,,,,
720,522,291.52,0.12292,0.05,12.6263,0.0031,1.485,,,,
721,510,289.76,0.11969,0.05,13.4966,0.0062,1.48,,,,
722,529,291.38,0.12551,0.05,12.3232,0.0031,1.485,,,,
723,528,291.4,0.108443,0.05,14.1414,0.0031,1.485,,,,
724,519,291.58,0.112238,0.05,13.7205,0.0031,1.485,,,,
725,535,293.3,0.132132,0.05,12.0401,0.0031,1.495,,,,
726,536,284.22,0.129386,0.05,13.1229,0.0123,1.465,,,,
727,520,286.54,0.137571,0.05,13.6735,0.0093,1.47,,,,
728,523,281.46,0.124825,0.05,13.2474,0.0154,1.455,,,,
729,515,292.64,0.133871,0.05,13.8721,0.0,1.485,,,,
730,514,289.68,0.117456,0.05,12.4493,0.0062,1.48,,,,
731,531,286.28,0.119132,0.05,14.198,0.0062,1.465,,,,
732,519,290.56,0.124279,0.05,13.6318,0.0031,1.48,,,,
733,524,285.44,0.110846,0.05,14.1809,0.0093,1.465,,,,
734,515,294.68,0.129048,0.05,11.6054,0.0,1.495,,,,
735,517,289.62,0.113271,0.05,12.2297,0.0062,1.48,,,,
736,518,289.56,0.114306,0.05,11.8983,0.0031,1.475,,,,
737,527,292.48,0.130714,0.05,11.9565,0.0062,1.495,,,,
738,524,290.46,0.137738,0.05,12.7534,0.0031,1.48,,,,
739,521,290.6,0.119205,0.05,11.9631,0.0093,1.49,,,,
740,558,284.8,0.132057,0.05,14.0816,0.0123,1.47,,,,
741,530,292.34,0.128574,0.05,13.8215,0.0,1.485,,,,
742,518,290.58,0.126841,0.05,12.7534,0.0031,1.48,,,,
743,524,288.46,0.118476,0.05,12.8814,0.0062,1.475,,,,
744,543,291.1,0.119744,0.05,14.8148,0.0031,1.485,,,,
745,519,286.48,0.112038,0.05,12.9966,0.0031,1.46,,,,
746,532,287.32,0.125333,0.05,13.8983,0.0093,1.475,,,,
747,517,290.6,0.114445,0.05,12.2973,0.0031,1.48,,,,
748,523,292.48,0.128903,0.05,13.0135,0.0,1.485,,,,
749,536,288.26,0.120566,0.05,12.8378,0.0093,1.48,,,,
750,537,292.24,0.133457,0.05,12.8859,0.0031,1.49,,,,
751,530,286.3,0.110477,0.05,13.7713,0.0062,1.465,,,,
752,530,291.36,0.137391,0.05,12.7104,0.0031,1.485,,,,
753,512,287.72,0.134954,0.05,13.4068,0.0093,1.475,,,,
754,527,288.4,0.117635,0.05,13.8475,0.0062,1.475,,,,
755,527,287.42,0.115698,0.05,13.7458,0.0093,1.475,,,,
756,525,289.46,0.12729,0.05,13.6993,0.0062,1.48,,,,
757,525,285.38,0.135377,0.05,13.2705,0.0062,1.46,,,,
758,531,287.34,0.132688,0.05,14.339,0.0093,1.475,,,,
759,519,288.52,0.120066,0.05,12.466,0.0031,1.47,,,,
760,512,279.72,0.114842,0.05,13.9347,0.0214,1.455,,,,
761,516,282.62,0.130958,0.05,13.9041,0.0154,1.46,,,,
762,523,291.5,0.127512,0.05,12.9125,0.0031,1.485,,,,
763,525,285.42,0.128111,0.05,13.3618,0.0093,1.465,,,,
764,524,285.48,0.149266,0.05,14.0306,0.0123,1.47,,,,
765,520,291.52,0.142849,0.05,12.2804,0.0,1.48,,,,
766,525,292.44,0.112163,0.05,12.9293,0.0,1.485,,,,
767,521,289.54,0.12145,0.05,13.75,0.0062,1.48,,,,
768,522,293.56,0.141149,0.05,12.0401,0.0031,1.495,,,,
769,514,278.66,0.124874,0.05,13.3621,0.0214,1.45,,,,
770,516,294.66,0.122629,0.05,11.5217,0.0,1.495,,,,
771,536,289.24,0.128811,0.05,15.1182,0.0062,1.48,,,,
772,517,285.58,0.117191,0.05,13.2253,0.0093,1.465,,,,
773,520,291.52,0.139987,0.05,12.2804,0.0,1.48,,,,
774,522,295.6,0.106532,0.05,11.4618,0.0031,1.505,,,,
775,534,285.16,0.139753,0.05,13.7457,0.0031,1.455,,,,
776,529,285.38,0.123242,0.05,13.1633,0.0123,1.47,,,,
777,526,285.36,0.117853,0.05,13.5788,0.0062,1.46,,,,
778,524,285.4,0.116152,0.05,13.1678,0.0062,1.46,,,,
779,522,285.52,0.117904,0.05,13.4864,0.0123,1.47,,,,
780,529,292.4,0.122964,0.05,12.4161,0.0031,1.49,,,,
781,522,289.48,0.129355,0.05,14.0339,0.0031,1.475,,,,
782,514,291.68,0.11678,0.05,13.67,0.0031,1.485,,,,
783,541,297.22,0.133288,0.05,12.0695,0.0,1.51,,,,
784,517,280.56,0.144707,0.05,14.069,0.0154,1.45,,,,
785,514,289.68,0.122618,0.05,12.9561,0.0062,1.48,,,,
786,543,290.08,0.106636,0.05,14.0203,0.0031,1.48,,,,
787,517,286.64,0.125694,0.05,12.1017,0.0123,1.475,,,,
788,524,289.48,0.107624,0.05,14.1385,0.0062,1.48,,,,
789,517,285.62,0.129582,0.05,12.9762,0.0123,1.47,,,,
790,519,283.58,0.131693,0.05,14.1809,0.0154,1.465,,,,
791,514,293.72,0.12716,0.05,11.7893,0.0031,1.495,,,,
792,517,291.62,0.122886,0.05,12.8283,0.0031,1.485,,,,
793,531,288.32,0.135182,0.05,13.5085,0.0062,1.475,,,,
794,515,285.66,0.138349,0.05,12.2449,0.0123,1.47,,,,
795,513,288.68,0.117824,0.05,13.1356,0.0062,1.475,,,,
796,514,291.68,0.137904,0.05,13.2492,0.0031,1.485,,,,
797,520,290.62,0.135619,0.05,12.1812,0.0093,1.49,,,,
798,521,288.52,0.120794,0.05,12.6271,0.0062,1.475,,,,
799,532,286.3,0.127351,0.05,14.2007,0.0093,1.47,,,,
800,516,287.6,0.131691,0.05,13.5374,0.0062,1.47,299.1,11.0561,0.0,1.515
801,518,281.56,0.12704,0.05,12.732,0.0154,1.455,,,,
802,559,285.76,0.122806,0.05,15.2551,0.0093,1.47,,,,
803,533,289.26,0.12335,0.05,12.9322,0.0031,1.475,,,,
804,530,289.36,0.132118,0.05,12.8885,0.0062,1.48,,,,
805,537,291.18,0.12386,0.05,12.2635,0.0,1.48,,,,
806,532,288.26,0.132504,0.05,13.4184,0.0031,1.47,,,,
807,515,290.64,0.118922,0.05,12.6014,0.0031,1.48,,,,
808,544,294.1,0.125276,0.05,12.107,0.0,1.495,,,,
809,514,297.76,0.126122,0.05,11.4238,0.0,1.51,,,,
810,524,286.46,0.140952,0.05,13.8605,0.0093,1.47,,,,
811,540,295.24,0.125141,0.05,12.1429,0.0031,1.505,,,,
812,547,286.94,0.141174,0.05,14.9659,0.0031,1.465,,,,
813,521,286.52,0.113718,0.05,13.2653,0.0093,1.47,,,,
814,528,292.38,0.10678,0.05,13.064,0.0,1.485,,,,
815,528,290.34,0.131032,0.05,13.8983,0.0,1.475,,,,
816,535,283.22,0.119622,0.05,14.1096,0.0123,1.46,,,,
817,536,285.16,0.132044,0.05,13.4247,0.0062,1.46,,,,
818,522,285.48,0.126942,0.05,13.0375,0.0093,1.465,,,,
819,523,294.56,0.117632,0.05,12.4833,0.0031,1.5,,,,
820,554,292.96,0.127421,0.05,12.7,0.0062,1.5,,,,
821,531,293.34,0.101103,0.05,12.9698,0.0,1.49,,,,
822,527,289.42,0.132397,0.05,12.9223,0.0062,1.48,,,,
823,536,286.18,0.125083,0.05,14.198,0.0062,1.465,,,,
824,542,285.98,0.12681,0.05,13.7801,0.0,1.455,,,,
825,518,291.6,0.114417,0.05,12.8283,0.0031,1.485,,,,
826,533,291.26,0.123017,0.05,12.5676,0.0,1.48,,,,
827,531,287.34,0.138693,0.05,14.2712,0.0093,1.475,,,,
828,534,288.26,0.133947,0.05,14.0678,0.0062,1.475,,,,
829,535,292.24,0.12544,0.05,12.2559,0.0,1.485,,,,
830,551,283.88,0.120622,0.05,15.2055,0.0093,1.46,,,,
831,524,287.44,0.124001,0.05,13.2653,0.0062,1.47,,,,
832,524,291.44,0.118979,0.05,12.7365,0.0,1.48,,,,
833,531,292.32,0.125302,0.05,13.5354,0.0,1.485,,,,
834,540,286.1,0.125076,0.05,14.4539,0.0062,1.465,,,,
835,536,282.18,0.128421,0.05,14.0034,0.0123,1.455,,,,
836,536,286.22,0.132413,0.05,13.9286,0.0093,1.47,,,,
837,537,292.2,0.129221,0.05,12.6094,0.0,1.485,,,,
838,532,289.28,0.13311,0.05,14.1356,0.0031,1.475,,,,
839,538,291.2,0.107639,0.05,13.367,0.0031,1.485,,,,
840,524,291.48,0.141109,0.05,13.4848,0.0031,1.485,,,,
841,525,287.46,0.128067,0.05,13.6102,0.0093,1.475,,,,
842,520,289.56,0.126866,0.05,13.7669,0.0062,1.48,,,,
843,513,291.7,0.131196,0.05,13.3333,0.0031,1.485,,,,
844,533,290.28,0.136391,0.05,13.6149,0.0031,1.48,,,,
845,510,288.74,0.132334,0.05,12.9661,0.0062,1.475,,,,
846,538,287.16,0.132778,0.05,14.4048,0.0062,1.47,,,,
847,526,290.42,0.115512,0.05,12.7365,0.0031,1.48,,,,
848,527,290.4,0.131936,0.05,12.8378,0.0031,1.48,,,,
849,534,288.26,0.110296,0.05,12.7797,0.0062,1.475,,,,
850,515,292.64,0.116058,0.05,12.9125,0.0,1.485,,,,
851,514,293.72,0.118401,0.05,11.7726,0.0031,1.495,,,,
852,538,290.18,0.130457,0.05,13.5642,0.0031,1.48,,,,
853,521,297.62,0.121887,0.05,11.457,0.0,1.51,,,,
854,524,287.4,0.133018,0.05,12.2355,0.0031,1.465,,,,
855,539,290.16,0.143814,0.05,12.9054,0.0031,1.48,,,,
856,533,294.32,0.124225,0.05,12.8428,0.0,1.495,,,,
857,525,282.36,0.123289,0.05,13.0517,0.0093,1.45,,,,
858,546,288.96,0.149075,0.05,13.1463,0.0,1.47,,,,
859,531,291.34,0.113798,0.05,13.0135,0.0031,1.485,,,,
860,516,291.64,0.147537,0.05,13.1313,0.0031,1.485,,,,
861,522,295.56,0.112051,0.05,12.4333,0.0,1.5,,,,
862,525,291.42,0.123258,0.05,12.6014,0.0,1.48,,,,
863,527,288.4,0.137389,0.05,13.8305,0.0062,1.475,,,,
864,548,279.94,0.110598,0.05,14.8621,0.0154,1.45,,,,
865,510,291.76,0.126134,0.05,13.7542,0.0031,1.485,,,,
866,513,290.68,0.094427,0.05,13.5304,0.0031,1.48,,,,
867,518,288.58,0.110204,0.05,13.1525,0.0062,1.475,,,,
868,515,291.66,0.125045,0.05,11.8687,0.0031,1.485,,,,
869,520,287.56,0.126426,0.05,13.3051,0.0093,1.475,,,,
870,522,289.48,0.117956,0.05,12.5254,0.0031,1.475,,,,
871,524,291.48,0.122763,0.05,12.4579,0.0031,1.485,,,,
872,531,291.34,0.132564,0.05,13.3165,0.0031,1.485,,,,
873,553,279.84,0.112728,0.05,14.6724,0.0154,1.45,,,,
874,516,285.64,0.135578,0.05,12.568,0.0123,1.47,,,,
875,539,284.16,0.125564,0.05,14.1809,0.0123,1.465,,,,
876,526,288.42,0.124343,0.05,13.0169,0.0062,1.475,,,,
877,522,291.48,0.130184,0.05,13.2939,0.0,1.48,,,,
878,527,288.4,0.138587,0.05,13.8983,0.0062,1.475,,,,
879,516,289.64,0.119652,0.05,12.3649,0.0062,1.48,,,,
880,524,286.46,0.120709,0.05,12.9932,0.0093,1.47,,,,
881,517,287.62,0.120338,0.05,13.4068,0.0093,1.475,,,,
882,528,295.44,0.13688,0.05,12.0167,0.0,1.5,,,,
883,525,294.48,0.124965,0.05,12.0736,0.0,1.495,,,,
884,525,289.46,0.120512,0.05,12.5845,0.0062,1.48,,,,
885,518,298.7,0.118747,0.05,11.4026,0.0,1.515,,,,
886,521,293.54,0.130741,0.05,13.3893,0.0,1.49,,,,
887,518,294.66,0.113052,0.05,12.2667,0.0031,1.5,,,,
888,527,290.4,0.134481,0.05,12.8716,0.0031,1.48,,,,
889,521,281.46,0.115898,0.05,12.8966,0.0123,1.45,,,,
890,518,288.5,0.147494,0.05,12.7133,0.0,1.465,,,,
891,538,292.18,0.142432,0.05,13.7374,0.0,1.485,,,,
892,522,285.52,0.104315,0.05,13.5374,0.0123,1.47,,,,
893,527,287.38,0.120644,0.05,13.7245,0.0062,1.47,,,,
894,505,286.84,0.112352,0.05,13.4694,0.0093,1.47,,,,
895,521,290.52,0.115946,0.05,13.598,0.0031,1.48,,,,
896,515,294.72,0.11727,0.05,11.6167,0.0031,1.5,,,,
897,526,289.44,0.135543,0.05,13.3277,0.0062,1.48,,,,
898,514,290.66,0.134087,0.05,12.8547,0.0031,1.48,,,,
899,522,282.46,0.140956,0.05,13.4536,0.0123,1.455,,,,
900,524,286.46,0.126433,0.05,13.9626,0.0093,1.47,,,,
901,520,288.54,0.128784,0.05,13.8983,0.0062,1.475,,,,
902,519,295.62,0.125876,0.05,11.4667,0.0,1.5,,,,
903,518,290.62,0.108893,0.05,12.3906,0.0062,1.485,,,,
904,511,291.74,0.123794,0.05,12.2391,0.0031,1.485,,,,
905,531,287.34,0.118662,0.05,14.0,0.0093,1.475,,,,
906,527,288.4,0.123562,0.05,13.6271,0.0062,1.475,,,,
907,524,291.48,0.098421,0.05,12.8451,0.0031,1.485,,,,
908,512,291.72,0.139563,0.05,13.2997,0.0031,1.485,,,,
909,527,286.4,0.145045,0.05,13.5544,0.0093,1.47,,,,
910,512,296.82,0.12349,0.05,11.2086,0.0031,1.51,,,,
911,527,288.4,0.124246,0.05,13.0169,0.0062,1.475,,,,
912,513,291.66,0.11188,0.05,13.5642,0.0,1.48,,,,
913,535,295.34,0.099853,0.05,12.4751,0.0031,1.505,,,,
914,515,291.66,0.144558,0.05,13.2323,0.0031,1.485,,,,
915,526,288.42,0.132166,0.05,13.5254,0.0062,1.475,,,,
916,529,289.34,0.133146,0.05,13.6102,0.0031,1.475,,,,
917,521,291.54,0.117304,0.05,13.8215,0.0031,1.485,,,,
918,529,283.34,0.118771,0.05,13.7671,0.0123,1.46,,,,
919,524,293.48,0.136678,0.05,13.2886,0.0,1.49,,,,
920,558,286.8,0.120815,0.05,14.7966,0.0093,1.475,,,,
921,534,285.24,0.114707,0.05,13.3618,0.0093,1.465,,,,
922,525,289.42,0.142661,0.05,13.5932,0.0031,1.475,,,,
923,505,291.86,0.105595,0.05,12.3569,0.0031,1.485,,,,
924,524,292.46,0.121699,0.05,12.0707,0.0,1.485,,,,
925,531,287.34,0.11422,0.05,12.8644,0.0093,1.475,,,,
926,507,287.82,0.112621,0.05,12.9322,0.0093,1.475,,,,
927,519,286.52,0.121267,0.05,12.8669,0.0062,1.465,,,,
928,510,292.74,0.128035,0.05,11.532,0.0,1.485,,,,
929,511,292.72,0.132376,0.05,12.7273,0.0,1.485,,,,
930,510,289.72,0.134212,0.05,12.4237,0.0031,1.475,,,,
931,521,291.54,0.117558,0.05,13.8047,0.0031,1.485,,,,
932,525,287.42,0.123646,0.05,12.3299,0.0062,1.47,,,,
933,525,290.44,0.116578,0.05,13.4628,0.0031,1.48,,,,
934,521,289.54,0.131936,0.05,13.4459,0.0062,1.48,,,,
935,547,290.0,0.119816,0.05,12.4831,0.0031,1.48,,,,
936,541,280.08,0.13647,0.05,14.1034,0.0154,1.45,,,,
937,526,291.44,0.122494,0.05,12.2391,0.0031,1.485,,,,
938,543,287.1,0.130791,0.05,14.6949,0.0093,1.475,,,,
939,520,289.52,0.111362,0.05,14.1017,0.0031,1.475,,,,
940,538,288.14,0.130554,0.05,14.3707,0.0031,1.47,,,,
941,518,282.58,0.13362,0.05,13.6644,0.0154,1.46,,,,
942,520,287.56,0.133998,0.05,13.6441,0.0093,1.475,,,,
943,536,290.22,0.132676,0.05,14.0709,0.0031,1.48,,,,
944,528,288.38,0.135627,0.05,13.0508,0.0062,1.475,,,,
945,527,292.4,0.119562,0.05,11.6667,0.0,1.485,,,,
946,518,288.58,0.111265,0.05,13.7797,0.0062,1.475,,,,
947,517,290.64,0.122265,0.05,12.6094,0.0062,1.485,,,,
948,526,282.42,0.104291,0.05,13.6473,0.0154,1.46,,,,
949,521,289.54,0.154116,0.05,11.6385,0.0062,1.48,,,,
950,538,282.14,0.131584,0.05,14.3643,0.0123,1.455,,,,
951,539,284.12,0.123474,0.05,13.5103,0.0093,1.46,,,,
952,535,280.24,0.123168,0.05,13.9691,0.0184,1.455,,,,
953,527,292.4,0.121295,0.05,14.1246,0.0,1.485,,,,
954,508,285.8,0.12832,0.05,12.1599,0.0123,1.47,,,,
955,524,292.46,0.127316,0.05,13.569,0.0,1.485,,,,
956,523,291.5,0.120052,0.05,14.2256,0.0031,1.485,,,,
957,518,289.6,0.11866,0.05,13.2095,0.0062,1.48,,,,
958,536,292.26,0.133798,0.05,12.9362,0.0031,1.49,,,,
959,521,293.54,0.135484,0.05,12.9866,0.0,1.49,,,,
960,533,290.28,0.135907,0.05,13.9358,0.0031,1.48,,,,
961,535,283.22,0.129424,0.05,14.4349,0.0123,1.46,,,,
962,524,286.42,0.138643,0.05,12.9181,0.0062,1.465,,,,
963,532,291.28,0.123185,0.05,14.3243,0.0,1.48,,,,
964,510,291.76,0.133399,0.05,11.835,0.0031,1.485,,,,
965,522,288.46,0.134273,0.05,13.2143,0.0031,1.47,,,,
966,544,285.98,0.136304,0.05,14.2637,0.0031,1.46,,,,
967,544,289.0,0.130985,0.05,13.6054,0.0,1.47,,,,
968,514,291.68,0.117275,0.05,12.963,0.0031,1.485,,,,
969,522,292.5,0.132472,0.05,12.9125,0.0,1.485,,,,
970,512,290.74,0.138008,0.05,12.5084,0.0062,1.485,,,,
971,542,285.04,0.131179,0.05,13.9212,0.0062,1.46,,,,
972,510,285.76,0.120164,0.05,13.0102,0.0123,1.47,,,,
973,520,287.56,0.137483,0.05,14.0678,0.0093,1.475,,,,
974,511,288.72,0.121655,0.05,12.9831,0.0062,1.475,,,,
975,524,288.46,0.126523,0.05,13.3051,0.0062,1.475,,,,
976,527,287.38,0.11892,0.05,12.6361,0.0062,1.47,,,,
977,520,289.56,0.129239,0.05,13.6993,0.0062,1.48,,,,
978,525,293.5,0.126849,0.05,12.2074,0.0031,1.495,,,,
979,541,285.02,0.123321,0.05,13.8316,0.0031,1.455,,,,
980,515,291.66,0.123847,0.05,11.9024,0.0031,1.485,,,,
981,518,290.58,0.123104,0.05,13.0574,0.0031,1.48,,,,
982,511,291.74,0.141105,0.05,12.3569,0.0031,1.485,,,,
983,531,295.38,0.126854,0.05,12.3333,0.0,1.5,,,,
984,532,282.22,0.125973,0.05,13.9828,0.0093,1.45,,,,
985,539,281.06,0.116487,0.05,14.083,0.0093,1.445,,,,
986,514,288.66,0.134716,0.05,13.1525,0.0062,1.475,,,,
987,518,290.62,0.124412,0.05,13.6027,0.0062,1.485,,,,
988,522,287.44,0.14317,0.05,12.3891,0.0031,1.465,,,,
989,526,288.42,0.132314,0.05,13.7288,0.0062,1.475,,,,
990,530,293.36,0.136279,0.05,13.4564,0.0,1.49,,,,
991,525,291.46,0.123081,0.05,12.7441,0.0031,1.485,,,,
992,526,296.5,0.123864,0.05,11.7774,0.0,1.505,,,,
993,528,283.36,0.135991,0.05,13.1507,0.0123,1.46,,,,
994,517,288.64,0.11575,0.05,12.3818,0.0093,1.48,,,,
995,510,290.74,0.12486,0.05,12.3311,0.0031,1.48,,,,
996,519,286.56,0.151187,0.05,13.6054,0.0093,1.47,,,,
997,523,287.42,0.116201,0.05,13.3106,0.0031,1.465,,,,
998,524,289.44,0.113228,0.05,12.6271,0.0031,1.475,,,,
999,525,288.44,0.122355,0.05,13.2034,0.0062,1.475,,,,
1000,515,289.62,0.151649,0.05,13.6102,0.0031,1.475,297.74,11.2914,0.0,1.51
1001,520,291.56,0.129929,0.05,13.2155,0.0031,1.485,,,,
1002,531,286.32,0.119359,0.05,12.9762,0.0093,1.47,,,,
1003,524,290.46,0.101875,0.05,13.75,0.0031,1.48,,,,
1004,542,289.08,0.111453,0.05,14.4068,0.0031,1.475,,,,
1005,533,284.28,0.134069,0.05,14.2833,0.0123,1.465,,,,
1006,524,289.48,0.120856,0.05,13.8007,0.0062,1.48,,,,
1007,522,286.5,0.136669,0.05,13.9796,0.0093,1.47,,,,
1008,525,291.42,0.125744,0.05,13.1757,0.0,1.48,,,,
1009,540,279.04,0.12733,0.05,13.559,0.0123,1.44,,,,
1010,539,280.12,0.114722,0.05,14.1552,0.0154,1.45,,,,
1011,522,282.46,0.134694,0.05,12.9897,0.0123,1.455,,,,
1012,515,287.66,0.127874,0.05,12.8475,0.0093,1.475,,,,
1013,518,287.56,0.132468,0.05,13.6395,0.0062,1.47,,,,
1014,533,288.28,0.120505,0.05,12.322,0.0062,1.475,,,,
1015,525,291.46,0.12737,0.05,12.8956,0.0031,1.485,,,,
1016,532,281.24,0.130205,0.05,13.8621,0.0123,1.45,,,,
1017,554,281.82,0.131745,0.05,14.5533,0.0123,1.455,,,,
1018,518,287.6,0.117287,0.05,13.2881,0.0093,1.475,,,,
1019,528,292.38,0.123451,0.05,13.0135,0.0,1.485,,,,
1020,535,286.2,0.113225,0.05,13.3788,0.0062,1.465,,,,
1021,530,293.4,0.125267,0.05,12.408,0.0031,1.495,,,,
1022,527,289.42,0.113486,0.05,13.6149,0.0062,1.48,,,,
1023,529,284.28,0.129817,0.05,13.6082,0.0062,1.455,,,,
1024,540,289.12,0.133606,0.05,13.4915,0.0031,1.475,,,,
1025,529,291.38,0.127553,0.05,14.0404,0.0031,1.485,,,,
1026,531,287.26,0.125837,0.05,14.1297,0.0031,1.465,,,,
1027,519,293.62,0.123621,0.05,11.6221,0.0031,1.495,,,,
1028,531,289.34,0.125683,0.05,13.4797,0.0062,1.48,,,,
1029,528,290.34,0.122534,0.05,12.9661,0.0,1.475,,,,
1030,522,289.52,0.129963,0.05,13.6993,0.0062,1.48,,,,
1031,525,285.42,0.141832,0.05,12.5597,0.0093,1.465,,,,
1032,511,292.72,0.144288,0.05,12.5926,0.0,1.485,,,,
1033,531,280.28,0.112162,0.05,14.2759,0.0154,1.45,,,,
1034,514,292.74,0.121854,0.05,12.1572,0.0062,1.495,,,,
1035,509,289.78,0.139327,0.05,13.2095,0.0062,1.48,,,,
1036,529,291.38,0.133273,0.05,12.5253,0.0031,1.485,,,,
1037,509,287.74,0.129191,0.05,12.381,0.0062,1.47,,,,
1038,520,288.58,0.103917,0.05,13.4628,0.0093,1.48,,,,
1039,533,284.2,0.124702,0.05,13.6426,0.0062,1.455,,,,
1040,527,293.42,0.13596,0.05,13.3557,0.0,1.49,,,,
1041,519,290.56,0.111411,0.05,13.8682,0.0031,1.48,,,,
1042,508,289.8,0.122509,0.05,12.4662,0.0062,1.48,,,,
1043,516,293.64,0.132951,0.05,12.5,0.0,1.49,,,,
1044,520,287.52,0.125912,0.05,13.9286,0.0062,1.47,,,,
1045,516,289.64,0.120987,0.05,12.3311,0.0062,1.48,,,,
1046,522,288.5,0.130111,0.05,12.9322,0.0062,1.475,,,,
1047,528,289.36,0.126272,0.05,13.9153,0.0031,1.475,,,,
1048,528,289.4,0.130826,0.05,12.9899,0.0062,1.48,,,,
1049,509,286.76,0.140738,0.05,12.602,0.0093,1.47,,,,
1050,511,291.7,0.12261,0.05,12.2466,0.0,1.48,,,,
1051,547,278.9,0.133558,0.05,14.1319,0.0123,1.44,,,,
1052,537,284.12,0.138303,0.05,13.9863,0.0062,1.455,,,,
1053,517,291.62,0.120703,0.05,12.0034,0.0031,1.485,,,,
1054,523,287.46,0.129967,0.05,12.0408,0.0062,1.47,,,,
1055,509,291.78,0.131895,0.05,13.2323,0.0031,1.485,,,,
1056,527,284.36,0.119259,0.05,13.2877,0.0093,1.46,,,,
1057,513,285.62,0.132345,0.05,12.5856,0.0062,1.46,,,,
1058,535,292.32,0.121341,0.05,13.0936,0.0062,1.495,,,,
1059,526,285.4,0.130426,0.05,13.8055,0.0093,1.465,,,,
1060,531,291.34,0.128562,0.05,13.3838,0.0031,1.485,,,,
1061,524,287.48,0.114258,0.05,13.8644,0.0093,1.475,,,,
1062,513,291.7,0.140006,0.05,12.7441,0.0031,1.485,,,,
1063,515,289.62,0.12023,0.05,13.3559,0.0031,1.475,,,,
1064,525,283.46,0.115246,0.05,13.6348,0.0154,1.465,,,,
1065,538,285.2,0.135367,0.05,13.8776,0.0123,1.47,,,,
1066,523,287.46,0.136158,0.05,12.9252,0.0062,1.47,,,,
1067,504,283.84,0.139786,0.05,12.9623,0.0123,1.46,,,,
1068,517,291.62,0.150723,0.05,13.8552,0.0031,1.485,,,,
1069,525,292.44,0.127535,0.05,12.6431,0.0,1.485,,,,
1070,521,282.52,0.14105,0.05,13.3733,0.0154,1.46,,,,
1071,524,290.46,0.136403,0.05,12.7534,0.0031,1.48,,,,
1072,521,288.52,0.117954,0.05,13.4746,0.0062,1.475,,,,
1073,526,284.34,0.124199,0.05,14.055,0.0062,1.455,,,,
1074,525,285.38,0.144893,0.05,13.5103,0.0062,1.46,,,,
1075,513,291.7,0.126554,0.05,12.7778,0.0031,1.485,,,,
1076,530,282.3,0.130512,0.05,13.9347,0.0123,1.455,,,,
1077,518,288.54,0.12178,0.05,13.8095,0.0031,1.47,,,,
1078,532,290.3,0.130879,0.05,13.8345,0.0031,1.48,,,,
1079,532,291.28,0.126771,0.05,13.6318,0.0,1.48,,,,
1080,521,290.48,0.108356,0.05,13.7797,0.0,1.475,,,,
1081,519,286.56,0.129334,0.05,13.2653,0.0093,1.47,,,,
1082,518,297.68,0.140779,0.05,11.3079,0.0,1.51,,,,
1083,513,291.7,0.113387,0.05,13.2997,0.0031,1.485,,,,
1084,530,287.32,0.117204,0.05,13.4694,0.0062,1.47,,,,
1085,526,287.36,0.130882,0.05,12.6792,0.0031,1.465,,,,
1086,540,287.08,0.151035,0.05,13.9249,0.0031,1.465,,,,
1087,532,289.32,0.129882,0.05,13.8176,0.0062,1.48,,,,
1088,527,282.32,0.138485,0.05,13.6724,0.0093,1.45,,,,
1089,516,290.62,0.123268,0.05,12.9899,0.0031,1.48,,,,
1090,514,288.66,0.129322,0.05,13.0847,0.0062,1.475,,,,
1091,534,291.32,0.135691,0.05,12.2651,0.0062,1.49,,,,
1092,539,288.12,0.120489,0.05,13.5884,0.0031,1.47,,,,
1093,515,290.64,0.128244,0.05,11.9764,0.0031,1.48,,,,
1094,523,275.5,0.148085,0.05,13.8581,0.0274,1.445,,,,
1095,511,292.72,0.124524,0.05,11.9192,0.0,1.485,,,,
1096,521,289.5,0.142623,0.05,12.7627,0.0031,1.475,,,,
1097,524,289.48,0.14352,0.05,13.4966,0.0062,1.48,,,,
1098,510,293.76,0.129765,0.05,12.0134,0.0,1.49,,,,
1099,528,289.36,0.130623,0.05,13.7627,0.0031,1.475,,,,
1100,514,288.66,0.126873,0.05,12.5254,0.0062,1.475,,,,
1101,537,284.2,0.126916,0.05,13.7372,0.0123,1.465,,,,
1102,530,288.34,0.108127,0.05,14.1356,0.0062,1.475,,,,
1103,522,286.5,0.136927,0.05,13.0952,0.0093,1.47,,,,
1104,533,281.26,0.150711,0.05,14.1581,0.0154,1.455,,,,
1105,521,282.48,0.141425,0.05,13.0928,0.0123,1.455,,,,
1106,542,284.06,0.136678,0.05,14.4178,0.0093,1.46,,,,
1107,535,290.2,0.113822,0.05,13.4407,0.0,1.475,,,,
1108,534,280.22,0.13527,0.05,13.8966,0.0154,1.45,,,,
1109,516,281.6,0.126559,0.05,13.5911,0.0154,1.455,,,,
1110,528,285.36,0.128235,0.05,13.7713,0.0093,1.465,,,,
1111,519,291.54,0.132123,0.05,13.5811,0.0,1.48,,,,
1112,546,271.82,0.134089,0.05,14.1312,0.0154,1.41,,,,
1113,532,295.36,0.123513,0.05,12.3667,0.0,1.5,,,,
1114,531,289.34,0.121381,0.05,14.0878,0.0062,1.48,,,,
1115,529,290.32,0.103548,0.05,13.5763,0.0,1.475,,,,
1116,524,282.42,0.122847,0.05,13.7973,0.0123,1.455,,,,
1117,512,289.68,0.116139,0.05,12.8475,0.0031,1.475,,,,
1118,527,291.42,0.118847,0.05,13.8889,0.0031,1.485,,,,
1119,516,286.62,0.124324,0.05,12.9422,0.0093,1.47,,,,
1120,517,288.6,0.126712,0.05,13.3729,0.0062,1.475,,,,
1121,525,289.42,0.128944,0.05,13.1186,0.0031,1.475,,,,
1122,499,287.98,0.112714,0.05,12.6441,0.0093,1.475,,,,
1123,519,284.56,0.136054,0.05,13.9249,0.0123,1.465,,,,
1124,508,284.82,0.134472,0.05,13.9116,0.0154,1.47,,,,
1125,515,293.66,0.133181,0.05,13.4228,0.0,1.49,,,,
1126,524,291.48,0.133372,0.05,12.6431,0.0031,1.485,,,,
1127,515,287.62,0.140728,0.05,13.0612,0.0062,1.47,,,,
1128,538,283.2,0.137103,0.05,14.2321,0.0154,1.465,,,,
1129,526,284.42,0.119131,0.05,13.2935,0.0123,1.465,,,,
1130,538,290.18,0.152197,0.05,12.5845,0.0031,1.48,,,,
1131,515,290.64,0.122554,0.05,13.4122,0.0031,1.48,,,,
1132,533,292.32,0.119152,0.05,12.8859,0.0031,1.49,,,,
1133,512,291.72,0.115598,0.05,12.2054,0.0031,1.485,,,,
1134,530,288.34,0.126999,0.05,13.8305,0.0062,1.475,,,,
1135,499,292.96,0.126924,0.05,12.1044,0.0,1.485,,,,
1136,528,288.3,0.114084,0.05,13.3788,0.0,1.465,,,,
1137,523,289.5,0.125485,0.05,12.0101,0.0062,1.48,,,,
1138,514,289.64,0.134931,0.05,12.8983,0.0031,1.475,,,,
1139,528,286.38,0.137706,0.05,14.0816,0.0093,1.47,,,,
1140,517,280.56,0.130145,0.05,13.0,0.0154,1.45,,,,
1141,521,288.52,0.128308,0.05,13.1695,0.0062,1.475,,,,
1142,516,287.64,0.134156,0.05,13.5254,0.0093,1.475,,,,
1143,539,276.08,0.114654,0.05,14.5122,0.0184,1.435,,,,
1144,505,293.86,0.126416,0.05,12.7852,0.0,1.49,,,,
1145,522,286.5,0.121841,0.05,13.5374,0.0093,1.47,,,,
1146,516,290.62,0.117686,0.05,12.0777,0.0031,1.48,,,,
1147,513,292.72,0.126362,0.05,11.8456,0.0031,1.49,,,,
1148,522,290.5,0.11867,0.05,13.1588,0.0031,1.48,,,,
1149,510,285.76,0.143465,0.05,13.7415,0.0123,1.47,,,,
1150,510,293.76,0.126309,0.05,13.1711,0.0,1.49,,,,
1151,516,282.62,0.128005,0.05,12.7568,0.0154,1.46,,,,
1152,507,291.78,0.134793,0.05,12.7872,0.0,1.48,,,,
1153,510,290.78,0.125234,0.05,11.9529,0.0062,1.485,,,,
1154,511,294.76,0.127432,0.05,12.4749,0.0,1.495,,,,
1155,517,291.58,0.114099,0.05,13.0743,0.0,1.48,,,,
1156,523,285.5,0.117281,0.05,13.0782,0.0123,1.47,,,,
1157,520,286.54,0.128104,0.05,12.398,0.0093,1.47,,,,
1158,511,287.74,0.130415,0.05,13.4237,0.0093,1.475,,,,
1159,504,283.88,0.121874,0.05,12.6621,0.0154,1.465,,,,
1160,520,290.54,0.11758,0.05,12.7534,0.0031,1.48,,,,
1161,520,292.54,0.142554,0.05,13.6364,0.0,1.485,,,,
1162,529,287.38,0.106899,0.05,13.2881,0.0093,1.475,,,,
1163,533,290.28,0.123569,0.05,13.4459,0.0031,1.48,,,,
1164,510,288.74,0.119952,0.05,12.678,0.0062,1.475,,,,
1165,514,292.66,0.119468,0.05,12.3737,0.0,1.485,,,,
1166,525,289.46,0.12155,0.05,13.8345,0.0062,1.48,,,,
1167,519,289.54,0.139185,0.05,13.1525,0.0031,1.475,,,,
1168,517,297.7,0.139229,0.05,11.1921,0.0,1.51,,,,
1169,531,293.34,0.123724,0.05,12.8523,0.0,1.49,,,,
1170,525,290.44,0.127542,0.05,12.9392,0.0031,1.48,,,,
1171,529,287.26,0.122152,0.05,14.1781,0.0,1.46,,,,
1172,520,292.58,0.142514,0.05,11.9128,0.0031,1.49,,,,
1173,523,287.46,0.139105,0.05,12.6361,0.0062,1.47,,,,
1174,527,290.4,0.121373,0.05,13.3277,0.0031,1.48,,,,
1175,523,289.5,0.138665,0.05,13.3446,0.0062,1.48,,,,
1176,511,293.74,0.118702,0.05,11.8456,0.0,1.49,,,,
1177,518,294.66,0.117868,0.05,11.1,0.0031,1.5,,,,
1178,511,292.72,0.122236,0.05,11.8519,0.0,1.485,,,,
1179,521,288.52,0.124121,0.05,13.2034,0.0062,1.475,,,,
1180,536,287.2,0.117634,0.05,13.8776,0.0062,1.47,,,,
1181,507,289.82,0.125634,0.05,13.5135,0.0062,1.48,,,,
1182,503,291.9,0.130074,0.05,12.7273,0.0031,1.485,,,,
1183,521,288.52,0.135673,0.05,13.661,0.0062,1.475,,,,
1184,524,291.44,0.12999,0.05,13.2601,0.0,1.48,,,,
1185,522,289.48,0.125807,0.05,12.5932,0.0031,1.475,,,,
1186,522,291.48,0.129667,0.05,12.3986,0.0,1.48,,,,
1187,520,286.5,0.109965,0.05,13.43,0.0062,1.465,,,,
1188,527,293.42,0.142213,0.05,12.5,0.0,1.49,,,,
1189,508,283.8,0.109653,0.05,12.4061,0.0154,1.465,,,,
1190,513,291.7,0.128665,0.05,11.8687,0.0031,1.485,,,,
1191,516,295.76,0.123893,0.05,11.3079,0.0062,1.51,,,,
1192,513,288.68,0.136835,0.05,13.1017,0.0062,1.475,,,,
1193,516,284.58,0.134987,0.05,13.0993,0.0093,1.46,,,,
1194,528,291.4,0.099725,0.05,13.7374,0.0031,1.485,,,,
1195,530,288.34,0.137977,0.05,13.4068,0.0062,1.475,,,,
1196,525,294.52,0.123755,0.05,11.5167,0.0031,1.5,,,,
1197,543,290.12,0.118496,0.05,12.7273,0.0062,1.485,,,,
1198,522,295.56,0.117075,0.05,11.8167,0.0,1.5,,,,
1199,515,289.66,0.109555,0.05,12.1622,0.0062,1.48,,,,
1200,526,285.44,0.106601,0.05,13.9796,0.0123,1.47,299.1,11.0561,0.0,1.515
1201,527,290.44,0.126294,0.05,12.2727,0.0062,1.485,,,,
1202,511,288.72,0.139712,0.05,12.6271,0.0062,1.475,,,,
1203,514,295.76,0.132619,0.05,11.5449,0.0031,1.505,,,,
1204,511,292.72,0.133693,0.05,11.8855,0.0,1.485,,,,
1205,526,293.44,0.11877,0.05,13.104,0.0,1.49,,,,
1206,519,293.58,0.128431,0.05,12.4832,0.0,1.49,,,,
1207,528,290.38,0.124965,0.05,14.0372,0.0031,1.48,,,,
1208,519,288.56,0.135427,0.05,13.4915,0.0062,1.475,,,,
1209,512,296.78,0.120496,0.05,12.1927,0.0,1.505,,,,
1210,535,287.22,0.115502,0.05,13.6565,0.0062,1.47,,,,
1211,527,289.42,0.133379,0.05,12.3986,0.0062,1.48,,,,
1212,534,292.26,0.119958,0.05,12.1212,0.0,1.485,,,,
1213,523,293.54,0.121749,0.05,12.592,0.0031,1.495,,,,
1214,518,291.64,0.125432,0.05,11.7282,0.0062,1.49,,,,
1215,525,291.42,0.142166,0.05,12.8547,0.0,1.48,,,,
1216,514,290.66,0.11929,0.05,13.5135,0.0031,1.48,,,,
1217,518,289.6,0.132605,0.05,13.0574,0.0062,1.48,,,,
1218,524,289.44,0.131064,0.05,12.5085,0.0031,1.475,,,,
1219,515,287.66,0.127848,0.05,13.0,0.0093,1.475,,,,
1220,509,282.72,0.127478,0.05,12.5945,0.0123,1.455,,,,
1221,515,287.66,0.131228,0.05,12.0169,0.0093,1.475,,,,
1222,522,289.52,0.132522,0.05,14.0034,0.0062,1.48,,,,
1223,522,290.5,0.118519,0.05,13.2939,0.0031,1.48,,,,
1224,520,290.54,0.121,0.05,13.2432,0.0031,1.48,,,,
1225,540,295.2,0.130286,0.05,12.5,0.0,1.5,,,,
1226,523,291.5,0.131728,0.05,12.0034,0.0031,1.485,,,,
1227,519,294.6,0.118346,0.05,12.408,0.0,1.495,,,,
1228,517,293.62,0.130277,0.05,12.0973,0.0,1.49,,,,
1229,532,292.34,0.138841,0.05,12.3154,0.0031,1.49,,,,
1230,523,289.54,0.118999,0.05,11.5657,0.0093,1.485,,,,
1231,513,290.72,0.140051,0.05,11.431,0.0062,1.485,,,,
1232,538,285.2,0.108681,0.05,13.8265,0.0123,1.47,,,,
1233,524,288.46,0.129813,0.05,13.7288,0.0062,1.475,,,,
1234,629,152.12,0.117861,0.05,13.1532,0.1645,1.11,,,,
1235,538,288.18,0.150224,0.05,13.2712,0.0062,1.475,,,,
1236,524,291.44,0.128156,0.05,13.3277,0.0,1.48,,,,
1237,533,291.3,0.127155,0.05,13.2828,0.0031,1.485,,,,
1238,523,290.48,0.138339,0.05,13.3784,0.0031,1.48,,,,
1239,527,288.4,0.140423,0.05,12.4407,0.0062,1.475,,,,
1240,528,285.32,0.119973,0.05,13.2192,0.0062,1.46,,,,
1241,532,290.3,0.133239,0.05,12.7872,0.0031,1.48,,,,
1242,540,288.14,0.115338,0.05,13.8475,0.0062,1.475,,,,
1243,527,292.4,0.106852,0.05,13.2155,0.0,1.485,,,,
1244,521,285.54,0.120768,0.05,12.7041,0.0123,1.47,,,,
1245,528,291.4,0.115592,0.05,12.7441,0.0031,1.485,,,,
1246,516,287.64,0.121133,0.05,12.7797,0.0093,1.475,,,,
1247,517,291.62,0.121049,0.05,12.2896,0.0031,1.485,,,,
1248,528,294.46,0.126032,0.05,12.0667,0.0031,1.5,,,,
1249,522,294.54,0.14083,0.05,12.3411,0.0,1.495,,,,
1250,525,287.46,0.159596,0.05,13.1017,0.0093,1.475,,,,
1251,513,291.7,0.119871,0.05,12.0034,0.0031,1.485,,,,
1252,538,288.18,0.132959,0.05,13.9492,0.0062,1.475,,,,
1253,535,285.26,0.141976,0.05,13.9456,0.0123,1.47,,,,
1254,526,290.42,0.14077,0.05,13.125,0.0031,1.48,,,,
1255,522,290.5,0.132467,0.05,13.0912,0.0031,1.48,,,,
1256,527,289.38,0.133171,0.05,13.2373,0.0031,1.475,,,,
1257,532,290.3,0.119578,0.05,13.5473,0.0031,1.48,,,,
1258,533,285.3,0.123015,0.05,14.1667,0.0123,1.47,,,,
1259,516,292.62,0.126116,0.05,12.4579,0.0,1.485,,,,
1260,521,291.54,0.123307,0.05,12.7946,0.0031,1.485,,,,
1261,544,292.06,0.122281,0.05,13.0303,0.0,1.485,,,,
1262,516,291.64,0.123393,0.05,12.5084,0.0031,1.485,,,,
1263,508,293.84,0.12847,0.05,11.8729,0.0031,1.495,,,,
1264,520,285.56,0.127922,0.05,12.7041,0.0123,1.47,,,,
1265,515,289.66,0.131584,0.05,12.5845,0.0062,1.48,,,,
1266,514,288.66,0.125571,0.05,12.9661,0.0062,1.475,,,,
1267,538,290.18,0.121216,0.05,13.7669,0.0031,1.48,,,,
1268,527,283.42,0.127297,0.05,13.7543,0.0154,1.465,,,,
1269,524,292.54,0.128693,0.05,11.8729,0.0062,1.495,,,,
1270,542,288.1,0.122512,0.05,14.339,0.0062,1.475,,,,
1271,514,291.72,0.094886,0.05,11.896,0.0062,1.49,,,,
1272,528,291.4,0.144647,0.05,12.9293,0.0031,1.485,,,,
1273,517,288.64,0.11764,0.05,13.8682,0.0093,1.48,,,,
1274,521,283.5,0.13331,0.05,13.887,0.0123,1.46,,,,
1275,522,293.52,0.138569,0.05,13.7416,0.0,1.49,,,,
1276,518,290.58,0.124982,0.05,13.8007,0.0031,1.48,,,,
1277,531,290.32,0.130415,0.05,14.375,0.0031,1.48,,,,
1278,531,286.32,0.137461,0.05,13.6735,0.0093,1.47,,,,
1279,521,290.52,0.135614,0.05,12.7027,0.0031,1.48,,,,
1280,540,281.12,0.127004,0.05,14.9141,0.0154,1.455,,,,
1281,523,286.48,0.136622,0.05,13.1973,0.0093,1.47,,,,
1282,527,286.4,0.120371,0.05,13.3163,0.0093,1.47,,,,
1283,532,289.28,0.14602,0.05,13.5254,0.0031,1.475,,,,
1284,529,284.32,0.118343,0.05,13.2192,0.0093,1.46,,,,
1285,529,289.34,0.138835,0.05,13.9492,0.0031,1.475,,,,
1286,547,292.0,0.133585,0.05,13.8215,0.0,1.485,,,,
1287,529,288.36,0.121562,0.05,13.2712,0.0062,1.475,,,,
1288,519,290.52,0.130821,0.05,12.5254,0.0,1.475,,,,
1289,531,287.3,0.132187,0.05,12.9932,0.0062,1.47,,,,
1290,508,289.84,0.126057,0.05,12.6263,0.0093,1.485,,,,
1291,528,284.42,0.127512,0.05,13.7925,0.0154,1.47,,,,
1292,519,290.6,0.111718,0.05,12.2391,0.0062,1.485,,,,
1293,519,288.56,0.129693,0.05,11.7966,0.0062,1.475,,,,
1294,516,289.64,0.130732,0.05,13.75,0.0062,1.48,,,,
1295,521,286.52,0.123782,0.05,13.0782,0.0093,1.47,,,,
1296,522,289.52,0.112868,0.05,12.6014,0.0062,1.48,,,,
1297,504,293.88,0.135932,0.05,12.0134,0.0,1.49,,,,
1298,527,291.42,0.144911,0.05,12.6599,0.0031,1.485,,,,
1299,531,290.32,0.119374,0.05,13.6655,0.0031,1.48,,,,
1300,513,289.7,0.122619,0.05,12.7872,0.0062,1.48,,,,
1301,508,293.84,0.14158,0.05,10.9532,0.0031,1.495,,,,
1302,529,293.46,0.124601,0.05,11.55,0.0062,1.5,,,,
1303,521,287.54,0.132499,0.05,13.2712,0.0093,1.475,,,,
1304,521,285.54,0.119531,0.05,13.3503,0.0123,1.47,,,,
1305,515,290.64,0.139782,0.05,11.9764,0.0031,1.48,,,,
1306,533,280.2,0.110011,0.05,13.737,0.0123,1.445,,,,
1307,523,289.5,0.129543,0.05,13.7162,0.0062,1.48,,,,
1308,524,290.46,0.134364,0.05,12.5169,0.0031,1.48,,,,
1309,529,291.38,0.104183,0.05,12.7104,0.0031,1.485,,,,
1310,512,289.68,0.127999,0.05,12.2373,0.0031,1.475,,,,
1311,535,287.18,0.132196,0.05,14.2662,0.0031,1.465,,,,
1312,523,292.52,0.106074,0.05,12.2483,0.0031,1.49,,,,
1313,530,291.32,0.128414,0.05,12.9223,0.0,1.48,,,,
1314,519,291.54,0.118961,0.05,12.7534,0.0,1.48,,,,
1315,514,286.66,0.124709,0.05,12.619,0.0093,1.47,,,,
1316,527,288.4,0.133012,0.05,13.2034,0.0062,1.475,,,,
1317,527,289.38,0.116772,0.05,12.8305,0.0031,1.475,,,,
1318,529,293.38,0.143684,0.05,12.6007,0.0,1.49,,,,
1319,516,292.62,0.134742,0.05,12.2391,0.0,1.485,,,,
1320,522,290.5,0.142389,0.05,12.5,0.0031,1.48,,,,
1321,520,288.54,0.138434,0.05,12.2881,0.0062,1.475,,,,
1322,507,287.82,0.124699,0.05,12.5085,0.0093,1.475,,,,
1323,515,291.62,0.133023,0.05,12.1453,0.0,1.48,,,,
1324,541,288.12,0.144921,0.05,13.3051,0.0062,1.475,,,,
1325,517,291.58,0.110278,0.05,11.7905,0.0,1.48,,,,
1326,551,286.9,0.128639,0.05,14.4048,0.0062,1.47,,,,
1327,518,293.6,0.123206,0.05,12.5671,0.0,1.49,,,,
1328,520,291.56,0.12584,0.05,12.8788,0.0031,1.485,,,,
1329,516,292.7,0.129543,0.05,11.1538,0.0062,1.495,,,,
1330,546,285.04,0.134227,0.05,13.5714,0.0123,1.47,,,,
1331,526,286.42,0.114725,0.05,12.7551,0.0093,1.47,,,,
1332,519,292.6,0.121571,0.05,11.6779,0.0031,1.49,,,,
1333,515,290.64,0.128143,0.05,13.3953,0.0031,1.48,,,,
1334,521,289.54,0.128498,0.05,13.2939,0.0062,1.48,,,,
1335,516,294.66,0.111464,0.05,11.7726,0.0,1.495,,,,
1336,526,292.42,0.125345,0.05,13.9731,0.0,1.485,,,,
1337,514,293.72,0.123546,0.05,12.2408,0.0031,1.495,,,,
1338,536,284.14,0.1308,0.05,13.866,0.0062,1.455,,,,
1339,549,288.98,0.117232,0.05,13.7838,0.0062,1.48,,,,
1340,557,286.78,0.102548,0.05,14.4048,0.0062,1.47,,,,
1341,532,288.3,0.122198,0.05,13.1864,0.0062,1.475,,,,
1342,534,287.24,0.123011,0.05,13.7585,0.0062,1.47,,,,
1343,531,287.34,0.121359,0.05,12.6949,0.0093,1.475,,,,
1344,527,294.44,0.131925,0.05,12.5585,0.0,1.495,,,,
1345,533,290.28,0.13125,0.05,13.1926,0.0031,1.48,,,,
1346,536,285.2,0.116005,0.05,13.0034,0.0093,1.465,,,,
1347,527,286.4,0.118953,0.05,12.8741,0.0093,1.47,,,,
1348,551,276.86,0.137033,0.05,14.6701,0.0184,1.44,,,,
1349,521,293.58,0.121595,0.05,11.204,0.0031,1.495,,,,
1350,522,294.54,0.131347,0.05,12.3913,0.0,1.495,,,,
1351,554,288.84,0.118215,0.05,13.1864,0.0031,1.475,,,,
1352,528,290.38,0.133376,0.05,13.5473,0.0031,1.48,,,,
1353,523,292.52,0.117981,0.05,11.9295,0.0031,1.49,,,,
1354,544,290.06,0.113113,0.05,13.0236,0.0031,1.48,,,,
1355,540,291.12,0.118736,0.05,12.5845,0.0,1.48,,,,
1356,530,288.34,0.132733,0.05,12.661,0.0062,1.475,,,,
1357,515,289.66,0.118806,0.05,13.2432,0.0062,1.48,,,,
1358,522,280.5,0.120003,0.05,13.7801,0.0184,1.455,,,,
1359,521,289.5,0.130868,0.05,12.7797,0.0031,1.475,,,,
1360,514,291.68,0.124767,0.05,12.862,0.0031,1.485,,,,
1361,516,290.58,0.136022,0.05,13.1525,0.0,1.475,,,,
1362,533,288.28,0.131128,0.05,13.3898,0.0062,1.475,,,,
1363,525,288.44,0.128087,0.05,13.661,0.0062,1.475,,,,
1364,519,289.58,0.121795,0.05,12.1622,0.0062,1.48,,,,
1365,512,291.68,0.137691,0.05,13.277,0.0,1.48,,,,
1366,529,294.4,0.126628,0.05,11.7391,0.0,1.495,,,,
1367,549,289.96,0.13878,0.05,13.8007,0.0031,1.48,,,,
1368,540,290.1,0.132146,0.05,13.339,0.0,1.475,,,,
1369,532,289.32,0.132632,0.05,13.6149,0.0062,1.48,,,,
1370,533,288.28,0.110753,0.05,13.6271,0.0062,1.475,,,,
1371,527,282.4,0.12981,0.05,13.7329,0.0154,1.46,,,,
1372,513,293.7,0.112216,0.05,12.6342,0.0,1.49,,,,
1373,548,280.92,0.123967,0.05,14.0172,0.0123,1.45,,,,
1374,523,288.48,0.125854,0.05,12.1525,0.0062,1.475,,,,
1375,518,284.5,0.119343,0.05,11.8557,0.0062,1.455,,,,
1376,523,287.54,0.14295,0.05,12.4324,0.0123,1.48,,,,
1377,509,291.78,0.134129,0.05,11.835,0.0031,1.485,,,,
1378,519,285.46,0.120865,0.05,13.5052,0.0031,1.455,,,,
1379,524,291.48,0.151867,0.05,13.3502,0.0031,1.485,,,,
1380,520,289.56,0.139888,0.05,13.0068,0.0062,1.48,,,,
1381,519,290.56,0.138645,0.05,12.8209,0.0031,1.48,,,,
1382,517,288.6,0.137493,0.05,12.8136,0.0062,1.475,,,,
1383,516,293.64,0.124292,0.05,13.7919,0.0,1.49,,,,
1384,517,290.64,0.124655,0.05,11.9529,0.0062,1.485,,,,
1385,521,294.56,0.117519,0.05,11.7559,0.0,1.495,,,,
1386,530,287.28,0.117872,0.05,13.157,0.0031,1.465,,,,
1387,528,276.38,0.137055,0.05,13.218,0.0244,1.445,,,,
1388,525,292.44,0.123831,0.05,12.4242,0.0,1.485,,,,
1389,535,290.24,0.11245,0.05,13.1588,0.0031,1.48,,,,
1390,513,292.68,0.134499,0.05,12.6094,0.0,1.485,,,,
1391,530,293.36,0.149705,0.05,13.2383,0.0,1.49,,,,
1392,524,286.46,0.130113,0.05,13.9286,0.0093,1.47,,,,
1393,531,290.32,0.132825,0.05,13.2095,0.0031,1.48,,,,
1394,527,290.36,0.113412,0.05,13.1525,0.0,1.475,,,,
1395,548,282.88,0.113576,0.05,14.3793,0.0062,1.45,,,,
1396,527,292.4,0.140164,0.05,12.1212,0.0,1.485,,,,
1397,529,293.42,0.127172,0.05,12.0067,0.0031,1.495,,,,
1398,539,287.18,0.124423,0.05,12.3898,0.0093,1.475,,,,
1399,520,292.54,0.144351,0.05,12.6936,0.0,1.485,,,,
1400,532,291.32,0.136607,0.05,11.9024,0.0031,1.485,304.1,8.1006,0.0,1.54
1401,542,292.1,0.111641,0.05,13.1818,0.0,1.485,,,,
1402,531,290.32,0.132628,0.05,13.4797,0.0031,1.48,,,,
1403,525,292.44,0.116536,0.05,13.2155,0.0,1.485,,,,
1404,521,289.54,0.126311,0.05,13.7669,0.0062,1.48,,,,
1405,527,293.42,0.1226,0.05,12.2315,0.0,1.49,,,,
1406,512,292.74,0.123494,0.05,13.2047,0.0031,1.49,,,,
1407,521,290.52,0.135776,0.05,13.4628,0.0031,1.48,,,,
1408,540,291.16,0.140649,0.05,12.5758,0.0031,1.485,,,,
1409,513,290.72,0.109578,0.05,11.9529,0.0062,1.485,,,,
1410,531,291.3,0.117006,0.05,12.0439,0.0,1.48,,,,
1411,526,293.44,0.124486,0.05,11.8289,0.0,1.49,,,,
1412,532,295.36,0.115867,0.05,12.6167,0.0,1.5,,,,
1413,534,290.26,0.132061,0.05,13.3953,0.0031,1.48,,,,
1414,524,292.46,0.121374,0.05,12.7273,0.0,1.485,,,,
1415,532,293.36,0.117083,0.05,12.9431,0.0031,1.495,,,,
1416,527,291.42,0.129334,0.05,13.266,0.0031,1.485,,,,
1417,521,290.52,0.12455,0.05,13.125,0.0031,1.48,,,,
1418,507,291.78,0.125401,0.05,13.2432,0.0,1.48,,,,
1419,510,288.74,0.127425,0.05,12.4746,0.0062,1.475,,,,
1420,536,292.22,0.126586,0.05,14.1751,0.0,1.485,,,,
1421,533,294.32,0.124178,0.05,11.9732,0.0,1.495,,,,
1422,522,279.4,0.131449,0.05,12.9861,0.0123,1.44,,,,
1423,563,283.6,0.13225,0.05,14.6564,0.0062,1.455,,,,
1424,526,290.38,0.136771,0.05,13.4237,0.0,1.475,,,,
1425,516,287.64,0.121608,0.05,12.0847,0.0093,1.475,,,,
1426,549,286.94,0.12455,0.05,14.3367,0.0062,1.47,,,,
1427,512,290.74,0.124335,0.05,12.3064,0.0062,1.485,,,,
1428,536,289.24,0.120968,0.05,13.5642,0.0062,1.48,,,,
1429,517,286.6,0.115592,0.05,12.551,0.0093,1.47,,,,
1430,512,286.66,0.110498,0.05,12.2355,0.0062,1.465,,,,
1431,527,288.36,0.117352,0.05,13.2653,0.0031,1.47,,,,
1432,524,290.5,0.107571,0.05,12.138,0.0062,1.485,,,,
1433,512,292.7,0.130605,0.05,13.064,0.0,1.485,,,,
1434,522,287.44,0.135212,0.05,12.9693,0.0031,1.465,,,,
1435,541,287.06,0.13317,0.05,13.686,0.0031,1.465,,,,
1436,535,283.22,0.126132,0.05,14.2466,0.0123,1.46,,,,
1437,519,290.6,0.133911,0.05,12.8283,0.0062,1.485,,,,
1438,535,284.2,0.120704,0.05,13.2021,0.0093,1.46,,,,
1439,528,294.42,0.136724,0.05,12.3077,0.0,1.495,,,,
1440,526,290.38,0.12989,0.05,13.4746,0.0,1.475,,,,
1441,538,279.04,0.128988,0.05,13.5366,0.0093,1.435,,,,
1442,521,288.52,0.125004,0.05,12.3051,0.0062,1.475,,,,
1443,537,284.2,0.140467,0.05,14.3857,0.0123,1.465,,,,
1444,515,293.66,0.132227,0.05,12.9195,0.0,1.49,,,,
1445,524,286.46,0.119912,0.05,13.8605,0.0093,1.47,,,,
1446,511,290.68,0.131881,0.05,12.7966,0.0,1.475,,,,
1447,526,286.34,0.126216,0.05,13.3219,0.0031,1.46,,,,
1448,547,291.02,0.131378,0.05,14.1751,0.0031,1.485,,,,
1449,517,290.6,0.120693,0.05,13.5473,0.0031,1.48,,,,
1450,547,287.02,0.122589,0.05,14.1695,0.0093,1.475,,,,
1451,520,288.54,0.116327,0.05,13.0847,0.0062,1.475,,,,
1452,522,290.5,0.134774,0.05,13.3277,0.0031,1.48,,,,
1453,529,289.38,0.111321,0.05,14.1216,0.0062,1.48,,,,
1454,533,285.3,0.127192,0.05,13.3673,0.0123,1.47,,,,
1455,549,286.9,0.1175,0.05,14.0273,0.0031,1.465,,,,
1456,515,294.72,0.131666,0.05,11.6667,0.0031,1.5,,,,
1457,523,289.5,0.121189,0.05,13.1926,0.0062,1.48,,,,
1458,528,285.36,0.117947,0.05,13.2253,0.0093,1.465,,,,
1459,503,285.9,0.107362,0.05,13.0782,0.0123,1.47,,,,
1460,534,289.28,0.123281,0.05,13.8682,0.0062,1.48,,,,
1461,517,297.7,0.114404,0.05,11.1755,0.0,1.51,,,,
1462,527,291.38,0.125294,0.05,13.8007,0.0,1.48,,,,
1463,514,290.62,0.113818,0.05,12.3051,0.0,1.475,,,,
1464,523,284.48,0.114929,0.05,13.4642,0.0123,1.465,,,,
1465,513,295.74,0.109966,0.05,11.6833,0.0,1.5,,,,
1466,527,288.36,0.132806,0.05,12.8571,0.0031,1.47,,,,
1467,520,289.56,0.120115,0.05,13.0912,0.0062,1.48,,,,
1468,525,295.5,0.139473,0.05,12.75,0.0,1.5,,,,
1469,537,288.16,0.122689,0.05,13.8095,0.0031,1.47,,,,
1470,552,285.9,0.119986,0.05,14.4218,0.0093,1.47,,,,
1471,514,292.7,0.135369,0.05,12.2315,0.0031,1.49,,,,
1472,517,289.58,0.133702,0.05,12.7797,0.0031,1.475,,,,
1473,532,289.24,0.1132,0.05,12.7551,0.0,1.47,,,,
1474,518,289.56,0.126785,0.05,12.0508,0.0031,1.475,,,,
1475,517,290.56,0.131075,0.05,11.8305,0.0,1.475,,,,
1476,513,284.68,0.128006,0.05,13.1058,0.0123,1.465,,,,
1477,536,293.24,0.115986,0.05,13.8423,0.0,1.49,,,,
1478,563,283.6,0.133946,0.05,14.622,0.0062,1.455,,,,
1479,524,293.48,0.146161,0.05,12.5503,0.0,1.49,,,,
1480,527,289.38,0.143442,0.05,13.0339,0.0031,1.475,,,,
1481,522,287.52,0.118279,0.05,13.678,0.0093,1.475,,,,
1482,527,287.38,0.147161,0.05,13.9456,0.0062,1.47,,,,
1483,541,291.1,0.129658,0.05,13.598,0.0,1.48,,,,
1484,530,286.34,0.136584,0.05,13.6735,0.0093,1.47,,,,
1485,527,283.42,0.143407,0.05,13.1911,0.0154,1.465,,,,
1486,530,286.34,0.137225,0.05,13.6224,0.0093,1.47,,,,
1487,521,289.54,0.136344,0.05,12.5845,0.0062,1.48,,,,
1488,521,287.5,0.114505,0.05,13.8605,0.0062,1.47,,,,
1489,508,284.74,0.135366,0.05,12.1575,0.0093,1.46,,,,
1490,524,285.44,0.124144,0.05,12.884,0.0093,1.465,,,,
1491,525,287.38,0.113107,0.05,13.1741,0.0031,1.465,,,,
1492,529,288.36,0.132274,0.05,12.661,0.0062,1.475,,,,
1493,529,289.38,0.120839,0.05,13.6993,0.0062,1.48,,,,
1494,514,290.66,0.125236,0.05,12.0439,0.0031,1.48,,,,
1495,522,281.48,0.138724,0.05,13.0756,0.0154,1.455,,,,
1496,548,280.92,0.15448,0.05,14.4138,0.0123,1.45,,,,
1497,541,290.12,0.124328,0.05,13.5811,0.0031,1.48,,,,
1498,527,282.36,0.135494,0.05,12.8522,0.0123,1.455,,,,
1499,522,288.5,0.130401,0.05,13.3559,0.0062,1.475,,,,
1500,532,292.3,0.114852,0.05,13.6532,0.0,1.485,,,,
1501,525,280.4,0.114251,0.05,14.1034,0.0154,1.45,,,,
1502,524,291.48,0.135349,0.05,12.862,0.0031,1.485,,,,
1503,556,282.76,0.141878,0.05,14.8969,0.0093,1.455,,,,
1504,532,290.3,0.129788,0.05,13.3953,0.0031,1.48,,,,
1505,531,287.38,0.114846,0.05,11.9257,0.0123,1.48,,,,
1506,545,290.04,0.141971,0.05,14.5946,0.0031,1.48,,,,
1507,519,290.56,0.139918,0.05,12.5845,0.0031,1.48,,,,
1508,530,290.34,0.106202,0.05,14.1723,0.0031,1.48,,,,
1509,520,293.56,0.142476,0.05,12.9195,0.0,1.49,,,,
1510,529,293.38,0.123778,0.05,14.1443,0.0,1.49,,,,
1511,510,288.7,0.122457,0.05,13.0612,0.0031,1.47,,,,
1512,510,291.76,0.125459,0.05,11.532,0.0031,1.485,,,,
1513,532,292.3,0.135696,0.05,13.3165,0.0,1.485,,,,
1514,522,289.48,0.127717,0.05,13.9661,0.0031,1.475,,,,
1515,512,288.7,0.143991,0.05,12.7627,0.0062,1.475,,,,
1516,524,288.46,0.139122,0.05,13.5932,0.0062,1.475,,,,
1517,506,293.84,0.132192,0.05,11.7953,0.0,1.49,,,,
1518,531,288.32,0.121669,0.05,13.0339,0.0062,1.475,,,,
1519,532,284.3,0.122275,0.05,13.8908,0.0123,1.465,,,,
1520,524,288.46,0.138511,0.05,13.2203,0.0062,1.475,,,,
1521,513,294.76,0.123325,0.05,11.4167,0.0031,1.5,,,,
1522,530,290.34,0.127139,0.05,13.4122,0.0031,1.48,,,,
1523,528,280.34,0.12713,0.05,13.7069,0.0154,1.45,,,,
1524,542,287.12,0.133515,0.05,14.2712,0.0093,1.475,,,,
1525,514,292.74,0.112991,0.05,11.0201,0.0062,1.495,,,,
1526,518,289.6,0.126231,0.05,12.7196,0.0062,1.48,,,,
1527,516,290.62,0.126072,0.05,12.7534,0.0031,1.48,,,,
1528,527,289.42,0.127495,0.05,13.5473,0.0062,1.48,,,,
1529,544,286.06,0.139939,0.05,14.3537,0.0093,1.47,,,,
1530,518,290.58,0.146336,0.05,12.973,0.0031,1.48,,,,
1531,520,289.52,0.114518,0.05,13.3729,0.0031,1.475,,,,
1532,523,291.5,0.139966,0.05,13.266,0.0031,1.485,,,,
1533,530,293.36,0.116711,0.05,12.7517,0.0,1.49,,,,
1534,512,286.7,0.107348,0.05,12.534,0.0093,1.47,,,,
1535,531,293.34,0.136877,0.05,13.5067,0.0,1.49,,,,
1536,518,288.58,0.108967,0.05,12.2203,0.0062,1.475,,,,
1537,527,285.38,0.11827,0.05,13.8225,0.0093,1.465,,,,
1538,515,287.66,0.122501,0.05,12.4237,0.0093,1.475,,,,
1539,536,290.22,0.12291,0.05,13.1419,0.0031,1.48,,,,
1540,521,292.52,0.122783,0.05,12.8788,0.0,1.485,,,,
1541,528,289.32,0.125214,0.05,12.585,0.0,1.47,,,,
1542,516,293.68,0.109764,0.05,11.0033,0.0031,1.495,,,,
1543,525,288.44,0.10599,0.05,13.5932,0.0062,1.475,,,,
1544,515,289.66,0.136353,0.05,12.6014,0.0062,1.48,,,,
1545,521,287.54,0.125858,0.05,13.2881,0.0093,1.475,,,,
1546,551,283.84,0.134641,0.05,14.2955,0.0062,1.455,,,,
1547,527,290.4,0.12556,0.05,13.1926,0.0031,1.48,,,,
1548,528,284.34,0.113656,0.05,13.6644,0.0093,1.46,,,,
1549,514,290.66,0.129521,0.05,13.3108,0.0031,1.48,,,,
1550,540,282.06,0.13823,0.05,13.8621,0.0093,1.45,,,,
1551,545,285.02,0.129724,0.05,14.0614,0.0093,1.465,,,,
1552,528,288.46,0.156259,0.05,12.138,0.0123,1.485,,,,
1553,528,281.4,0.12384,0.05,13.6473,0.0184,1.46,,,,
1554,509,294.84,0.126053,0.05,11.2167,0.0031,1.5,,,,
1555,527,287.38,0.111261,0.05,13.1122,0.0062,1.47,,,,
1556,542,291.12,0.121925,0.05,12.963,0.0031,1.485,,,,
1557,523,290.48,0.12329,0.05,12.1959,0.0031,1.48,,,,
1558,552,286.88,0.137443,0.05,13.2823,0.0062,1.47,,,,
1559,530,293.36,0.13318,0.05,12.5503,0.0,1.49,,,,
1560,534,287.2,0.145706,0.05,13.3959,0.0031,1.465,,,,
1561,522,290.5,0.129624,0.05,12.4324,0.0031,1.48,,,,
1562,511,292.76,0.127685,0.05,11.2416,0.0031,1.49,,,,
1563,532,290.3,0.136143,0.05,13.5473,0.0031,1.48,,,,
1564,552,282.8,0.12929,0.05,13.6207,0.0062,1.45,,,,
1565,528,288.38,0.120262,0.05,13.3898,0.0062,1.475,,,,
1566,535,290.28,0.120169,0.05,12.862,0.0062,1.485,,,,
1567,539,290.16,0.104465,0.05,13.0236,0.0031,1.48,,,,
1568,544,289.04,0.10984,0.05,13.322,0.0031,1.475,,,,
1569,531,285.22,0.13033,0.05,11.7698,0.0031,1.455,,,,
1570,517,293.62,0.121494,0.05,11.1913,0.0,1.49,,,,
1571,521,292.56,0.131988,0.05,11.9631,0.0031,1.49,,,,
1572,536,289.24,0.139083,0.05,13.1926,0.0062,1.48,,,,
1573,521,296.6,0.125338,0.05,11.7608,0.0,1.505,,,,
1574,569,278.46,0.141942,0.05,15.6597,0.0123,1.44,,,,
1575,516,294.7,0.118242,0.05,11.6,0.0031,1.5,,,,
1576,530,292.34,0.122116,0.05,13.3502,0.0,1.485,,,,
1577,520,291.52,0.119634,0.05,12.7196,0.0,1.48,,,,
1578,538,287.16,0.136327,0.05,13.9796,0.0062,1.47,,,,
1579,528,288.34,0.130444,0.05,13.0782,0.0031,1.47,,,,
1580,529,291.34,0.133969,0.05,13.3108,0.0,1.48,,,,
1581,531,287.26,0.114885,0.05,13.157,0.0031,1.465,,,,
1582,537,283.22,0.136176,0.05,14.198,0.0154,1.465,,,,
1583,523,291.46,0.12889,0.05,12.1959,0.0,1.48,,,,
1584,516,292.7,0.123691,0.05,11.689,0.0062,1.495,,,,
1585,537,288.2,0.129655,0.05,13.4068,0.0062,1.475,,,,
1586,535,282.24,0.129019,0.05,13.6644,0.0154,1.46,,,,
1587,542,287.08,0.135697,0.05,13.5544,0.0062,1.47,,,,
1588,526,285.4,0.121039,0.05,12.901,0.0093,1.465,,,,
1589,528,288.38,0.119719,0.05,12.6949,0.0062,1.475,,,,
1590,518,285.56,0.11941,0.05,13.0546,0.0093,1.465,,,,
1591,524,289.48,0.121426,0.05,12.4155,0.0062,1.48,,,,
1592,519,294.6,0.108114,0.05,11.8395,0.0,1.495,,,,
1593,548,289.94,0.136623,0.05,13.8305,0.0,1.475,,,,
1594,546,289.98,0.112095,0.05,13.678,0.0,1.475,,,,
1595,519,289.58,0.128298,0.05,12.7703,0.0062,1.48,,,,
1596,511,293.82,0.118335,0.05,11.2167,0.0062,1.5,,,,
1597,507,289.86,0.133712,0.05,11.4478,0.0093,1.485,,,,
1598,526,292.42,0.138226,0.05,13.4343,0.0,1.485,,,,
1599,538,293.2,0.130754,0.05,13.4228,0.0,1.49,,,,
1600,529,287.34,0.135852,0.05,13.2313,0.0062,1.47,299.02,11.0066,0.0,1.515
1601,532,287.28,0.123705,0.05,13.9626,0.0062,1.47,,,,
1602,544,289.04,0.125718,0.05,13.3898,0.0031,1.475,,,,
1603,527,288.4,0.12767,0.05,13.7119,0.0062,1.475,,,,
1604,521,292.52,0.128959,0.05,13.0471,0.0,1.485,,,,
1605,517,282.56,0.12643,0.05,14.0034,0.0123,1.455,,,,
1606,514,292.7,0.117127,0.05,12.4664,0.0031,1.49,,,,
1607,519,290.56,0.139895,0.05,13.3953,0.0031,1.48,,,,
1608,515,288.64,0.132262,0.05,12.8644,0.0062,1.475,,,,
1609,539,289.18,0.123333,0.05,13.8682,0.0062,1.48,,,,
1610,512,292.7,0.136145,0.05,12.6599,0.0,1.485,,,,
1611,534,290.26,0.14874,0.05,13.2939,0.0031,1.48,,,,
1612,534,286.22,0.120768,0.05,13.3788,0.0062,1.465,,,,
1613,519,287.58,0.14022,0.05,13.0508,0.0093,1.475,,,,
1614,521,288.52,0.12132,0.05,13.7288,0.0062,1.475,,,,
1615,514,295.72,0.136103,0.05,11.3667,0.0,1.5,,,,
1616,541,287.1,0.142743,0.05,13.9286,0.0062,1.47,,,,
1617,524,288.46,0.148158,0.05,12.4746,0.0062,1.475,,,,
1618,537,288.12,0.115843,0.05,13.8225,0.0,1.465,,,,
1619,518,292.58,0.11983,0.05,11.7845,0.0,1.485,,,,
1620,531,291.3,0.139889,0.05,13.1081,0.0,1.48,,,,
1621,520,291.52,0.129268,0.05,12.5676,0.0,1.48,,,,
1622,535,286.2,0.130243,0.05,13.4812,0.0062,1.465,,,,
1623,513,292.72,0.12621,0.05,11.6779,0.0031,1.49,,,,
1624,546,282.92,0.110998,0.05,13.5,0.0062,1.45,,,,
1625,526,286.42,0.128041,0.05,13.1633,0.0093,1.47,,,,
1626,520,291.6,0.121297,0.05,11.443,0.0062,1.49,,,,
1627,515,290.64,0.120474,0.05,13.4122,0.0031,1.48,,,,
1628,524,294.58,0.134087,0.05,11.5116,0.0062,1.505,,,,
1629,528,292.38,0.130952,0.05,11.8013,0.0,1.485,,,,
1630,531,289.3,0.13371,0.05,12.0508,0.0031,1.475,,,,
1631,509,291.78,0.124882,0.05,12.7273,0.0031,1.485,,,,
1632,525,292.44,0.12927,0.05,11.6667,0.0,1.485,,,,
1633,529,289.34,0.114329,0.05,13.4746,0.0031,1.475,,,,
1634,516,293.72,0.124596,0.05,11.5167,0.0062,1.5,,,,
1635,513,293.7,0.139653,0.05,13.0034,0.0,1.49,,,,
1636,535,291.26,0.120591,0.05,12.862,0.0031,1.485,,,,
1637,515,292.72,0.11873,0.05,12.1739,0.0062,1.495,,,,
1638,524,290.46,0.104864,0.05,12.4493,0.0031,1.48,,,,
1639,518,291.6,0.128092,0.05,12.5421,0.0031,1.485,,,,
1640,535,287.22,0.129076,0.05,13.7925,0.0062,1.47,,,,
1641,526,290.38,0.134542,0.05,12.9661,0.0,1.475,,,,
1642,509,289.78,0.137705,0.05,11.9595,0.0062,1.48,,,,
1643,523,292.48,0.116849,0.05,12.037,0.0,1.485,,,,
1644,516,289.64,0.142937,0.05,12.2973,0.0062,1.48,,,,
1645,520,293.6,0.124958,0.05,12.2575,0.0031,1.495,,,,
1646,521,287.54,0.115364,0.05,13.4068,0.0093,1.475,,,,
1647,520,291.52,0.136671,0.05,12.7365,0.0,1.48,,,,
1648,527,294.44,0.12135,0.05,12.5585,0.0,1.495,,,,
1649,505,291.86,0.128396,0.05,11.8013,0.0031,1.485,,,,
1650,523,289.46,0.136258,0.05,12.2373,0.0031,1.475,,,,
1651,529,288.36,0.124804,0.05,12.5254,0.0062,1.475,,,,
1652,510,292.78,0.129456,0.05,12.5671,0.0031,1.49,,,,
1653,543,290.04,0.126413,0.05,13.8644,0.0,1.475,,,,
1654,527,290.4,0.127073,0.05,13.4797,0.0031,1.48,,,,
1655,503,291.94,0.128654,0.05,11.4933,0.0062,1.49,,,,
1656,519,287.58,0.127888,0.05,13.9322,0.0093,1.475,,,,
1657,519,288.56,0.116801,0.05,12.6102,0.0062,1.475,,,,
1658,530,292.34,0.123157,0.05,14.0236,0.0,1.485,,,,
1659,507,292.84,0.125569,0.05,13.1711,0.0031,1.49,,,,
1660,513,291.7,0.115981,0.05,13.4175,0.0031,1.485,,,,
1661,521,293.54,0.134589,0.05,13.3054,0.0,1.49,,,,
1662,522,289.52,0.123993,0.05,12.973,0.0062,1.48,,,,
1663,518,288.58,0.114542,0.05,12.5254,0.0062,1.475,,,,
1664,509,289.78,0.113861,0.05,13.4291,0.0062,1.48,,,,
1665,515,283.58,0.115331,0.05,13.5395,0.0093,1.455,,,,
1666,514,287.68,0.124238,0.05,13.322,0.0093,1.475,,,,
1667,506,290.82,0.131127,0.05,12.5338,0.0031,1.48,,,,
1668,516,292.7,0.117507,0.05,11.689,0.0062,1.495,,,,
1669,503,291.9,0.123644,0.05,13.2828,0.0031,1.485,,,,
1670,513,289.66,0.111149,0.05,12.8475,0.0031,1.475,,,,
1671,508,282.78,0.12395,0.05,13.887,0.0154,1.46,,,,
1672,511,285.7,0.12295,0.05,12.9352,0.0093,1.465,,,,
1673,521,288.52,0.135364,0.05,13.1525,0.0062,1.475,,,,
1674,514,289.68,0.125887,0.05,13.3615,0.0062,1.48,,,,
1675,521,289.54,0.117134,0.05,13.0068,0.0062,1.48,,,,
1676,527,290.36,0.141539,0.05,12.2034,0.0,1.475,,,,
1677,513,287.7,0.131827,0.05,13.1017,0.0093,1.475,,,,
1678,529,287.34,0.139625,0.05,13.6054,0.0062,1.47,,,,
1679,522,290.46,0.133394,0.05,12.8644,0.0,1.475,,,,
1680,508,291.8,0.137228,0.05,12.6768,0.0031,1.485,,,,
1681,521,288.56,0.129701,0.05,12.1791,0.0093,1.48,,,,
1682,531,281.3,0.125925,0.05,14.622,0.0154,1.455,,,,
1683,521,287.54,0.117327,0.05,12.8814,0.0093,1.475,,,,
1684,529,292.36,0.114003,0.05,12.3232,0.0,1.485,,,,
1685,521,289.54,0.130424,0.05,14.1385,0.0062,1.48,,,,
1686,518,287.6,0.133216,0.05,12.6271,0.0093,1.475,,,,
1687,537,293.22,0.123273,0.05,12.9362,0.0,1.49,,,,
1688,532,291.32,0.133083,0.05,13.7037,0.0031,1.485,,,,
1689,516,291.64,0.129787,0.05,11.6835,0.0031,1.485,,,,
1690,526,290.42,0.130305,0.05,12.2297,0.0031,1.48,,,,
1691,517,289.62,0.111546,0.05,12.8716,0.0062,1.48,,,,
1692,528,293.4,0.125019,0.05,13.3221,0.0,1.49,,,,
1693,514,294.78,0.123647,0.05,11.3787,0.0062,1.505,,,,
1694,515,285.62,0.118967,0.05,13.2423,0.0093,1.465,,,,
1695,522,298.62,0.119641,0.05,11.1716,0.0,1.515,,,,
1696,536,287.16,0.114411,0.05,13.8225,0.0031,1.465,,,,
1697,515,296.72,0.125021,0.05,11.4618,0.0,1.505,,,,
1698,526,292.42,0.117283,0.05,13.67,0.0,1.485,,,,
1699,509,289.78,0.120279,0.05,12.4831,0.0062,1.48,,,,
1700,525,293.46,0.124447,0.05,13.6242,0.0,1.49,,,,
1701,524,288.46,0.124268,0.05,12.8983,0.0062,1.475,,,,
1702,514,286.62,0.122961,0.05,12.4573,0.0062,1.465,,,,
1703,518,291.56,0.136134,0.05,11.6385,0.0,1.48,,,,
1704,528,290.38,0.122335,0.05,14.0878,0.0031,1.48,,,,
1705,519,287.58,0.142082,0.05,13.2542,0.0093,1.475,,,,
1706,510,292.82,0.137578,0.05,11.4548,0.0062,1.495,,,,
1707,511,291.78,0.11909,0.05,11.1409,0.0062,1.49,,,,
1708,522,297.6,0.125079,0.05,11.3742,0.0,1.51,,,,
1709,528,290.38,0.131524,0.05,12.9054,0.0031,1.48,,,,
1710,540,286.1,0.11882,0.05,13.2082,0.0062,1.465,,,,
1711,523,293.5,0.138428,0.05,12.0805,0.0,1.49,,,,
1712,517,289.62,0.133047,0.05,12.9899,0.0062,1.48,,,,
1713,538,282.14,0.140347,0.05,14.811,0.0123,1.455,,,,
1714,534,287.24,0.102138,0.05,13.5544,0.0062,1.47,,,,
1715,534,279.24,0.12894,0.05,14.1034,0.0184,1.45,,,,
1716,526,285.44,0.114443,0.05,13.7245,0.0123,1.47,,,,
1717,529,283.34,0.126497,0.05,13.9555,0.0123,1.46,,,,
1718,534,291.28,0.122967,0.05,12.5589,0.0031,1.485,,,,
1719,497,290.96,0.106167,0.05,12.339,0.0,1.475,,,,
1720,514,290.7,0.132671,0.05,13.6364,0.0062,1.485,,,,
1721,507,286.8,0.126259,0.05,12.9082,0.0093,1.47,,,,
1722,517,297.7,0.124036,0.05,11.3079,0.0,1.51,,,,
1723,523,291.5,0.122791,0.05,12.0034,0.0031,1.485,,,,
1724,516,285.64,0.124913,0.05,12.432,0.0123,1.47,,,,
1725,530,289.36,0.121932,0.05,13.3277,0.0062,1.48,,,,
1726,516,294.7,0.134782,0.05,11.3167,0.0031,1.5,,,,
1727,552,275.82,0.124861,0.05,14.5645,0.0184,1.435,,,,
1728,535,287.18,0.129203,0.05,13.3276,0.0031,1.465,,,,
1729,526,288.38,0.110396,0.05,13.6224,0.0031,1.47,,,,
1730,538,291.16,0.121388,0.05,13.6993,0.0,1.48,,,,
1731,523,282.4,0.135687,0.05,13.5517,0.0093,1.45,,,,
1732,522,290.5,0.103485,0.05,12.9899,0.0031,1.48,,,,
1733,517,293.7,0.115005,0.05,11.6833,0.0062,1.5,,,,
1734,518,286.58,0.113016,0.05,12.6871,0.0093,1.47,,,,
1735,504,293.88,0.114702,0.05,12.5503,0.0,1.49,,,,
1736,528,289.4,0.133857,0.05,11.9257,0.0062,1.48,,,,
1737,517,286.56,0.108637,0.05,13.1911,0.0062,1.465,,,,
1738,516,290.58,0.14071,0.05,13.5593,0.0,1.475,,,,
1739,522,294.58,0.134654,0.05,11.5833,0.0031,1.5,,,,
1740,521,297.62,0.128395,0.05,11.2914,0.0,1.51,,,,
1741,523,288.48,0.121497,0.05,13.1525,0.0062,1.475,,,,
1742,550,277.82,0.120671,0.05,14.5122,0.0123,1.435,,,,
1743,518,287.6,0.150517,0.05,12.5424,0.0093,1.475,,,,
1744,529,295.42,0.122528,0.05,11.95,0.0,1.5,,,,
1745,527,291.42,0.143526,0.05,13.7374,0.0031,1.485,,,,
1746,529,293.42,0.108831,0.05,12.4415,0.0031,1.495,,,,
1747,531,288.32,0.119814,0.05,13.9322,0.0062,1.475,,,,
1748,520,292.54,0.11858,0.05,12.6094,0.0,1.485,,,,
1749,516,293.64,0.120574,0.05,12.0302,0.0,1.49,,,,
1750,520,286.5,0.127286,0.05,13.43,0.0062,1.465,,,,
1751,507,290.8,0.125148,0.05,13.598,0.0031,1.48,,,,
1752,538,280.1,0.104497,0.05,13.2872,0.0123,1.445,,,,
1753,522,296.58,0.116133,0.05,11.2126,0.0,1.505,,,,
1754,518,290.62,0.144026,0.05,11.7003,0.0062,1.485,,,,
1755,526,290.38,0.136877,0.05,12.4576,0.0,1.475,,,,
1756,535,282.2,0.130367,0.05,14.5361,0.0123,1.455,,,,
1757,553,294.94,0.132629,0.05,12.0667,0.0,1.5,,,,
1758,537,290.16,0.134108,0.05,11.8136,0.0,1.475,,,,
1759,534,289.24,0.123798,0.05,12.7966,0.0031,1.475,,,,
1760,539,288.24,0.127296,0.05,12.7441,0.0123,1.485,,,,
1761,525,292.48,0.127226,0.05,12.047,0.0031,1.49,,,,
1762,509,286.72,0.125853,0.05,12.0648,0.0062,1.465,,,,
1763,524,286.46,0.125532,0.05,12.9422,0.0093,1.47,,,,
1764,518,291.6,0.117211,0.05,12.6768,0.0031,1.485,,,,
1765,509,289.74,0.097337,0.05,11.5424,0.0031,1.475,,,,
1766,513,291.7,0.123278,0.05,11.8013,0.0031,1.485,,,,
1767,515,296.72,0.125342,0.05,11.3289,0.0,1.505,,,,
1768,532,290.26,0.142017,0.05,13.678,0.0,1.475,,,,
1769,523,288.44,0.133971,0.05,11.7517,0.0031,1.47,,,,
1770,542,291.12,0.132941,0.05,12.8283,0.0031,1.485,,,,
1771,533,287.26,0.122656,0.05,13.4864,0.0062,1.47,,,,
1772,512,297.8,0.124041,0.05,10.6457,0.0,1.51,,,,
1773,530,288.34,0.142398,0.05,11.7966,0.0062,1.475,,,,
1774,518,290.62,0.113671,0.05,12.0707,0.0062,1.485,,,,
1775,522,293.52,0.114109,0.05,12.1812,0.0,1.49,,,,
1776,512,290.7,0.137137,0.05,13.5135,0.0031,1.48,,,,
1777,525,290.4,0.126688,0.05,13.2881,0.0,1.475,,,,
1778,524,287.4,0.122285,0.05,12.6109,0.0031,1.465,,,,
1779,521,292.52,0.11622,0.05,12.1549,0.0,1.485,,,,
1780,522,293.56,0.12882,0.05,11.5886,0.0031,1.495,,,,
1781,511,290.72,0.12762,0.05,13.4628,0.0031,1.48,,,,
1782,527,291.42,0.112427,0.05,13.8215,0.0031,1.485,,,,
1783,524,281.44,0.126971,0.05,13.8488,0.0154,1.455,,,,
1784,526,288.42,0.128788,0.05,13.8475,0.0062,1.475,,,,
1785,541,279.14,0.140275,0.05,14.5704,0.0214,1.455,,,,
1786,520,289.56,0.135059,0.05,12.6014,0.0062,1.48,,,,
1787,524,288.46,0.120083,0.05,13.1525,0.0062,1.475,,,,
1788,518,286.62,0.129556,0.05,12.7458,0.0123,1.475,,,,
1789,518,290.58,0.112383,0.05,12.973,0.0031,1.48,,,,
1790,533,286.2,0.124311,0.05,13.8185,0.0031,1.46,,,,
1791,520,290.54,0.112452,0.05,12.3311,0.0031,1.48,,,,
1792,521,287.54,0.124646,0.05,13.6102,0.0093,1.475,,,,
1793,521,292.6,0.129623,0.05,11.0368,0.0062,1.495,,,,
1794,523,286.48,0.11944,0.05,12.619,0.0093,1.47,,,,
1795,529,284.36,0.138841,0.05,13.9249,0.0123,1.465,,,,
1796,530,289.32,0.14589,0.05,13.2881,0.0031,1.475,,,,
1797,519,287.58,0.117251,0.05,13.322,0.0093,1.475,,,,
1798,515,291.66,0.125807,0.05,13.8552,0.0031,1.485,,,,
1799,536,286.22,0.141183,0.05,13.8095,0.0093,1.47,,,,
1800,524,291.48,0.129441,0.05,12.7946,0.0031,1.485,299.04,11.0066,0.0,1.515
1801,517,288.6,0.139212,0.05,13.661,0.0062,1.475,,,,
1802,533,276.2,0.112591,0.05,13.7979,0.0184,1.435,,,,
1803,526,291.44,0.126488,0.05,13.6869,0.0031,1.485,,,,
1804,520,291.56,0.128579,0.05,12.7778,0.0031,1.485,,,,
1805,521,294.56,0.109615,0.05,11.9565,0.0,1.495,,,,
1806,513,288.72,0.114999,0.05,12.5338,0.0093,1.48,,,,
1807,519,291.58,0.117999,0.05,11.835,0.0031,1.485,,,,
1808,523,291.5,0.127362,0.05,13.5859,0.0031,1.485,,,,
1809,517,286.6,0.137812,0.05,13.0272,0.0093,1.47,,,,
1810,522,288.46,0.12656,0.05,12.483,0.0031,1.47,,,,
1811,516,291.64,0.132074,0.05,12.8283,0.0031,1.485,,,,
1812,517,288.64,0.114362,0.05,11.7568,0.0093,1.48,,,,
1813,523,291.46,0.120459,0.05,12.2466,0.0,1.48,,,,
1814,540,285.12,0.128491,0.05,14.3345,0.0093,1.465,,,,
1815,519,294.64,0.118329,0.05,12.4333,0.0031,1.5,,,,
1816,517,294.68,0.131367,0.05,11.6,0.0031,1.5,,,,
1817,521,290.52,0.118857,0.05,13.125,0.0031,1.48,,,,
1818,522,284.5,0.119272,0.05,13.3959,0.0123,1.465,,,,
1819,525,289.5,0.120976,0.05,12.6599,0.0093,1.485,,,,
1820,523,296.56,0.12903,0.05,11.6445,0.0,1.505,,,,
1821,534,290.26,0.123138,0.05,13.4459,0.0031,1.48,,,,
1822,543,287.06,0.111089,0.05,12.449,0.0062,1.47,,,,
1823,521,296.64,0.123678,0.05,11.3245,0.0031,1.51,,,,
1824,518,293.6,0.106955,0.05,13.6913,0.0,1.49,,,,
1825,513,289.66,0.11734,0.05,13.1017,0.0031,1.475,,,,
1826,540,288.06,0.121329,0.05,14.0444,0.0,1.465,,,,
1827,528,290.38,0.116594,0.05,14.0203,0.0031,1.48,,,,
1828,523,291.5,0.126332,0.05,13.5859,0.0031,1.485,,,,
1829,513,292.72,0.133567,0.05,11.4262,0.0031,1.49,,,,
1830,531,293.34,0.137938,0.05,13.3725,0.0,1.49,,,,
1831,521,291.5,0.124307,0.05,13.5304,0.0,1.48,,,,
1832,524,282.42,0.123411,0.05,13.1959,0.0123,1.455,,,,
1833,520,292.54,0.121574,0.05,12.8956,0.0,1.485,,,,
1834,533,296.36,0.131362,0.05,11.8106,0.0,1.505,,,,
1835,525,286.44,0.126814,0.05,13.5204,0.0093,1.47,,,,
1836,525,293.46,0.132138,0.05,12.7013,0.0,1.49,,,,
1837,531,293.34,0.126355,0.05,13.1544,0.0,1.49,,,,
1838,527,293.42,0.118669,0.05,13.3725,0.0,1.49,,,,
1839,522,293.52,0.122493,0.05,13.104,0.0,1.49,,,,
1840,553,285.8,0.115886,0.05,14.7089,0.0031,1.46,,,,
1841,521,288.56,0.120738,0.05,11.1655,0.0093,1.48,,,,
1842,529,281.34,0.130055,0.05,12.7491,0.0154,1.455,,,,
1843,519,289.58,0.113444,0.05,11.7736,0.0062,1.48,,,,
1844,544,284.02,0.129709,0.05,14.4349,0.0093,1.46,,,,
1845,514,290.66,0.1281,0.05,12.3986,0.0031,1.48,,,,
1846,512,281.72,0.125225,0.05,12.5856,0.0184,1.46,,,,
1847,516,281.56,0.116732,0.05,12.6207,0.0123,1.45,,,,
1848,517,292.64,0.120216,0.05,12.198,0.0031,1.49,,,,
1849,528,291.44,0.115793,0.05,12.0134,0.0062,1.49,,,,
1850,522,298.62,0.13429,0.05,11.3201,0.0,1.515,,,,
1851,516,294.66,0.144366,0.05,11.5552,0.0,1.495,,,,
1852,520,290.58,0.122902,0.05,12.2896,0.0062,1.485,,,,
1853,519,287.54,0.125794,0.05,12.483,0.0062,1.47,,,,
1854,521,291.54,0.1123,0.05,12.9125,0.0031,1.485,,,,
1855,526,285.32,0.136731,0.05,13.6254,0.0031,1.455,,,,
1856,535,287.26,0.126178,0.05,13.7627,0.0093,1.475,,,,
1857,525,290.48,0.12925,0.05,12.7441,0.0062,1.485,,,,
1858,513,288.68,0.107581,0.05,12.0508,0.0062,1.475,,,,
1859,540,288.1,0.109117,0.05,13.4694,0.0031,1.47,,,,
1860,523,293.5,0.130558,0.05,12.953,0.0,1.49,,,,
1861,533,293.3,0.124974,0.05,11.6107,0.0,1.49,,,,
1862,529,287.3,0.127559,0.05,13.3618,0.0031,1.465,,,,
1863,532,282.26,0.101978,0.05,13.4021,0.0123,1.455,,,,
1864,528,295.44,0.12345,0.05,12.4667,0.0,1.5,,,,
1865,519,291.58,0.111561,0.05,12.3569,0.0031,1.485,,,,
1866,522,291.52,0.124416,0.05,12.9798,0.0031,1.485,,,,
1867,526,289.44,0.120653,0.05,13.1419,0.0062,1.48,,,,
1868,524,289.48,0.128747,0.05,12.5,0.0062,1.48,,,,
1869,520,296.62,0.112607,0.05,10.7641,0.0,1.505,,,,
1870,529,287.38,0.138185,0.05,13.6271,0.0093,1.475,,,,
1871,525,286.4,0.139921,0.05,13.2594,0.0062,1.465,,,,
1872,554,280.84,0.116117,0.05,14.7595,0.0154,1.455,,,,
1873,538,293.2,0.157509,0.05,12.2148,0.0,1.49,,,,
1874,529,290.48,0.116731,0.05,11.6221,0.0123,1.495,,,,
1875,515,293.66,0.109085,0.05,11.0738,0.0,1.49,,,,
1876,528,290.34,0.134782,0.05,12.7119,0.0,1.475,,,,
1877,532,285.28,0.125322,0.05,13.413,0.0093,1.465,,,,
1878,526,291.44,0.116617,0.05,13.5185,0.0031,1.485,,,,
1879,519,293.58,0.119,0.05,11.8456,0.0,1.49,,,,
1880,526,290.42,0.119238,0.05,12.0439,0.0031,1.48,,,,
1881,541,290.12,0.114623,0.05,14.0709,0.0031,1.48,,,,
1882,522,292.54,0.127927,0.05,12.0302,0.0031,1.49,,,,
1883,529,288.36,0.137378,0.05,13.5763,0.0062,1.475,,,,
1884,530,293.4,0.126936,0.05,12.4749,0.0031,1.495,,,,
1885,515,288.64,0.12448,0.05,12.0508,0.0062,1.475,,,,
1886,513,290.68,0.130578,0.05,12.1284,0.0031,1.48,,,,
1887,512,296.78,0.129365,0.05,12.0266,0.0,1.505,,,,
1888,513,291.78,0.143555,0.05,10.4181,0.0093,1.495,,,,
1889,515,293.7,0.142078,0.05,11.6388,0.0031,1.495,,,,
1890,531,290.32,0.11887,0.05,13.3446,0.0031,1.48,,,,
1891,515,291.66,0.148574,0.05,13.4343,0.0031,1.485,,,,
1892,532,285.28,0.11741,0.05,14.2662,0.0093,1.465,,,,
1893,533,290.28,0.130322,0.05,13.8514,0.0031,1.48,,,,
1894,530,295.4,0.138164,0.05,12.1667,0.0,1.5,,,,
1895,536,286.18,0.133129,0.05,12.6621,0.0062,1.465,,,,
1896,522,280.46,0.122244,0.05,12.2759,0.0154,1.45,,,,
1897,533,291.3,0.128404,0.05,12.4411,0.0031,1.485,,,,
1898,516,297.72,0.125389,0.05,11.0762,0.0,1.51,,,,
1899,511,288.72,0.121234,0.05,12.678,0.0062,1.475,,,,
1900,514,284.62,0.125971,0.05,13.4932,0.0093,1.46,,,,
1901,515,293.66,0.1312,0.05,13.3389,0.0,1.49,,,,
1902,518,289.6,0.119927,0.05,11.6723,0.0062,1.48,,,,
1903,532,286.3,0.129843,0.05,13.3844,0.0093,1.47,,,,
1904,514,293.72,0.13488,0.05,11.99,0.0031,1.495,,,,
1905,511,286.72,0.129158,0.05,12.619,0.0093,1.47,,,,
1906,532,287.28,0.129235,0.05,13.5884,0.0062,1.47,,,,
1907,543,284.98,0.124299,0.05,13.4364,0.0031,1.455,,,,
1908,521,292.52,0.102016,0.05,12.5421,0.0,1.485,,,,
1909,556,289.82,0.138027,0.05,15.152,0.0031,1.48,,,,
1910,511,290.72,0.114846,0.05,13.3446,0.0031,1.48,,,,
1911,517,292.6,0.092551,0.05,11.9024,0.0,1.485,,,,
1912,510,287.72,0.131463,0.05,12.602,0.0062,1.47,,,,
1913,520,293.6,0.125927,0.05,12.2074,0.0031,1.495,,,,
1914,516,290.62,0.141755,0.05,13.5642,0.0031,1.48,,,,
1915,524,285.44,0.117742,0.05,13.6689,0.0093,1.465,,,,
1916,525,287.42,0.109697,0.05,12.2619,0.0062,1.47,,,,
1917,519,288.56,0.109957,0.05,13.0339,0.0062,1.475,,,,
1918,522,288.5,0.111337,0.05,12.8644,0.0062,1.475,,,,
1919,537,289.22,0.124079,0.05,14.1385,0.0062,1.48,,,,
1920,538,292.22,0.111954,0.05,12.6007,0.0031,1.49,,,,
1921,522,293.56,0.127315,0.05,11.7893,0.0031,1.495,,,,
1922,526,286.38,0.123188,0.05,13.3788,0.0062,1.465,,,,
1923,526,288.34,0.126382,0.05,13.0717,0.0,1.465,,,,
1924,516,294.7,0.131108,0.05,11.9,0.0031,1.5,,,,
1925,521,290.52,0.129062,0.05,13.0405,0.0031,1.48,,,,
1926,533,290.28,0.118242,0.05,14.223,0.0031,1.48,,,,
1927,531,279.22,0.126106,0.05,13.8368,0.0123,1.44,,,,
1928,518,286.58,0.120408,0.05,12.0748,0.0093,1.47,,,,
1929,517,293.62,0.120559,0.05,13.3221,0.0,1.49,,,,
1930,521,296.6,0.105057,0.05,11.3123,0.0,1.505,,,,
1931,511,289.74,0.121029,0.05,12.7534,0.0062,1.48,,,,
1932,526,289.44,0.114893,0.05,13.6993,0.0062,1.48,,,,
1933,517,292.64,0.134676,0.05,11.8624,0.0031,1.49,,,,
1934,528,291.4,0.126151,0.05,12.7609,0.0031,1.485,,,,
1935,526,295.48,0.134124,0.05,11.9167,0.0,1.5,,,,
1936,522,288.5,0.126733,0.05,12.7797,0.0062,1.475,,,,
1937,516,291.72,0.138628,0.05,11.2709,0.0093,1.495,,,,
1938,529,290.36,0.13191,0.05,12.5845,0.0031,1.48,,,,
1939,518,286.58,0.102159,0.05,12.2959,0.0093,1.47,,,,
1940,529,292.36,0.120076,0.05,13.6027,0.0,1.485,,,,
1941,508,284.7,0.134977,0.05,13.1615,0.0062,1.455,,,,
1942,523,280.48,0.124028,0.05,13.3333,0.0184,1.455,,,,
1943,533,288.28,0.128946,0.05,13.7966,0.0062,1.475,,,,
1944,517,294.68,0.117682,0.05,11.65,0.0031,1.5,,,,
1945,528,289.36,0.132408,0.05,12.5424,0.0031,1.475,,,,
1946,522,289.52,0.117158,0.05,13.3108,0.0062,1.48,,,,
1947,510,289.76,0.122591,0.05,12.5507,0.0062,1.48,,,,
1948,536,290.22,0.11454,0.05,12.9392,0.0031,1.48,,,,
1949,523,291.5,0.12935,0.05,12.6263,0.0031,1.485,,,,
1950,519,293.62,0.129751,0.05,11.8562,0.0031,1.495,,,,
1951,526,293.44,0.136966,0.05,13.4732,0.0,1.49,,,,
1952,515,291.66,0.149923,0.05,11.734,0.0031,1.485,,,,
1953,519,289.58,0.131809,0.05,13.1926,0.0062,1.48,,,,
1954,521,294.6,0.144368,0.05,11.95,0.0031,1.5,,,,
1955,524,291.48,0.104476,0.05,12.2391,0.0031,1.485,,,,
1956,512,286.7,0.121145,0.05,12.3639,0.0093,1.47,,,,
1957,519,291.58,0.119925,0.05,12.0034,0.0031,1.485,,,,
1958,540,284.1,0.115756,0.05,13.3562,0.0093,1.46,,,,
1959,524,292.46,0.131909,0.05,12.7441,0.0,1.485,,,,
1960,530,287.32,0.115367,0.05,13.3163,0.0062,1.47,,,,
1961,521,291.5,0.12345,0.05,13.4966,0.0,1.48,,,,
1962,512,290.7,0.138535,0.05,12.5507,0.0031,1.48,,,,
1963,519,286.56,0.118408,0.05,13.5374,0.0093,1.47,,,,
1964,513,287.7,0.144508,0.05,13.1695,0.0093,1.475,,,,
1965,515,289.62,0.106459,0.05,13.3729,0.0031,1.475,,,,
1966,510,290.74,0.116912,0.05,11.6216,0.0031,1.48,,,,
1967,525,285.46,0.131199,0.05,13.0612,0.0123,1.47,,,,
1968,530,288.34,0.129921,0.05,12.661,0.0062,1.475,,,,
1969,527,290.44,0.131445,0.05,12.4916,0.0062,1.485,,,,
1970,515,290.6,0.132105,0.05,12.8644,0.0,1.475,,,,
1971,519,286.6,0.127268,0.05,12.6441,0.0123,1.475,,,,
1972,522,289.48,0.118847,0.05,13.5254,0.0031,1.475,,,,
1973,516,289.64,0.124918,0.05,12.7196,0.0062,1.48,,,,
1974,519,292.64,0.105152,0.05,11.8729,0.0062,1.495,,,,
1975,541,291.1,0.152236,0.05,13.6655,0.0,1.48,,,,
1976,515,294.68,0.1182,0.05,11.4548,0.0,1.495,,,,
1977,518,291.6,0.119168,0.05,12.963,0.0031,1.485,,,,
1978,516,288.62,0.114985,0.05,12.5763,0.0062,1.475,,,,
1979,523,285.46,0.10169,0.05,13.2423,0.0093,1.465,,,,
1980,536,289.24,0.118229,0.05,13.7669,0.0062,1.48,,,,
1981,519,290.56,0.130253,0.05,12.348,0.0031,1.48,,,,
1982,521,292.6,0.127854,0.05,11.4047,0.0062,1.495,,,,
1983,513,294.76,0.124182,0.05,11.4,0.0031,1.5,,,,
1984,528,291.4,0.125244,0.05,12.1549,0.0031,1.485,,,,
1985,530,287.36,0.116494,0.05,13.678,0.0093,1.475,,,,
1986,514,290.66,0.120127,0.05,13.4291,0.0031,1.48,,,,
1987,522,289.56,0.130302,0.05,12.2727,0.0093,1.485,,,,
1988,532,285.32,0.127109,0.05,13.6565,0.0123,1.47,,,,
1989,524,284.46,0.134522,0.05,13.2253,0.0123,1.465,,,,
1990,531,278.24,0.127316,0.05,13.8889,0.0154,1.44,,,,
1991,546,282.92,0.116151,0.05,13.431,0.0062,1.45,,,,
1992,520,291.64,0.126252,0.05,11.204,0.0093,1.495,,,,
1993,522,288.5,0.147513,0.05,12.7966,0.0062,1.475,,,,
1994,520,286.5,0.13274,0.05,12.6962,0.0062,1.465,,,,
1995,584,253.88,0.124296,0.05,15.1673,0.0274,1.345,,,,
1996,529,287.38,0.132951,0.05,13.4576,0.0093,1.475,,,,
1997,519,289.58,0.126102,0.05,13.4966,0.0062,1.48,,,,
1998,531,293.34,0.117392,0.05,12.7517,0.0,1.49,,,,
1999,522,289.52,0.124856,0.05,12.4155,0.0062,1.48,,,,
2000,534,290.26,0.120335,0.05,13.125,0.0031,1.48,302.08,9.2974,0.0,1.53
