episode,train_steps,train_reward,train_loss,eps,train_avg_delay_ms,train_loss_rate,train_throughput,eval_reward,eval_avg_delay_ms,eval_loss_rate,eval_throughput
1,850,-61.0,0.026311,0.9771,24.0789,0.3379,0.38,,,,
2,867,-43.14,0.047291,0.9496,26.6111,0.3243,0.45,,,,
3,863,-33.3,0.048243,0.9223,27.6404,0.3132,0.445,,,,
4,865,-37.26,0.053554,0.8949,31.4607,0.3238,0.445,,,,
5,876,-5.56,0.058635,0.8672,29.8544,0.2844,0.515,,,,
6,821,21.42,0.058674,0.8412,27.1239,0.2607,0.565,,,,
7,851,32.32,0.058716,0.8142,25.3435,0.2522,0.655,,,,
8,846,23.2,0.059419,0.7875,28.0579,0.2599,0.605,,,,
9,788,62.12,0.060423,0.7625,28.5448,0.2098,0.67,,,,
10,873,22.42,0.066973,0.7349,27.6957,0.25,0.575,,,,
11,798,31.46,0.067056,0.7096,24.7348,0.261,0.66,,,,
12,814,48.7,0.071455,0.6838,26.1154,0.2262,0.65,,,,
13,804,97.02,0.071627,0.6583,27.7389,0.1672,0.785,,,,
14,837,96.52,0.072996,0.6318,24.9689,0.1757,0.805,,,,
15,811,99.12,0.074248,0.6062,26.25,0.1743,0.82,,,,
16,745,113.34,0.078528,0.5826,24.881,0.1538,0.84,,,,
17,740,111.32,0.080158,0.5591,24.878,0.1516,0.82,,,,
18,726,128.82,0.082102,0.5361,22.6685,0.1368,0.89,,,,
19,743,133.38,0.080596,0.5126,23.8202,0.1223,0.89,,,,
20,730,138.74,0.07885,0.4895,20.6831,0.1219,0.915,,,,
21,757,128.36,0.088878,0.4655,22.5275,0.1424,0.91,,,,
22,678,155.78,0.087728,0.4441,20.2618,0.097,0.955,,,,
23,733,173.5,0.088887,0.4208,21.6837,0.0465,0.98,,,,
24,632,159.56,0.089085,0.4008,20.291,0.0814,0.945,,,,
25,646,182.42,0.091649,0.3804,18.7745,0.0504,1.02,,,,
26,620,183.8,0.093576,0.3607,18.3582,0.0373,1.005,,,,
27,619,197.98,0.089354,0.3411,17.5236,0.0242,1.06,,,,
28,620,177.8,0.094284,0.3215,20.5303,0.05,0.99,,,,
29,564,189.2,0.094747,0.3036,16.9762,0.0536,1.05,,,,
30,595,191.52,0.090583,0.2848,17.6429,0.0444,1.05,,,,
31,513,207.2,0.096893,0.2686,15.7339,0.0203,1.09,,,,
32,515,202.02,0.091596,0.2523,15.1651,0.0165,1.06,,,,
33,530,200.74,0.102197,0.2355,16.1321,0.0203,1.06,,,,
34,530,204.9,0.099909,0.2187,15.7569,0.0275,1.09,,,,
35,476,200.8,0.101908,0.2036,14.4313,0.0212,1.055,,,,
36,505,220.5,0.100996,0.1876,15.3728,0.008,1.14,,,,
37,498,222.68,0.103706,0.1719,14.8261,0.0079,1.15,,,,
38,463,219.3,0.111293,0.1572,13.031,0.0081,1.13,,,,
39,470,199.0,0.112429,0.1423,14.5755,0.0325,1.06,,,,
40,445,204.32,0.110207,0.1282,13.9286,0.0044,1.05,,,,
41,426,216.98,0.104475,0.1147,12.7578,0.0083,1.115,,,,
42,420,216.04,0.097761,0.1014,11.1991,0.0043,1.105,,,,
43,446,220.58,0.105178,0.0873,12.8444,0.0,1.125,,,,
44,414,215.1,0.097449,0.0742,11.347,0.0,1.095,,,,
45,410,228.48,0.102952,0.0612,11.5451,0.0041,1.165,,,,
46,400,222.52,0.109208,0.05,10.5088,0.0,1.13,,,,
47,404,220.4,0.109167,0.05,10.9598,0.0,1.12,,,,
48,416,219.14,0.124154,0.05,12.6906,0.0,1.115,,,,
49,387,207.48,0.106536,0.05,11.6114,0.0,1.055,,,,
50,382,210.64,0.105909,0.05,11.285,0.0,1.07,,,,
51,382,221.86,0.110698,0.05,10.4667,0.0,1.125,,,,
52,357,207.06,0.112726,0.05,9.5238,0.0,1.05,,,,
53,416,227.3,0.115348,0.05,11.6883,0.0,1.155,,,,
54,439,229.9,0.122876,0.05,12.4786,0.0,1.17,,,,
55,399,217.44,0.121576,0.05,12.2172,0.0,1.105,,,,
56,400,222.52,0.114423,0.05,11.7478,0.0,1.13,,,,
57,406,223.46,0.096749,0.05,11.0088,0.0041,1.14,,,,
58,423,222.1,0.113415,0.05,12.489,0.0041,1.135,,,,
59,412,224.32,0.115951,0.05,11.4474,0.0,1.14,,,,
60,396,220.56,0.112236,0.05,12.0982,0.0,1.12,,,,
61,404,227.54,0.124173,0.05,11.039,0.0,1.155,,,,
62,399,224.62,0.104236,0.05,11.6157,0.0041,1.145,,,,
63,388,215.66,0.10238,0.05,11.7955,0.0043,1.1,,,,
64,403,230.66,0.117915,0.05,11.9149,0.004,1.175,,,,
65,389,215.6,0.124858,0.05,12.1689,0.0,1.095,,,,
66,393,222.66,0.127192,0.05,11.1947,0.0,1.13,,,,
67,387,214.62,0.124989,0.05,11.9037,0.0,1.09,,,,
68,406,217.34,0.119238,0.05,12.545,0.0042,1.11,,,,
69,405,220.38,0.103261,0.05,11.6741,0.0,1.12,,,,
70,396,218.52,0.109813,0.05,12.1847,0.0,1.11,,,,
71,429,226.1,0.122609,0.05,12.5431,0.0079,1.16,,,,
72,392,214.52,0.115321,0.05,11.789,0.0,1.09,,,,
73,394,204.28,0.118472,0.05,12.7885,0.0,1.04,,,,
74,437,243.24,0.126163,0.05,12.0968,0.0038,1.24,,,,
75,420,227.26,0.11174,0.05,12.6724,0.0041,1.16,,,,
76,383,217.76,0.128603,0.05,12.1041,0.0,1.105,,,,
77,395,218.54,0.115779,0.05,11.4865,0.0,1.11,,,,
78,417,231.4,0.137482,0.05,11.9068,0.004,1.18,,,,
79,405,216.38,0.128171,0.05,10.9459,0.0083,1.11,,,,
80,395,224.66,0.128887,0.05,11.4474,0.0,1.14,,,,
81,416,222.2,0.112316,0.05,12.0133,0.0,1.13,,,,
82,399,221.52,0.127786,0.05,10.5333,0.0,1.125,,,,
83,394,217.54,0.115802,0.05,12.3529,0.0,1.105,,,,
84,449,232.8,0.115055,0.05,12.8782,0.0039,1.19,,,,
85,424,227.26,0.120235,0.05,11.9872,0.0117,1.17,,,,
86,397,222.58,0.129009,0.05,12.3009,0.0,1.13,,,,
87,423,238.38,0.127105,0.05,11.4669,0.0,1.21,,,,
88,434,237.18,0.132675,0.05,11.7975,0.0039,1.21,,,,
89,432,225.96,0.127535,0.05,12.913,0.0,1.15,,,,
90,389,204.38,0.144486,0.05,11.5625,0.0,1.04,,,,
91,432,236.16,0.12349,0.05,12.4583,0.0,1.2,,,,
92,406,224.48,0.12058,0.05,11.5284,0.0041,1.145,,,,
93,421,232.3,0.12585,0.05,12.3093,0.0,1.18,,,,
94,387,213.64,0.13595,0.05,12.0872,0.0042,1.09,,,,
95,375,207.8,0.131822,0.05,11.0798,0.0086,1.065,,,,
96,387,220.78,0.130256,0.05,12.2,0.0041,1.125,,,,
97,398,222.56,0.127546,0.05,12.2788,0.0,1.13,,,,
98,414,224.28,0.134547,0.05,12.5439,0.0,1.14,,,,
99,397,224.62,0.129977,0.05,12.2807,0.0,1.14,,,,
100,404,224.48,0.12855,0.05,12.2149,0.0,1.14,,,,
101,390,222.72,0.125954,0.05,11.9469,0.0,1.13,,,,
102,414,233.5,0.120117,0.05,11.9748,0.0039,1.19,,,,
103,376,214.84,0.124415,0.05,11.3761,0.0,1.09,,,,
104,378,218.88,0.13946,0.05,11.4414,0.0,1.11,,,,
105,420,230.28,0.123386,0.05,12.4145,0.0,1.17,,,,
106,395,219.56,0.133516,0.05,11.2556,0.0,1.115,,,,
107,391,219.68,0.128174,0.05,11.6964,0.0042,1.12,,,,
108,410,226.44,0.136352,0.05,12.2944,0.0041,1.155,,,,
109,404,227.58,0.12912,0.05,11.875,0.004,1.16,,,,
110,394,214.48,0.118167,0.05,12.3853,0.0,1.09,,,,
111,395,216.62,0.135927,0.05,11.9507,0.0124,1.115,,,,
112,394,215.58,0.12764,0.05,12.1493,0.0083,1.105,,,,
113,391,221.68,0.127424,0.05,12.2444,0.0,1.125,,,,
114,390,222.76,0.122544,0.05,11.7181,0.0041,1.135,,,,
115,401,221.48,0.137643,0.05,12.5778,0.0,1.125,,,,
116,422,227.18,0.124415,0.05,12.8571,0.0,1.155,,,,
117,385,221.8,0.151547,0.05,11.9556,0.0,1.125,,,,
118,396,216.56,0.120779,0.05,12.2297,0.0085,1.11,,,,
119,398,209.34,0.134349,0.05,12.4766,0.0043,1.07,,,,
120,389,218.66,0.138023,0.05,11.982,0.0,1.11,,,,
121,408,222.36,0.134591,0.05,12.6549,0.0,1.13,,,,
122,401,227.6,0.131885,0.05,11.8182,0.0,1.155,,,,
123,368,206.84,0.123771,0.05,12.4524,0.0,1.05,,,,
124,400,221.5,0.114873,0.05,12.1556,0.0,1.125,,,,
125,386,215.7,0.117899,0.05,11.9545,0.0042,1.1,,,,
126,403,221.44,0.126547,0.05,12.3556,0.0,1.125,,,,
127,403,223.48,0.135037,0.05,12.2907,0.0,1.135,,,,
128,426,234.24,0.125233,0.05,12.2479,0.0,1.19,,,,
129,390,218.64,0.143549,0.05,11.6892,0.0,1.11,,,,
130,383,218.86,0.13567,0.05,11.7857,0.0083,1.12,,,,
131,418,231.38,0.123979,0.05,12.2246,0.004,1.18,,,,
132,397,218.5,0.151493,0.05,12.545,0.0,1.11,,,,
133,410,223.34,0.12829,0.05,12.3128,0.0,1.135,,,,
134,410,232.52,0.131039,0.05,11.9703,0.0,1.18,,,,
135,392,223.7,0.142438,0.05,11.5639,0.0,1.135,,,,
136,357,210.12,0.136409,0.05,10.5869,0.0,1.065,,,,
137,435,235.08,0.129097,0.05,12.4895,0.0,1.195,,,,
138,407,221.36,0.12681,0.05,12.2667,0.0,1.125,,,,
139,398,219.58,0.140722,0.05,12.0667,0.0083,1.125,,,,
140,413,234.5,0.131779,0.05,11.3025,0.0,1.19,,,,
141,392,223.7,0.128759,0.05,10.3965,0.0,1.135,,,,
142,406,223.46,0.142825,0.05,10.7018,0.0041,1.14,,,,
143,374,212.84,0.142124,0.05,11.5741,0.0,1.08,,,,
144,376,215.9,0.124187,0.05,11.8409,0.0042,1.1,,,,
145,391,216.62,0.150297,0.05,12.4208,0.0042,1.105,,,,
146,365,200.82,0.131912,0.05,11.3415,0.0045,1.025,,,,
147,413,225.36,0.136534,0.05,12.3261,0.0041,1.15,,,,
148,388,222.76,0.139799,0.05,11.3938,0.0,1.13,,,,
149,372,206.8,0.146614,0.05,10.6635,0.0043,1.055,,,,
150,414,220.24,0.14973,0.05,12.4667,0.0041,1.125,,,,
151,386,213.62,0.118448,0.05,12.2811,0.0,1.085,,,,
152,418,232.36,0.137413,0.05,12.0975,0.0,1.18,,,,
153,408,218.28,0.154969,0.05,11.9144,0.0,1.11,,,,
154,419,231.32,0.128155,0.05,12.1702,0.0,1.175,,,,
155,390,215.58,0.159224,0.05,11.758,0.0,1.095,,,,
156,433,238.18,0.14631,0.05,12.314,0.0,1.21,,,,
157,384,212.64,0.152449,0.05,12.3843,0.0,1.08,,,,
158,404,230.6,0.142516,0.05,11.6239,0.0,1.17,,,,
159,417,229.36,0.147941,0.05,12.3718,0.004,1.17,,,,
160,420,224.2,0.125677,0.05,12.3581,0.0041,1.145,,,,
161,389,215.6,0.141608,0.05,12.2603,0.0,1.095,,,,
162,379,206.66,0.143779,0.05,11.564,0.0044,1.055,,,,
163,394,225.7,0.145309,0.05,11.4629,0.0,1.145,,,,
164,416,225.26,0.132084,0.05,12.5546,0.0,1.145,,,,
165,410,222.44,0.116478,0.05,11.9432,0.012,1.145,,,,
166,400,222.52,0.119809,0.05,12.0354,0.0,1.13,,,,
167,420,230.28,0.136255,0.05,12.4786,0.0,1.17,,,,
168,411,222.3,0.139312,0.05,12.6991,0.0,1.13,,,,
169,421,229.28,0.138958,0.05,12.2009,0.004,1.17,,,,
170,411,226.38,0.147003,0.05,11.3913,0.0,1.15,,,,
171,430,242.32,0.162061,0.05,12.0935,0.0,1.23,,,,
172,389,212.54,0.171604,0.05,11.9907,0.0,1.08,,,,
173,403,227.56,0.148505,0.05,12.013,0.0,1.155,,,,
174,415,225.32,0.12859,0.05,12.6739,0.004,1.15,,,,
175,395,214.46,0.157593,0.05,12.0183,0.0,1.09,,,,
176,400,223.54,0.136172,0.05,12.1145,0.0,1.135,,,,
177,408,228.48,0.14285,0.05,11.8103,0.0,1.16,,,,
178,409,227.48,0.1206,0.05,12.069,0.004,1.16,,,,
179,401,220.46,0.130638,0.05,12.0312,0.0,1.12,,,,
180,392,216.64,0.156231,0.05,12.1396,0.0083,1.11,,,,
181,403,218.38,0.159878,0.05,12.3649,0.0,1.11,,,,
182,450,224.62,0.13854,0.05,13.3696,0.0041,1.15,,,,
183,414,226.32,0.134766,0.05,11.587,0.0,1.15,,,,
184,416,223.22,0.139775,0.05,12.1586,0.0,1.135,,,,
185,418,231.34,0.150581,0.05,11.7234,0.0,1.175,,,,
186,397,210.34,0.140572,0.05,12.1495,0.0,1.07,,,,
187,403,210.26,0.136553,0.05,11.6047,0.0043,1.075,,,,
188,392,215.54,0.153159,0.05,12.2831,0.0,1.095,,,,
189,376,208.72,0.155828,0.05,11.6038,0.0,1.06,,,,
190,416,227.3,0.141884,0.05,12.4026,0.0,1.155,,,,
191,410,227.42,0.147737,0.05,12.5974,0.0,1.155,,,,
192,388,211.54,0.133184,0.05,11.8837,0.0,1.075,,,,
193,411,223.36,0.138155,0.05,12.193,0.004,1.14,,,,
194,380,214.76,0.147876,0.05,12.156,0.0,1.09,,,,
195,370,206.84,0.158856,0.05,12.0616,0.0043,1.055,,,,
196,351,201.1,0.16587,0.05,10.561,0.0045,1.025,,,,
197,380,205.58,0.13706,0.05,12.3923,0.0,1.045,,,,
198,384,210.6,0.131686,0.05,12.6168,0.0,1.07,,,,
199,419,227.28,0.131665,0.05,12.3276,0.004,1.16,,,,
200,416,215.14,0.143406,0.05,12.8507,0.0083,1.105,225.657,11.5601,0.0,1.143
201,402,222.48,0.124213,0.05,11.8142,0.0,1.13,,,,
202,402,225.54,0.141839,0.05,11.8559,0.0,1.145,,,,
203,400,220.52,0.152779,0.05,12.4444,0.0041,1.125,,,,
204,410,224.4,0.157332,0.05,11.8341,0.0041,1.145,,,,
205,387,222.82,0.147826,0.05,10.022,0.0041,1.135,,,,
206,393,222.66,0.149743,0.05,11.969,0.0,1.13,,,,
207,410,232.52,0.137454,0.05,11.3983,0.0,1.18,,,,
208,381,218.82,0.131995,0.05,10.2252,0.0,1.11,,,,
209,368,211.94,0.132312,0.05,11.7907,0.0,1.075,,,,
210,397,222.62,0.165711,0.05,12.0264,0.0041,1.135,,,,
211,420,223.18,0.145733,0.05,12.6316,0.0041,1.14,,,,
212,411,228.42,0.141176,0.05,12.069,0.0,1.16,,,,
213,381,212.7,0.145453,0.05,10.5324,0.0,1.08,,,,
214,388,218.68,0.151465,0.05,10.8559,0.0,1.11,,,,
215,396,218.56,0.149025,0.05,11.7713,0.0042,1.115,,,,
216,367,205.92,0.133554,0.05,11.6114,0.0086,1.055,,,,
217,410,220.36,0.126368,0.05,11.8805,0.0083,1.13,,,,
218,378,216.88,0.167127,0.05,11.4253,0.0042,1.105,,,,
219,407,224.42,0.153201,0.05,12.2149,0.0,1.14,,,,
220,384,215.7,0.146412,0.05,12.2374,0.0,1.095,,,,
221,368,210.92,0.16128,0.05,11.6822,0.0,1.07,,,,
222,405,219.36,0.151493,0.05,12.6233,0.0,1.115,,,,
223,393,217.6,0.150759,0.05,12.3649,0.0042,1.11,,,,
224,405,225.48,0.169049,0.05,11.8341,0.0,1.145,,,,
225,432,221.88,0.178231,0.05,13.2743,0.0,1.13,,,,
226,376,208.76,0.136925,0.05,12.4178,0.0044,1.065,,,,
227,382,216.76,0.152992,0.05,11.9773,0.0,1.1,,,,
228,407,218.34,0.171908,0.05,12.1973,0.0041,1.115,,,,
229,385,221.8,0.145765,0.05,11.0444,0.0,1.125,,,,
230,389,219.68,0.143265,0.05,12.13,0.0,1.115,,,,
231,430,227.06,0.145495,0.05,12.2414,0.004,1.16,,,,
232,406,226.48,0.157332,0.05,11.8696,0.0,1.15,,,,
233,411,230.46,0.15292,0.05,11.6026,0.0,1.17,,,,
234,394,220.64,0.166407,0.05,11.9556,0.0042,1.125,,,,
235,404,227.54,0.170946,0.05,11.8831,0.0,1.155,,,,
236,404,229.58,0.135909,0.05,11.7811,0.0,1.165,,,,
237,410,226.4,0.150465,0.05,11.7174,0.0,1.15,,,,
238,400,223.54,0.155977,0.05,11.2775,0.0,1.135,,,,
239,405,221.44,0.15557,0.05,12.3009,0.0041,1.13,,,,
240,398,210.32,0.156448,0.05,12.1028,0.0,1.07,,,,
241,399,222.54,0.190905,0.05,11.5265,0.0,1.13,,,,
242,378,208.68,0.154332,0.05,12.5,0.0,1.06,,,,
243,404,226.52,0.166342,0.05,11.8913,0.0,1.15,,,,
244,405,224.46,0.148789,0.05,12.2588,0.0,1.14,,,,
245,405,228.54,0.143006,0.05,10.9267,0.0,1.16,,,,
246,412,227.38,0.147605,0.05,12.0996,0.0,1.155,,,,
247,387,219.72,0.15784,0.05,11.8161,0.0,1.115,,,,
248,413,223.28,0.127394,0.05,11.7621,0.0,1.135,,,,
249,388,218.68,0.157174,0.05,11.6216,0.0,1.11,,,,
250,393,223.68,0.139774,0.05,11.2555,0.0,1.135,,,,
251,391,228.82,0.159651,0.05,9.4828,0.0,1.16,,,,
252,404,229.58,0.147082,0.05,11.4807,0.0,1.165,,,,
253,385,213.64,0.153231,0.05,11.8894,0.0,1.085,,,,
254,420,230.28,0.139212,0.05,11.9658,0.0,1.17,,,,
255,390,222.72,0.153862,0.05,11.3938,0.0,1.13,,,,
256,414,225.34,0.150427,0.05,11.8043,0.0041,1.15,,,,
257,413,216.14,0.18026,0.05,12.6364,0.0,1.1,,,,
258,401,224.54,0.149539,0.05,11.3158,0.0,1.14,,,,
259,391,213.52,0.162375,0.05,12.3041,0.0,1.085,,,,
260,411,228.42,0.176387,0.05,11.7888,0.0,1.16,,,,
261,390,217.62,0.152764,0.05,11.4706,0.0,1.105,,,,
262,402,224.52,0.157096,0.05,11.6886,0.0,1.14,,,,
263,390,217.62,0.148667,0.05,11.629,0.0,1.105,,,,
264,385,215.72,0.149704,0.05,11.6818,0.0042,1.1,,,,
265,404,221.42,0.163325,0.05,12.5556,0.0,1.125,,,,
266,418,218.16,0.16655,0.05,12.5893,0.0082,1.12,,,,
267,394,213.5,0.166499,0.05,11.9266,0.0043,1.09,,,,
268,417,232.38,0.172821,0.05,12.1186,0.0,1.18,,,,
269,399,223.56,0.163258,0.05,10.9471,0.0,1.135,,,,
270,397,220.54,0.162781,0.05,10.2902,0.0,1.12,,,,
271,394,217.54,0.159268,0.05,11.8778,0.0,1.105,,,,
272,418,232.36,0.160179,0.05,12.5212,0.0,1.18,,,,
273,410,226.4,0.158359,0.05,11.9348,0.0,1.15,,,,
274,372,209.82,0.146386,0.05,12.4178,0.0,1.065,,,,
275,393,221.64,0.147707,0.05,11.6667,0.0,1.125,,,,
276,384,212.64,0.15313,0.05,12.5463,0.0,1.08,,,,
277,391,227.8,0.137304,0.05,11.7316,0.0,1.155,,,,
278,416,232.4,0.154712,0.05,12.4576,0.0,1.18,,,,
279,371,208.82,0.15342,0.05,12.0047,0.0,1.06,,,,
280,361,200.9,0.14829,0.05,11.7073,0.0045,1.025,,,,
281,395,225.68,0.147026,0.05,11.8122,0.0,1.145,,,,
282,387,215.64,0.131867,0.05,11.5753,0.0,1.095,,,,
283,419,233.4,0.15511,0.05,12.1218,0.0039,1.19,,,,
284,396,213.54,0.139298,0.05,12.3182,0.0123,1.1,,,,
285,422,230.24,0.152799,0.05,12.2222,0.0,1.17,,,,
286,384,216.72,0.167277,0.05,11.3409,0.0,1.1,,,,
287,386,220.76,0.170082,0.05,11.5179,0.0,1.12,,,,
288,396,215.5,0.164552,0.05,12.4091,0.0042,1.1,,,,
289,415,227.32,0.156055,0.05,12.0779,0.0,1.155,,,,
290,422,227.18,0.159421,0.05,12.6623,0.0,1.155,,,,
291,403,226.54,0.144263,0.05,11.8261,0.0,1.15,,,,
292,401,220.5,0.178015,0.05,12.2222,0.0041,1.125,,,,
293,387,218.74,0.142092,0.05,11.9058,0.0042,1.115,,,,
294,409,229.48,0.150419,0.05,11.8026,0.0,1.165,,,,
295,410,216.24,0.174346,0.05,11.4932,0.0042,1.105,,,,
296,390,217.62,0.178042,0.05,11.81,0.0,1.105,,,,
297,413,229.4,0.146803,0.05,11.6094,0.0,1.165,,,,
298,396,224.64,0.156522,0.05,12.3026,0.0,1.14,,,,
299,350,197.0,0.150377,0.05,9.65,0.0,1.0,,,,
300,403,225.52,0.148997,0.05,11.5939,0.0,1.145,,,,
301,384,212.68,0.165608,0.05,11.3134,0.0042,1.085,,,,
302,418,231.34,0.140748,0.05,11.7447,0.0,1.175,,,,
303,421,230.26,0.161297,0.05,12.1581,0.0,1.17,,,,
304,387,219.72,0.137483,0.05,11.8161,0.0,1.115,,,,
305,435,231.0,0.155523,0.05,12.0213,0.0,1.175,,,,
306,398,210.32,0.156787,0.05,12.4533,0.0,1.07,,,,
307,408,220.36,0.146053,0.05,12.1111,0.0041,1.125,,,,
308,371,206.82,0.150252,0.05,11.3981,0.0044,1.055,,,,
309,390,221.7,0.162277,0.05,10.9111,0.0,1.125,,,,
310,435,228.96,0.167008,0.05,12.4034,0.0,1.165,,,,
311,408,223.42,0.174848,0.05,11.864,0.0041,1.14,,,,
312,411,233.56,0.13869,0.05,11.9958,0.004,1.19,,,,
313,425,223.04,0.145638,0.05,12.7313,0.0,1.135,,,,
314,410,226.4,0.165595,0.05,12.2609,0.0,1.15,,,,
315,417,233.44,0.16923,0.05,11.9958,0.0039,1.19,,,,
316,388,218.68,0.152155,0.05,11.3739,0.0,1.11,,,,
317,394,218.56,0.145175,0.05,12.1847,0.0,1.11,,,,
318,401,219.44,0.177822,0.05,12.287,0.0,1.115,,,,
319,386,214.64,0.143107,0.05,12.0183,0.0,1.09,,,,
320,407,216.34,0.14291,0.05,12.8378,0.0083,1.11,,,,
321,379,212.74,0.168367,0.05,12.1065,0.0,1.08,,,,
322,423,223.12,0.161046,0.05,12.7851,0.0041,1.14,,,,
323,400,215.42,0.180118,0.05,12.6136,0.0042,1.1,,,,
324,392,216.56,0.16998,0.05,11.6136,0.0,1.1,,,,
325,379,213.76,0.167145,0.05,11.8203,0.0,1.085,,,,
326,383,216.74,0.174169,0.05,11.9091,0.0,1.1,,,,
327,382,214.76,0.15423,0.05,11.9863,0.0043,1.095,,,,
328,389,219.68,0.175211,0.05,11.5471,0.0,1.115,,,,
329,413,230.42,0.167239,0.05,12.3932,0.0,1.17,,,,
330,439,238.06,0.156973,0.05,11.8595,0.0,1.21,,,,
331,391,224.78,0.126786,0.05,11.2227,0.004,1.145,,,,
332,391,221.68,0.140283,0.05,11.6889,0.0,1.125,,,,
333,412,226.36,0.164067,0.05,11.087,0.0,1.15,,,,
334,381,216.78,0.177134,0.05,11.2727,0.0,1.1,,,,
335,372,208.8,0.163847,0.05,11.5566,0.0,1.06,,,,
336,396,214.44,0.162698,0.05,12.0642,0.0,1.09,,,,
337,381,213.72,0.156053,0.05,10.8525,0.0,1.085,,,,
338,405,209.16,0.1573,0.05,12.3709,0.0,1.065,,,,
339,393,218.58,0.158638,0.05,11.9369,0.0,1.11,,,,
340,403,221.44,0.1534,0.05,12.3556,0.0,1.125,,,,
341,408,223.42,0.172022,0.05,12.2807,0.0041,1.14,,,,
342,407,228.5,0.166223,0.05,12.2845,0.0,1.16,,,,
343,417,223.2,0.167275,0.05,12.6432,0.0,1.135,,,,
344,435,238.18,0.170454,0.05,11.8519,0.0038,1.215,,,,
345,397,226.66,0.146643,0.05,11.6739,0.0,1.15,,,,
346,414,229.38,0.153199,0.05,12.3391,0.0,1.165,,,,
347,396,222.64,0.145604,0.05,11.4978,0.0041,1.135,,,,
348,399,223.56,0.150973,0.05,12.0044,0.0,1.135,,,,
349,368,206.88,0.160508,0.05,12.2986,0.0044,1.055,,,,
350,394,219.58,0.164775,0.05,11.278,0.0,1.115,,,,
351,440,228.9,0.151155,0.05,12.6923,0.004,1.17,,,,
352,407,217.28,0.151282,0.05,12.2624,0.0,1.105,,,,
353,376,205.78,0.159253,0.05,11.7453,0.0128,1.06,,,,
354,399,224.58,0.163989,0.05,12.0395,0.0,1.14,,,,
355,401,221.48,0.157966,0.05,12.4444,0.0,1.125,,,,
356,400,218.48,0.153112,0.05,10.8296,0.0042,1.115,,,,
357,401,225.6,0.157705,0.05,11.6087,0.0041,1.15,,,,
358,384,210.6,0.15668,0.05,12.0561,0.0,1.07,,,,
359,382,212.72,0.139036,0.05,12.4885,0.0042,1.085,,,,
360,403,225.6,0.164752,0.05,11.71,0.0081,1.155,,,,
361,399,215.48,0.18579,0.05,12.0588,0.0083,1.105,,,,
362,416,228.32,0.162365,0.05,12.0259,0.0,1.16,,,,
363,380,211.7,0.173249,0.05,12.0465,0.0,1.075,,,,
364,377,214.82,0.175912,0.05,11.445,0.0,1.09,,,,
365,418,224.2,0.192674,0.05,12.8509,0.0,1.14,,,,
366,408,224.44,0.160052,0.05,12.1616,0.004,1.145,,,,
367,386,214.64,0.15556,0.05,11.5138,0.0,1.09,,,,
368,378,214.8,0.169002,0.05,12.0183,0.0,1.09,,,,
369,402,229.66,0.172823,0.05,11.8803,0.004,1.17,,,,
370,417,232.46,0.158336,0.05,12.1008,0.0078,1.19,,,,
371,375,209.76,0.160484,0.05,10.3991,0.0,1.065,,,,
372,387,221.76,0.169357,0.05,11.5556,0.0,1.125,,,,
373,392,213.54,0.153645,0.05,11.7661,0.0043,1.09,,,,
374,388,214.68,0.157657,0.05,12.1591,0.0084,1.1,,,,
375,414,229.42,0.186265,0.05,12.1795,0.004,1.17,,,,
376,407,227.48,0.159753,0.05,12.1429,0.0,1.155,,,,
377,379,207.68,0.160911,0.05,12.0047,0.0043,1.06,,,,
378,390,216.6,0.133156,0.05,12.3409,0.0,1.1,,,,
379,403,222.46,0.157998,0.05,12.4115,0.0,1.13,,,,
380,388,218.68,0.146304,0.05,11.9595,0.0,1.11,,,,
381,372,205.74,0.171062,0.05,12.201,0.0,1.045,,,,
382,401,224.54,0.170615,0.05,11.9079,0.0,1.14,,,,
383,407,220.34,0.161133,0.05,12.5893,0.0,1.12,,,,
384,394,214.48,0.151149,0.05,12.2706,0.0,1.09,,,,
385,407,232.58,0.174606,0.05,11.5042,0.0,1.18,,,,
386,391,219.64,0.147769,0.05,12.287,0.0,1.115,,,,
387,385,223.88,0.140009,0.05,11.6667,0.0041,1.14,,,,
388,400,225.62,0.167763,0.05,11.6087,0.0041,1.15,,,,
389,401,218.46,0.153062,0.05,12.2422,0.0042,1.115,,,,
390,398,218.48,0.180296,0.05,12.3874,0.0,1.11,,,,
391,404,222.44,0.140045,0.05,12.3894,0.0,1.13,,,,
392,399,222.58,0.162695,0.05,11.8062,0.0041,1.135,,,,
393,374,211.82,0.169404,0.05,11.8837,0.0,1.075,,,,
394,386,216.68,0.158395,0.05,11.2955,0.0,1.1,,,,
395,421,227.24,0.168918,0.05,12.5862,0.004,1.16,,,,
396,411,230.46,0.165936,0.05,11.8162,0.0,1.17,,,,
397,400,222.56,0.149802,0.05,12.0925,0.0041,1.135,,,,
398,397,213.56,0.165887,0.05,12.7149,0.0164,1.105,,,,
399,397,224.62,0.165473,0.05,11.2939,0.0,1.14,,,,
400,380,213.74,0.174457,0.05,11.7512,0.0,1.085,225.657,11.5601,0.0,1.143
401,416,218.16,0.17313,0.05,12.6009,0.0042,1.115,,,,
402,405,230.58,0.190717,0.05,12.1154,0.0,1.17,,,,
403,401,226.62,0.173992,0.05,12.0563,0.004,1.155,,,,
404,363,202.9,0.170456,0.05,12.657,0.0045,1.035,,,,
405,404,221.54,0.169917,0.05,11.9956,0.012,1.14,,,,
406,374,219.04,0.160395,0.05,11.25,0.0083,1.12,,,,
407,414,225.34,0.158468,0.05,12.4348,0.004,1.15,,,,
408,389,219.68,0.155337,0.05,12.3543,0.0,1.115,,,,
409,414,231.42,0.155149,0.05,11.8511,0.0,1.175,,,,
410,386,222.8,0.177135,0.05,10.9956,0.0,1.13,,,,
411,394,220.6,0.156074,0.05,12.2768,0.0,1.12,,,,
412,423,229.2,0.156333,0.05,12.5966,0.0,1.165,,,,
413,381,216.78,0.171382,0.05,11.7955,0.0,1.1,,,,
414,387,220.74,0.167329,0.05,11.2723,0.0,1.12,,,,
415,376,212.8,0.156246,0.05,11.7824,0.0,1.08,,,,
416,406,229.54,0.150806,0.05,11.5665,0.0,1.165,,,,
417,411,223.32,0.161142,0.05,12.3789,0.0,1.135,,,,
418,375,214.86,0.185624,0.05,11.8349,0.0,1.09,,,,
419,398,221.54,0.172652,0.05,12.3111,0.0,1.125,,,,
420,415,226.3,0.165471,0.05,12.2174,0.0,1.15,,,,
421,388,210.52,0.181915,0.05,12.0093,0.0,1.07,,,,
422,394,219.62,0.153819,0.05,11.4509,0.0041,1.12,,,,
423,414,225.3,0.154884,0.05,12.0742,0.0,1.145,,,,
424,407,225.48,0.164048,0.05,11.9348,0.0041,1.15,,,,
425,417,231.36,0.16245,0.05,12.234,0.0,1.175,,,,
426,425,231.2,0.193293,0.05,12.7234,0.0,1.175,,,,
427,423,234.38,0.174765,0.05,12.1667,0.0077,1.2,,,,
428,408,227.5,0.159204,0.05,11.8966,0.004,1.16,,,,
429,398,226.64,0.166203,0.05,11.913,0.0,1.15,,,,
430,389,209.52,0.147858,0.05,12.6402,0.0043,1.07,,,,
431,405,221.48,0.178663,0.05,12.2687,0.0082,1.135,,,,
432,409,220.3,0.189282,0.05,12.4554,0.0,1.12,,,,
433,413,222.3,0.169345,0.05,12.533,0.0041,1.135,,,,
434,397,216.46,0.185111,0.05,12.1818,0.0,1.1,,,,
435,382,217.78,0.148419,0.05,11.7873,0.0,1.105,,,,
436,373,209.8,0.17484,0.05,11.338,0.0,1.065,,,,
437,391,224.74,0.154515,0.05,11.6886,0.0,1.14,,,,
438,386,221.78,0.190574,0.05,11.7556,0.0,1.125,,,,
439,419,235.4,0.184537,0.05,12.0921,0.0,1.195,,,,
440,398,220.52,0.153474,0.05,11.4062,0.0,1.12,,,,
441,398,226.64,0.171157,0.05,11.4565,0.0,1.15,,,,
442,396,217.5,0.156957,0.05,11.8552,0.0,1.105,,,,
443,375,211.8,0.170789,0.05,12.2326,0.0,1.075,,,,
444,399,222.54,0.16559,0.05,12.2788,0.0,1.13,,,,
445,391,212.5,0.164095,0.05,11.9444,0.0,1.08,,,,
446,420,233.34,0.165615,0.05,12.3418,0.0,1.185,,,,
447,405,214.34,0.133808,0.05,12.4773,0.0083,1.1,,,,
448,386,214.64,0.154993,0.05,11.9495,0.0,1.09,,,,
449,383,215.72,0.184957,0.05,11.1416,0.0,1.095,,,,
450,382,224.92,0.183219,0.05,10.8553,0.0,1.14,,,,
451,405,232.62,0.152753,0.05,11.2076,0.0,1.18,,,,
452,379,219.88,0.160696,0.05,10.3587,0.0,1.115,,,,
453,399,226.62,0.163955,0.05,11.913,0.0,1.15,,,,
454,400,219.46,0.175902,0.05,11.6816,0.0,1.115,,,,
455,372,210.88,0.154469,0.05,12.2558,0.0043,1.075,,,,
456,399,223.6,0.178961,0.05,11.557,0.004,1.14,,,,
457,397,219.52,0.171116,0.05,12.1525,0.0,1.115,,,,
458,412,214.12,0.171755,0.05,12.3853,0.0,1.09,,,,
459,398,219.5,0.165373,0.05,12.4215,0.0,1.115,,,,
460,397,216.46,0.159998,0.05,12.0909,0.0,1.1,,,,
461,398,222.56,0.16087,0.05,11.2611,0.0,1.13,,,,
462,406,228.52,0.14791,0.05,11.5733,0.0,1.16,,,,
463,384,218.76,0.16217,0.05,10.6757,0.0,1.11,,,,
464,394,224.68,0.159742,0.05,11.8421,0.0,1.14,,,,
465,423,232.26,0.172126,0.05,12.2669,0.0,1.18,,,,
466,395,222.7,0.162478,0.05,11.7105,0.0081,1.14,,,,
467,375,209.84,0.162774,0.05,12.3721,0.0085,1.075,,,,
468,416,222.2,0.174461,0.05,11.9469,0.0,1.13,,,,
469,402,223.5,0.145921,0.05,11.4097,0.0,1.135,,,,
470,384,210.6,0.154109,0.05,11.9159,0.0,1.07,,,,
471,390,223.78,0.184401,0.05,11.2061,0.0042,1.14,,,,
472,420,229.26,0.145988,0.05,11.9957,0.0,1.165,,,,
473,394,228.76,0.177717,0.05,11.1207,0.0,1.16,,,,
474,389,219.68,0.155924,0.05,11.2332,0.0,1.115,,,,
475,395,221.6,0.16801,0.05,11.7556,0.0,1.125,,,,
476,403,229.6,0.198111,0.05,11.7811,0.0,1.165,,,,
477,402,227.58,0.180297,0.05,12.1861,0.0,1.155,,,,
478,406,226.48,0.146403,0.05,10.6522,0.0,1.15,,,,
479,379,212.74,0.162529,0.05,10.8796,0.0,1.08,,,,
480,408,225.46,0.137576,0.05,11.9348,0.0041,1.15,,,,
481,403,221.44,0.171056,0.05,11.2,0.0,1.125,,,,
482,412,235.54,0.164706,0.05,12.0921,0.0,1.195,,,,
483,383,220.82,0.164748,0.05,11.8527,0.0,1.12,,,,
484,398,217.46,0.155635,0.05,12.3756,0.0,1.105,,,,
485,395,220.58,0.169597,0.05,11.875,0.0,1.12,,,,
486,392,214.52,0.165951,0.05,11.3303,0.0,1.09,,,,
487,384,213.66,0.163965,0.05,11.9816,0.0,1.085,,,,
488,411,227.4,0.162499,0.05,11.7532,0.0,1.155,,,,
489,423,233.28,0.177051,0.05,11.9831,0.0,1.185,,,,
490,391,219.64,0.162419,0.05,11.9283,0.0,1.115,,,,
491,404,227.54,0.194741,0.05,12.1429,0.0,1.155,,,,
492,422,228.28,0.193909,0.05,11.7308,0.0078,1.17,,,,
493,413,227.36,0.172758,0.05,11.9264,0.0,1.155,,,,
494,388,231.94,0.160648,0.05,10.5532,0.0,1.175,,,,
495,403,227.56,0.164221,0.05,11.4069,0.0,1.155,,,,
496,370,206.8,0.146588,0.05,10.9048,0.0,1.05,,,,
497,412,222.32,0.167826,0.05,12.511,0.0041,1.135,,,,
498,398,224.68,0.170333,0.05,12.0,0.0082,1.15,,,,
499,419,232.34,0.15767,0.05,12.2881,0.0,1.18,,,,
500,437,236.06,0.179538,0.05,12.5417,0.0,1.2,,,,
501,402,220.48,0.188769,0.05,12.0667,0.0042,1.125,,,,
502,377,207.68,0.151411,0.05,12.5355,0.0,1.055,,,,
503,381,207.64,0.195683,0.05,11.3443,0.0043,1.06,,,,
504,416,224.24,0.196524,0.05,9.2544,0.0,1.14,,,,
505,395,223.64,0.180263,0.05,9.0308,0.0,1.135,,,,
506,404,224.48,0.15982,0.05,10.2851,0.0,1.14,,,,
507,388,224.8,0.167027,0.05,10.3728,0.0,1.14,,,,
508,404,234.68,0.16701,0.05,9.3067,0.0,1.19,,,,
509,393,219.6,0.138603,0.05,9.3274,0.0,1.115,,,,
510,393,218.58,0.172443,0.05,10.9685,0.0,1.11,,,,
511,378,213.78,0.158964,0.05,10.8295,0.0,1.085,,,,
512,405,229.56,0.16886,0.05,9.3348,0.0,1.165,,,,
513,371,210.86,0.167084,0.05,10.9813,0.0,1.07,,,,
514,402,225.54,0.149667,0.05,11.3319,0.0,1.145,,,,
515,387,216.66,0.168986,0.05,11.2955,0.0,1.1,,,,
516,377,209.76,0.18318,0.05,10.4206,0.0043,1.07,,,,
517,408,221.42,0.159695,0.05,11.9604,0.0082,1.135,,,,
518,386,215.7,0.16788,0.05,11.4318,0.0042,1.1,,,,
519,389,223.76,0.153923,0.05,9.6035,0.0,1.135,,,,
520,385,216.7,0.170685,0.05,11.1364,0.0,1.1,,,,
521,367,209.92,0.16774,0.05,11.7136,0.0,1.065,,,,
522,447,239.94,0.165064,0.05,12.2746,0.0,1.22,,,,
523,400,224.6,0.14797,0.05,11.9869,0.0041,1.145,,,,
524,404,220.4,0.164165,0.05,11.5625,0.0,1.12,,,,
525,395,209.36,0.170253,0.05,12.2066,0.0,1.065,,,,
526,425,232.22,0.143662,0.05,11.3771,0.0,1.18,,,,
527,401,230.66,0.147746,0.05,9.765,0.0,1.17,,,,
528,383,222.86,0.189063,0.05,11.5708,0.0,1.13,,,,
529,416,225.26,0.161468,0.05,11.9651,0.0,1.145,,,,
530,425,224.1,0.183276,0.05,11.8341,0.0041,1.145,,,,
531,438,228.9,0.14515,0.05,11.9099,0.0,1.165,,,,
532,465,236.56,0.170088,0.05,12.5413,0.0038,1.21,,,,
533,414,227.34,0.192461,0.05,10.4329,0.0,1.155,,,,
534,397,219.52,0.185048,0.05,11.5471,0.0,1.115,,,,
535,415,233.44,0.183603,0.05,11.7722,0.0,1.185,,,,
536,414,230.4,0.16609,0.05,10.7051,0.0,1.17,,,,
537,384,210.68,0.182692,0.05,10.6019,0.0086,1.08,,,,
538,376,209.74,0.153795,0.05,9.6244,0.0,1.065,,,,
539,411,231.48,0.147701,0.05,10.8511,0.0,1.175,,,,
540,405,213.28,0.182538,0.05,12.4312,0.0044,1.09,,,,
541,395,221.6,0.166094,0.05,11.8889,0.0,1.125,,,,
542,388,220.76,0.186546,0.05,11.0667,0.0041,1.125,,,,
543,395,219.56,0.169091,0.05,12.13,0.0,1.115,,,,
544,413,230.46,0.176898,0.05,12.2766,0.004,1.175,,,,
545,408,225.42,0.152221,0.05,11.4629,0.0,1.145,,,,
546,398,220.52,0.158369,0.05,12.433,0.0,1.12,,,,
547,402,225.54,0.169414,0.05,12.1397,0.0,1.145,,,,
548,416,233.42,0.179106,0.05,12.0042,0.0,1.185,,,,
549,416,233.42,0.165052,0.05,11.9198,0.0,1.185,,,,
550,400,226.64,0.149771,0.05,11.645,0.004,1.155,,,,
551,407,222.38,0.155106,0.05,12.323,0.0,1.13,,,,
552,408,225.42,0.163372,0.05,12.3144,0.0,1.145,,,,
553,406,227.54,0.156626,0.05,11.8319,0.0041,1.16,,,,
554,395,221.6,0.169914,0.05,11.5111,0.0,1.125,,,,
555,413,222.26,0.177796,0.05,12.4115,0.0,1.13,,,,
556,382,214.72,0.157559,0.05,9.0826,0.0,1.09,,,,
557,399,219.52,0.165161,0.05,11.7634,0.0042,1.12,,,,
558,381,214.74,0.146427,0.05,12.0642,0.0,1.09,,,,
559,405,224.46,0.183604,0.05,12.1053,0.0,1.14,,,,
560,388,216.64,0.179319,0.05,12.1818,0.0,1.1,,,,
561,399,221.52,0.157756,0.05,10.9778,0.0,1.125,,,,
562,407,229.52,0.178062,0.05,11.9099,0.0,1.165,,,,
563,386,217.7,0.158834,0.05,10.2489,0.0,1.105,,,,
564,399,219.48,0.177568,0.05,12.287,0.0,1.115,,,,
565,394,213.5,0.180427,0.05,12.4771,0.0043,1.09,,,,
566,391,217.64,0.168708,0.05,12.3874,0.0043,1.11,,,,
567,406,228.52,0.156167,0.05,12.2198,0.0,1.16,,,,
568,383,221.84,0.156983,0.05,11.4444,0.0,1.125,,,,
569,384,216.72,0.156898,0.05,11.3182,0.0,1.1,,,,
570,383,214.7,0.180211,0.05,11.1697,0.0,1.09,,,,
571,406,223.42,0.164964,0.05,12.7093,0.0,1.135,,,,
572,412,221.3,0.173923,0.05,12.6549,0.0041,1.13,,,,
573,373,210.82,0.1715,0.05,11.7757,0.0,1.07,,,,
574,398,225.7,0.191282,0.05,12.0779,0.008,1.155,,,,
575,382,210.64,0.165806,0.05,11.5888,0.0,1.07,,,,
576,399,223.56,0.177889,0.05,12.0705,0.0,1.135,,,,
577,435,227.94,0.193202,0.05,12.1983,0.0,1.16,,,,
578,428,238.28,0.162615,0.05,12.1281,0.0,1.21,,,,
579,403,220.46,0.182057,0.05,12.1333,0.0041,1.125,,,,
580,391,223.72,0.152792,0.05,11.5639,0.0,1.135,,,,
581,392,218.6,0.152867,0.05,12.3198,0.0,1.11,,,,
582,374,207.74,0.173558,0.05,11.2322,0.0,1.055,,,,
583,413,239.6,0.163426,0.05,11.3374,0.0,1.215,,,,
584,371,209.84,0.175739,0.05,11.2441,0.0,1.065,,,,
585,393,222.66,0.173932,0.05,12.2788,0.0,1.13,,,,
586,415,232.42,0.200767,0.05,11.7585,0.0,1.18,,,,
587,408,230.52,0.146263,0.05,11.9872,0.0,1.17,,,,
588,372,210.84,0.156868,0.05,11.7757,0.0,1.07,,,,
589,369,208.86,0.16209,0.05,12.1698,0.0,1.06,,,,
590,430,229.1,0.162106,0.05,12.5,0.004,1.17,,,,
591,383,220.86,0.171522,0.05,11.0,0.0042,1.125,,,,
592,402,225.54,0.192799,0.05,12.1616,0.0,1.145,,,,
593,383,216.74,0.176865,0.05,11.9318,0.0,1.1,,,,
594,390,219.66,0.175637,0.05,11.7489,0.0,1.115,,,,
595,392,221.66,0.162392,0.05,12.3778,0.0,1.125,,,,
596,408,224.4,0.167227,0.05,12.5877,0.0,1.14,,,,
597,403,231.64,0.182435,0.05,11.7872,0.0,1.175,,,,
598,399,223.56,0.164769,0.05,12.2026,0.0,1.135,,,,
599,377,208.74,0.170882,0.05,12.6291,0.0043,1.065,,,,
600,383,216.74,0.176103,0.05,10.8409,0.0,1.1,229.659,8.589,0.0,1.1645
601,394,213.5,0.169611,0.05,12.5917,0.0043,1.09,,,,
602,415,228.34,0.15736,0.05,12.1983,0.0,1.16,,,,
603,404,223.5,0.167924,0.05,11.7763,0.0041,1.14,,,,
604,414,217.18,0.184561,0.05,12.6126,0.0042,1.11,,,,
605,368,209.9,0.162458,0.05,10.9859,0.0,1.065,,,,
606,416,225.26,0.16249,0.05,11.9432,0.0,1.145,,,,
607,389,213.6,0.15849,0.05,11.3532,0.0043,1.09,,,,
608,401,218.42,0.186994,0.05,11.8243,0.0,1.11,,,,
609,404,222.44,0.16751,0.05,11.7035,0.0,1.13,,,,
610,414,232.44,0.161537,0.05,11.5678,0.0,1.18,,,,
611,410,226.44,0.179562,0.05,12.1645,0.004,1.155,,,,
612,424,231.26,0.160773,0.05,12.2881,0.004,1.18,,,,
613,413,233.48,0.168898,0.05,11.2869,0.0,1.185,,,,
614,407,230.54,0.175227,0.05,11.9444,0.0,1.17,,,,
615,422,236.4,0.180078,0.05,11.7427,0.0039,1.205,,,,
616,403,222.46,0.161494,0.05,12.3673,0.0,1.13,,,,
617,424,232.24,0.172368,0.05,12.2881,0.0,1.18,,,,
618,415,228.34,0.148148,0.05,12.0043,0.0,1.16,,,,
619,420,232.36,0.173547,0.05,12.1097,0.0039,1.185,,,,
620,413,222.26,0.170774,0.05,12.8097,0.0,1.13,,,,
621,397,224.62,0.168308,0.05,12.193,0.0,1.14,,,,
622,375,211.84,0.179094,0.05,11.5046,0.0044,1.08,,,,
623,409,235.6,0.173029,0.05,12.0293,0.0,1.195,,,,
624,387,218.7,0.177737,0.05,11.3514,0.0,1.11,,,,
625,390,219.7,0.167667,0.05,11.8973,0.0041,1.12,,,,
626,393,216.58,0.159958,0.05,12.5113,0.0042,1.105,,,,
627,423,239.4,0.164446,0.05,11.8519,0.0,1.215,,,,
628,384,218.76,0.16567,0.05,11.982,0.0,1.11,,,,
629,384,221.82,0.149268,0.05,11.7111,0.0,1.125,,,,
630,405,222.42,0.165817,0.05,11.0398,0.0,1.13,,,,
631,391,217.64,0.202539,0.05,12.3198,0.0042,1.11,,,,
632,421,228.22,0.163366,0.05,12.1983,0.0,1.16,,,,
633,374,208.8,0.189614,0.05,11.338,0.0044,1.065,,,,
634,392,223.7,0.166911,0.05,11.3877,0.0,1.135,,,,
635,420,233.34,0.171301,0.05,12.1519,0.0,1.185,,,,
636,392,227.78,0.178853,0.05,11.342,0.0,1.155,,,,
637,392,214.52,0.156602,0.05,10.5963,0.0,1.09,,,,
638,394,220.64,0.176522,0.05,11.9778,0.0041,1.125,,,,
639,398,223.7,0.166415,0.05,11.5435,0.0121,1.15,,,,
640,394,221.62,0.166124,0.05,12.0,0.0,1.125,,,,
641,413,226.34,0.178378,0.05,11.9783,0.0,1.15,,,,
642,408,228.52,0.160637,0.05,11.867,0.004,1.165,,,,
643,388,226.88,0.142647,0.05,10.1299,0.0042,1.155,,,,
644,394,221.62,0.172488,0.05,10.4667,0.0,1.125,,,,
645,414,224.28,0.156632,0.05,11.9518,0.0,1.14,,,,
646,385,208.54,0.182003,0.05,11.8632,0.0,1.06,,,,
647,420,227.22,0.173787,0.05,12.0996,0.0,1.155,,,,
648,410,225.38,0.172685,0.05,12.0742,0.0,1.145,,,,
649,373,211.84,0.170988,0.05,10.1628,0.0,1.075,,,,
650,404,223.5,0.160236,0.05,11.2939,0.0041,1.14,,,,
651,398,224.6,0.144164,0.05,10.636,0.0,1.14,,,,
652,377,208.7,0.137487,0.05,11.9104,0.0,1.06,,,,
653,422,232.32,0.171746,0.05,12.2574,0.0039,1.185,,,,
654,405,229.56,0.138589,0.05,12.1459,0.0,1.165,,,,
655,400,218.44,0.157645,0.05,12.3649,0.0,1.11,,,,
656,390,219.66,0.170821,0.05,11.8834,0.0,1.115,,,,
657,400,219.46,0.18755,0.05,11.7265,0.0,1.115,,,,
658,407,231.56,0.181107,0.05,12.1064,0.0,1.175,,,,
659,371,216.98,0.171671,0.05,9.0227,0.0,1.1,,,,
660,403,220.42,0.172722,0.05,12.2545,0.0,1.12,,,,
661,409,231.52,0.184593,0.05,11.8511,0.0,1.175,,,,
662,395,208.38,0.195861,0.05,12.6526,0.0043,1.065,,,,
663,384,212.64,0.163227,0.05,11.5046,0.0,1.08,,,,
664,415,231.4,0.157164,0.05,11.383,0.0,1.175,,,,
665,425,234.26,0.168365,0.05,11.0924,0.0,1.19,,,,
666,397,225.64,0.153317,0.05,10.2838,0.0,1.145,,,,
667,423,230.22,0.176349,0.05,11.8803,0.0,1.17,,,,
668,417,230.34,0.151143,0.05,11.1966,0.0,1.17,,,,
669,396,219.54,0.164687,0.05,11.704,0.0,1.115,,,,
670,415,239.56,0.147974,0.05,10.9259,0.0,1.215,,,,
671,402,228.6,0.160497,0.05,11.3578,0.0,1.16,,,,
672,388,215.62,0.181806,0.05,9.9543,0.0,1.095,,,,
673,403,228.58,0.165632,0.05,11.875,0.0,1.16,,,,
674,362,204.92,0.170533,0.05,10.3606,0.0,1.04,,,,
675,409,220.38,0.173286,0.05,12.4779,0.0082,1.13,,,,
676,380,212.72,0.136629,0.05,12.0139,0.0,1.08,,,,
677,395,224.66,0.148841,0.05,11.6886,0.0,1.14,,,,
678,417,228.3,0.162566,0.05,12.2629,0.0,1.16,,,,
679,403,222.5,0.182537,0.05,11.8943,0.0041,1.135,,,,
680,379,219.88,0.179788,0.05,11.009,0.0,1.115,,,,
681,409,223.36,0.172143,0.05,12.2467,0.0,1.135,,,,
682,390,219.66,0.179878,0.05,12.0628,0.0,1.115,,,,
683,403,224.54,0.178516,0.05,12.2052,0.0041,1.145,,,,
684,411,229.44,0.165265,0.05,12.0815,0.0,1.165,,,,
685,398,217.46,0.167529,0.05,11.6742,0.0,1.105,,,,
686,378,217.86,0.160453,0.05,9.457,0.0,1.105,,,,
687,389,218.66,0.146746,0.05,10.8333,0.0,1.11,,,,
688,382,215.78,0.180267,0.05,11.3864,0.0043,1.1,,,,
689,413,233.48,0.179397,0.05,11.4979,0.0,1.185,,,,
690,405,228.54,0.172988,0.05,11.875,0.0,1.16,,,,
691,410,227.42,0.171029,0.05,11.2121,0.0,1.155,,,,
692,398,215.42,0.142891,0.05,12.5799,0.0,1.095,,,,
693,398,223.58,0.196714,0.05,12.0925,0.0,1.135,,,,
694,420,229.26,0.168864,0.05,11.6094,0.0,1.165,,,,
695,375,209.76,0.16691,0.05,9.3897,0.0,1.065,,,,
696,413,221.28,0.15018,0.05,11.6593,0.0042,1.13,,,,
697,421,235.36,0.174732,0.05,11.7992,0.0,1.195,,,,
698,365,214.04,0.195229,0.05,11.2903,0.0,1.085,,,,
699,402,220.52,0.191894,0.05,12.1681,0.0081,1.13,,,,
700,384,214.68,0.177446,0.05,11.5826,0.0,1.09,,,,
701,395,220.58,0.185449,0.05,12.0982,0.0,1.12,,,,
702,401,223.52,0.157577,0.05,12.2467,0.0,1.135,,,,
703,392,221.66,0.149291,0.05,12.2667,0.0,1.125,,,,
704,384,217.74,0.159759,0.05,11.6063,0.0,1.105,,,,
705,374,213.86,0.161169,0.05,10.0,0.0,1.085,,,,
706,394,218.56,0.168493,0.05,11.5541,0.0,1.11,,,,
707,410,225.38,0.178967,0.05,12.0524,0.0,1.145,,,,
708,424,231.26,0.177817,0.05,12.1822,0.004,1.18,,,,
709,392,214.56,0.138494,0.05,11.5753,0.0043,1.095,,,,
710,382,216.76,0.144148,0.05,12.1591,0.0,1.1,,,,
711,392,225.74,0.16465,0.05,11.3755,0.0,1.145,,,,
712,414,239.58,0.18863,0.05,11.8107,0.0,1.215,,,,
713,385,210.58,0.167055,0.05,11.6355,0.0,1.07,,,,
714,406,224.48,0.157086,0.05,11.6376,0.004,1.145,,,,
715,405,224.46,0.168974,0.05,11.886,0.0,1.14,,,,
716,371,208.86,0.148197,0.05,11.2207,0.0043,1.065,,,,
717,420,221.1,0.155344,0.05,11.2,0.0,1.125,,,,
718,396,220.56,0.164126,0.05,11.0045,0.0,1.12,,,,
719,381,212.74,0.143756,0.05,11.0599,0.0044,1.085,,,,
720,389,221.72,0.137711,0.05,9.4889,0.0,1.125,,,,
721,405,227.52,0.178926,0.05,11.1472,0.0,1.155,,,,
722,383,211.68,0.151567,0.05,10.7176,0.0043,1.08,,,,
723,389,222.74,0.166418,0.05,11.5929,0.0,1.13,,,,
724,387,213.6,0.157497,0.05,11.3134,0.0,1.085,,,,
725,423,236.38,0.168564,0.05,11.8465,0.0039,1.205,,,,
726,390,214.56,0.175756,0.05,12.4312,0.0,1.09,,,,
727,440,234.0,0.165116,0.05,12.6569,0.0039,1.195,,,,
728,399,225.64,0.166669,0.05,11.5217,0.0041,1.15,,,,
729,412,226.4,0.175385,0.05,12.1645,0.0041,1.155,,,,
730,394,217.62,0.169865,0.05,12.0852,0.0083,1.115,,,,
731,389,222.74,0.174199,0.05,11.8805,0.0,1.13,,,,
732,409,225.4,0.169851,0.05,11.8777,0.0,1.145,,,,
733,372,213.9,0.168091,0.05,10.6452,0.0,1.085,,,,
734,405,221.4,0.165599,0.05,12.4889,0.0,1.125,,,,
735,404,222.44,0.157063,0.05,12.0796,0.0,1.13,,,,
736,418,231.34,0.184782,0.05,11.6809,0.0,1.175,,,,
737,409,223.36,0.143711,0.05,12.1366,0.0,1.135,,,,
738,383,213.68,0.181858,0.05,11.0599,0.0,1.085,,,,
739,402,228.6,0.164621,0.05,11.5517,0.0,1.16,,,,
740,382,220.84,0.188377,0.05,10.9152,0.0,1.12,,,,
741,385,216.7,0.180627,0.05,11.4318,0.0,1.1,,,,
742,412,223.3,0.164252,0.05,11.5419,0.0,1.135,,,,
743,419,227.24,0.156192,0.05,12.1645,0.0,1.155,,,,
744,383,220.82,0.157921,0.05,11.4286,0.0,1.12,,,,
745,384,216.76,0.170915,0.05,11.6063,0.0043,1.105,,,,
746,385,212.62,0.144393,0.05,11.25,0.0,1.08,,,,
747,402,226.56,0.183009,0.05,12.1739,0.0,1.15,,,,
748,385,217.72,0.158,0.05,11.2443,0.0,1.105,,,,
749,400,224.6,0.185074,0.05,11.9214,0.004,1.145,,,,
750,400,227.66,0.166969,0.05,11.6595,0.004,1.16,,,,
751,382,215.74,0.17689,0.05,11.8265,0.0,1.095,,,,
752,401,222.5,0.167715,0.05,12.3894,0.0,1.13,,,,
753,384,217.74,0.171396,0.05,11.8778,0.0,1.105,,,,
754,376,209.74,0.159821,0.05,11.2441,0.0,1.065,,,,
755,404,218.4,0.177947,0.05,12.0179,0.0041,1.115,,,,
756,403,221.48,0.163589,0.05,12.0796,0.0041,1.13,,,,
757,383,216.74,0.170715,0.05,11.1818,0.0,1.1,,,,
758,426,233.22,0.167953,0.05,12.2574,0.0,1.185,,,,
759,388,217.66,0.171636,0.05,11.5158,0.0,1.105,,,,
760,390,220.68,0.160063,0.05,11.4732,0.0,1.12,,,,
761,389,219.68,0.167985,0.05,10.8744,0.0,1.115,,,,
762,371,212.9,0.177028,0.05,11.875,0.0,1.08,,,,
763,415,231.4,0.171038,0.05,11.5957,0.0,1.175,,,,
764,412,224.32,0.177302,0.05,12.1711,0.0,1.14,,,,
765,422,220.12,0.160358,0.05,12.4336,0.0081,1.13,,,,
766,419,232.34,0.156067,0.05,11.8432,0.0,1.18,,,,
767,398,208.28,0.157301,0.05,12.3349,0.0,1.06,,,,
768,395,226.7,0.172361,0.05,10.5217,0.0,1.15,,,,
769,412,222.32,0.159047,0.05,12.3568,0.0041,1.135,,,,
770,401,220.5,0.170549,0.05,11.3778,0.0041,1.125,,,,
771,395,218.54,0.157601,0.05,12.2072,0.0,1.11,,,,
772,407,220.38,0.151614,0.05,12.3333,0.0042,1.125,,,,
773,386,219.74,0.173737,0.05,10.9865,0.0,1.115,,,,
774,383,219.8,0.183575,0.05,11.7713,0.0,1.115,,,,
775,389,222.78,0.192465,0.05,11.5639,0.0041,1.135,,,,
776,384,215.74,0.180212,0.05,11.2955,0.0042,1.1,,,,
777,399,223.56,0.161782,0.05,12.2026,0.0,1.135,,,,
778,421,230.26,0.151336,0.05,12.2009,0.0,1.17,,,,
779,422,229.22,0.158187,0.05,11.6524,0.0,1.165,,,,
780,410,223.42,0.182215,0.05,12.2271,0.0082,1.145,,,,
781,386,220.76,0.168429,0.05,11.0938,0.0,1.12,,,,
782,405,223.44,0.18705,0.05,11.5639,0.0,1.135,,,,
783,393,221.64,0.151413,0.05,11.8889,0.0,1.125,,,,
784,419,226.22,0.18922,0.05,12.2609,0.0,1.15,,,,
785,416,222.24,0.176401,0.05,12.467,0.0041,1.135,,,,
786,411,223.32,0.169717,0.05,12.7533,0.0,1.135,,,,
787,380,208.64,0.157248,0.05,11.4858,0.0,1.06,,,,
788,412,223.34,0.175874,0.05,11.7105,0.004,1.14,,,,
789,396,215.46,0.169138,0.05,12.5799,0.0,1.095,,,,
790,425,229.2,0.15826,0.05,12.1795,0.004,1.17,,,,
791,401,222.5,0.165121,0.05,11.5265,0.0,1.13,,,,
792,399,213.36,0.16743,0.05,11.9124,0.0,1.085,,,,
793,420,225.18,0.177494,0.05,12.4236,0.0,1.145,,,,
794,419,239.48,0.156749,0.05,11.5021,0.0,1.215,,,,
795,407,219.32,0.163843,0.05,11.6816,0.0,1.115,,,,
796,412,236.6,0.155559,0.05,11.3278,0.0039,1.205,,,,
797,417,225.24,0.174345,0.05,12.0524,0.0,1.145,,,,
798,420,223.18,0.164075,0.05,12.3246,0.0041,1.14,,,,
799,405,226.5,0.190372,0.05,11.9783,0.0,1.15,,,,
800,407,224.42,0.157248,0.05,12.4781,0.0,1.14,225.228,11.752,0.0,1.1418
801,413,227.4,0.190374,0.05,12.4353,0.004,1.16,,,,
802,419,238.46,0.157538,0.05,11.5289,0.0,1.21,,,,
803,390,220.68,0.182707,0.05,11.875,0.0,1.12,,,,
804,372,212.88,0.206236,0.05,11.9213,0.0,1.08,,,,
805,395,216.54,0.136621,0.05,12.3756,0.0042,1.105,,,,
806,388,209.5,0.184549,0.05,12.3709,0.0,1.065,,,,
807,427,229.12,0.172599,0.05,12.6824,0.0,1.165,,,,
808,403,223.48,0.165755,0.05,12.2026,0.0,1.135,,,,
809,395,221.6,0.17872,0.05,11.6,0.0,1.125,,,,
810,420,231.3,0.180608,0.05,12.234,0.0,1.175,,,,
811,411,222.34,0.168118,0.05,11.8502,0.0041,1.135,,,,
812,418,231.34,0.164569,0.05,12.0638,0.0,1.175,,,,
813,387,209.52,0.15814,0.05,11.9718,0.0,1.065,,,,
814,403,217.36,0.175112,0.05,12.5792,0.0,1.105,,,,
815,374,213.9,0.159364,0.05,11.9954,0.0043,1.09,,,,
816,388,221.74,0.166696,0.05,11.7333,0.0,1.125,,,,
817,398,213.46,0.150466,0.05,12.1233,0.0085,1.095,,,,
818,387,215.64,0.157183,0.05,11.8265,0.0,1.095,,,,
819,400,228.64,0.190692,0.05,11.2069,0.0,1.16,,,,
820,427,232.18,0.16636,0.05,12.4153,0.0,1.18,,,,
821,390,219.7,0.179523,0.05,11.8973,0.0041,1.12,,,,
822,422,230.24,0.150937,0.05,12.4359,0.0,1.17,,,,
823,387,218.7,0.159269,0.05,12.1171,0.0,1.11,,,,
824,406,221.42,0.179515,0.05,12.2345,0.0041,1.13,,,,
825,418,228.32,0.170088,0.05,11.824,0.004,1.165,,,,
826,378,216.84,0.177525,0.05,11.6818,0.0,1.1,,,,
827,390,223.74,0.187156,0.05,11.8502,0.0,1.135,,,,
828,412,224.32,0.169481,0.05,12.5658,0.0,1.14,,,,
829,396,217.5,0.167132,0.05,12.3303,0.0,1.105,,,,
830,395,214.46,0.154342,0.05,12.3165,0.0,1.09,,,,
831,445,229.82,0.163198,0.05,12.9362,0.004,1.175,,,,
832,416,233.42,0.158128,0.05,12.1308,0.0,1.185,,,,
833,391,225.8,0.169409,0.05,10.8696,0.0041,1.15,,,,
834,409,224.38,0.170379,0.05,12.3026,0.0,1.14,,,,
835,404,216.32,0.180371,0.05,12.0455,0.0,1.1,,,,
836,382,208.6,0.152961,0.05,11.3679,0.0,1.06,,,,
837,383,207.56,0.172731,0.05,12.3934,0.0,1.055,,,,
838,391,221.72,0.148689,0.05,12.1903,0.0041,1.13,,,,
839,414,219.22,0.187893,0.05,12.6786,0.0042,1.12,,,,
840,420,227.26,0.158837,0.05,12.4353,0.0041,1.16,,,,
841,381,211.68,0.168744,0.05,12.3721,0.0,1.075,,,,
842,418,218.16,0.170433,0.05,13.0804,0.0082,1.12,,,,
843,399,222.54,0.156459,0.05,11.6372,0.0,1.13,,,,
844,407,225.48,0.168281,0.05,12.2826,0.004,1.15,,,,
845,424,229.22,0.173279,0.05,12.4359,0.004,1.17,,,,
846,392,220.64,0.159548,0.05,11.9643,0.0,1.12,,,,
847,394,217.58,0.166131,0.05,12.2748,0.0042,1.11,,,,
848,420,229.26,0.182113,0.05,12.3391,0.0,1.165,,,,
849,365,200.82,0.173703,0.05,12.5854,0.0045,1.025,,,,
850,425,222.02,0.175351,0.05,12.0133,0.0,1.13,,,,
851,396,206.4,0.176601,0.05,12.1362,0.0128,1.065,,,,
852,404,223.46,0.172245,0.05,12.4449,0.0,1.135,,,,
853,370,209.86,0.185646,0.05,11.9249,0.0,1.065,,,,
854,411,218.26,0.164606,0.05,12.5561,0.0041,1.115,,,,
855,375,205.68,0.159314,0.05,11.9378,0.0,1.045,,,,
856,389,216.62,0.177147,0.05,11.4318,0.0,1.1,,,,
857,417,222.18,0.171757,0.05,12.9425,0.0,1.13,,,,
858,422,227.18,0.17743,0.05,12.7273,0.0,1.155,,,,
859,410,217.26,0.18418,0.05,12.7928,0.0042,1.11,,,,
860,386,220.8,0.198524,0.05,11.5333,0.0042,1.125,,,,
861,413,224.34,0.204689,0.05,12.0524,0.004,1.145,,,,
862,398,220.56,0.165644,0.05,11.2889,0.0041,1.125,,,,
863,384,216.76,0.142689,0.05,12.2851,0.0042,1.105,,,,
864,391,218.62,0.165134,0.05,12.1847,0.0,1.11,,,,
865,380,215.82,0.175022,0.05,11.8864,0.0043,1.1,,,,
866,379,212.74,0.180031,0.05,11.9213,0.0,1.08,,,,
867,444,234.94,0.178453,0.05,12.8333,0.0039,1.2,,,,
868,397,227.72,0.20301,0.05,12.1336,0.0041,1.16,,,,
869,399,224.62,0.161724,0.05,12.1397,0.0041,1.145,,,,
870,401,218.46,0.181395,0.05,12.6233,0.0041,1.115,,,,
871,433,224.92,0.158609,0.05,12.6856,0.0,1.145,,,,
872,371,204.78,0.176176,0.05,12.0335,0.0044,1.045,,,,
873,406,203.14,0.156161,0.05,13.2143,0.0131,1.05,,,,
874,385,209.56,0.184376,0.05,12.277,0.0,1.065,,,,
875,398,220.56,0.160584,0.05,11.8889,0.0042,1.125,,,,
876,434,227.02,0.172042,0.05,12.8755,0.0079,1.165,,,,
877,390,219.7,0.159196,0.05,12.0536,0.0042,1.12,,,,
878,388,224.8,0.186013,0.05,11.9079,0.0,1.14,,,,
879,385,220.78,0.154602,0.05,12.0312,0.0,1.12,,,,
880,413,229.44,0.165013,0.05,12.0085,0.004,1.17,,,,
881,413,223.32,0.163952,0.05,12.4342,0.0041,1.14,,,,
882,424,222.08,0.164625,0.05,13.0617,0.0041,1.135,,,,
883,402,216.44,0.154401,0.05,12.2973,0.0084,1.11,,,,
884,412,221.26,0.155443,0.05,12.4,0.0,1.125,,,,
885,378,205.62,0.158934,0.05,12.6316,0.0,1.045,,,,
886,356,199.94,0.169921,0.05,11.9704,0.0,1.015,,,,
887,382,209.62,0.165383,0.05,12.0423,0.0,1.065,,,,
888,397,216.5,0.181979,0.05,12.2172,0.0042,1.105,,,,
889,397,214.58,0.172481,0.05,12.1847,0.0161,1.11,,,,
890,420,227.22,0.168803,0.05,11.7749,0.0,1.155,,,,
891,409,222.34,0.17312,0.05,12.1903,0.0,1.13,,,,
892,408,225.5,0.151341,0.05,11.9048,0.008,1.155,,,,
893,382,218.84,0.156828,0.05,11.8386,0.0042,1.115,,,,
894,392,219.66,0.149165,0.05,11.9866,0.0042,1.12,,,,
895,397,225.68,0.182303,0.05,12.0,0.004,1.15,,,,
896,418,218.12,0.160516,0.05,12.3543,0.0041,1.115,,,,
897,387,211.64,0.15267,0.05,11.9124,0.0084,1.085,,,,
898,397,223.6,0.159455,0.05,12.2467,0.0,1.135,,,,
899,412,229.42,0.184903,0.05,12.0815,0.0,1.165,,,,
900,394,219.62,0.168203,0.05,12.1875,0.0042,1.12,,,,
901,394,219.62,0.177453,0.05,11.7411,0.0041,1.12,,,,
902,388,218.68,0.170689,0.05,12.1396,0.0,1.11,,,,
903,372,210.88,0.161251,0.05,12.093,0.0043,1.075,,,,
904,405,225.48,0.157682,0.05,12.3581,0.0,1.145,,,,
905,402,217.38,0.190597,0.05,12.8054,0.0,1.105,,,,
906,407,222.38,0.168747,0.05,12.4779,0.0,1.13,,,,
907,357,202.98,0.200442,0.05,12.0388,0.0,1.03,,,,
908,406,217.3,0.167783,0.05,12.9412,0.0,1.105,,,,
909,585,35.52,0.192707,0.05,9.9606,0.2601,0.635,,,,
910,404,204.16,0.181618,0.05,12.6429,0.0084,1.05,,,,
911,402,220.48,0.178515,0.05,12.2889,0.0042,1.125,,,,
912,403,225.52,0.175464,0.05,11.8559,0.0,1.145,,,,
913,406,227.5,0.171653,0.05,12.0996,0.0,1.155,,,,
914,435,234.1,0.173848,0.05,12.4686,0.0039,1.195,,,,
915,413,222.26,0.174469,0.05,12.1681,0.0,1.13,,,,
916,405,224.46,0.171428,0.05,11.9737,0.0,1.14,,,,
917,422,230.32,0.165112,0.05,12.4364,0.0079,1.18,,,,
918,402,222.48,0.170167,0.05,12.1681,0.0,1.13,,,,
919,401,223.52,0.17875,0.05,11.8062,0.0,1.135,,,,
920,402,222.48,0.158039,0.05,12.1903,0.0,1.13,,,,
921,384,218.76,0.185868,0.05,10.4279,0.0,1.11,,,,
922,414,224.32,0.16427,0.05,12.3362,0.004,1.145,,,,
923,392,223.7,0.160922,0.05,12.2907,0.0,1.135,,,,
924,387,215.64,0.141335,0.05,12.5114,0.0,1.095,,,,
925,409,227.44,0.178071,0.05,12.3377,0.0,1.155,,,,
926,406,228.52,0.176942,0.05,11.875,0.0,1.16,,,,
927,421,222.1,0.17763,0.05,12.8761,0.0,1.13,,,,
928,382,212.72,0.173534,0.05,12.0276,0.0043,1.085,,,,
929,389,220.7,0.17702,0.05,11.942,0.0,1.12,,,,
930,437,243.2,0.157382,0.05,12.166,0.0,1.235,,,,
931,420,224.2,0.167859,0.05,12.5328,0.0041,1.145,,,,
932,375,205.72,0.166765,0.05,12.381,0.0044,1.05,,,,
933,381,207.6,0.136865,0.05,12.109,0.0,1.055,,,,
934,389,217.68,0.145412,0.05,12.1396,0.0042,1.11,,,,
935,401,216.42,0.183706,0.05,12.8733,0.0043,1.105,,,,
936,373,210.82,0.15612,0.05,11.5654,0.0,1.07,,,,
937,349,201.1,0.198974,0.05,11.8137,0.0,1.02,,,,
938,410,225.38,0.176854,0.05,12.1179,0.0,1.145,,,,
939,408,236.64,0.190652,0.05,11.6042,0.0,1.2,,,,
940,403,221.48,0.189846,0.05,12.2124,0.0041,1.13,,,,
941,396,216.6,0.178683,0.05,11.8161,0.0124,1.115,,,,
942,403,217.4,0.174757,0.05,12.5676,0.0043,1.11,,,,
943,395,217.52,0.176877,0.05,12.5113,0.0,1.105,,,,
944,408,223.38,0.168793,0.05,12.2907,0.0,1.135,,,,
945,398,221.58,0.16297,0.05,12.4336,0.0041,1.13,,,,
946,398,213.46,0.17253,0.05,12.2831,0.0084,1.095,,,,
947,388,218.72,0.17233,0.05,11.8386,0.0042,1.115,,,,
948,390,215.58,0.178391,0.05,12.1233,0.0,1.095,,,,
949,410,219.3,0.172535,0.05,12.5,0.0041,1.12,,,,
950,386,216.68,0.185503,0.05,11.7955,0.0,1.1,,,,
951,398,223.58,0.157121,0.05,12.3568,0.0,1.135,,,,
952,401,218.46,0.165956,0.05,11.9507,0.0042,1.115,,,,
953,417,215.08,0.169418,0.05,12.6364,0.0042,1.1,,,,
954,427,232.18,0.185157,0.05,12.0127,0.0,1.18,,,,
955,393,227.76,0.162226,0.05,11.2338,0.0,1.155,,,,
956,433,230.02,0.183143,0.05,12.5,0.0,1.17,,,,
957,381,217.8,0.167072,0.05,11.991,0.0,1.105,,,,
958,379,209.68,0.159336,0.05,12.3709,0.0,1.065,,,,
959,401,218.46,0.170368,0.05,12.3543,0.0042,1.115,,,,
960,399,218.46,0.179561,0.05,12.7027,0.0,1.11,,,,
961,380,214.8,0.146848,0.05,11.758,0.0042,1.095,,,,
962,519,42.76,0.187856,0.05,12.2266,0.2701,0.64,,,,
963,387,223.8,0.187474,0.05,11.7181,0.0,1.135,,,,
964,479,117.6,0.17997,0.05,11.7771,0.1509,0.83,,,,
965,607,-66.84,0.209466,0.05,11.9872,0.3522,0.39,,,,
966,644,-55.62,0.245243,0.05,12.4096,0.3412,0.415,,,,
967,705,-11.98,0.274229,0.05,12.6471,0.3046,0.51,,,,
968,730,-42.6,0.287362,0.05,15.119,0.3277,0.42,,,,
969,707,-43.9,0.290194,0.05,12.3596,0.3324,0.445,,,,
970,677,15.6,0.311238,0.05,15.819,0.2716,0.58,,,,
971,785,-31.5,0.278493,0.05,22.6842,0.3142,0.475,,,,
972,794,-66.7,0.30284,0.05,24.1558,0.3492,0.385,,,,
973,819,-33.2,0.288796,0.05,20.6383,0.3221,0.47,,,,
974,847,-41.84,0.301904,0.05,19.3182,0.326,0.44,,,,
975,850,-22.22,0.313288,0.05,22.1111,0.3117,0.45,,,,
976,828,-23.7,0.316712,0.05,23.4615,0.3176,0.455,,,,
977,867,27.6,0.32341,0.05,23.6555,0.2468,0.595,,,,
978,899,17.04,0.290426,0.05,28.1897,0.2613,0.58,,,,
979,904,48.66,0.310859,0.05,26.92,0.2138,0.625,,,,
980,884,85.26,0.30367,0.05,26.0473,0.1729,0.74,,,,
981,747,10.9,0.296866,0.05,16.5421,0.2665,0.535,,,,
982,835,87.22,0.295743,0.05,23.0068,0.1678,0.74,,,,
983,898,124.94,0.26872,0.05,26.8862,0.1018,0.835,,,,
984,907,132.96,0.240107,0.05,25.7386,0.1032,0.88,,,,
985,889,133.2,0.246575,0.05,24.2486,0.1045,0.865,,,,
986,867,167.8,0.223139,0.05,27.1649,0.0496,0.97,,,,
987,821,157.18,0.221724,0.05,28.2571,0.0466,0.875,,,,
988,807,152.64,0.220192,0.05,25.791,0.0648,0.885,,,,
989,800,130.7,0.22281,0.05,28.872,0.124,0.82,,,,
990,819,161.62,0.209409,0.05,27.0856,0.0739,0.935,,,,
991,785,172.34,0.201975,0.05,27.0984,0.0508,0.965,,,,
992,752,181.86,0.202946,0.05,22.2938,0.0084,0.97,,,,
993,767,184.66,0.197691,0.05,24.1919,0.0207,0.99,,,,
994,814,188.9,0.223157,0.05,22.5122,0.0156,1.025,,,,
995,776,174.52,0.194634,0.05,21.3918,0.0324,0.97,,,,
996,763,212.24,0.195248,0.05,21.0491,0.0039,1.12,,,,
997,690,212.64,0.178051,0.05,17.0721,0.0,1.11,,,,
998,748,206.42,0.174421,0.05,21.2615,0.0041,1.09,,,,
999,636,203.52,0.179641,0.05,17.9245,0.0,1.06,,,,
1000,641,195.3,0.164405,0.05,20.2927,0.0044,1.025,207.853,17.2383,0.0,1.0825
1001,654,199.16,0.174491,0.05,17.4286,0.0121,1.05,,,,
1002,627,223.08,0.168094,0.05,13.8312,0.0,1.155,,,,
1003,434,221.84,0.176061,0.05,12.146,0.0,1.13,,,,
1004,447,219.54,0.151805,0.05,12.4777,0.0,1.12,,,,
1005,594,206.4,0.169767,0.05,14.7196,0.0,1.07,,,,
1006,402,221.46,0.164409,0.05,11.6667,0.0,1.125,,,,
1007,401,223.52,0.159049,0.05,11.4097,0.0,1.135,,,,
1008,383,207.56,0.140777,0.05,10.782,0.0,1.055,,,,
1009,394,230.8,0.173624,0.05,10.406,0.0,1.17,,,,
1010,412,220.36,0.166708,0.05,11.8722,0.0122,1.135,,,,
1011,411,224.34,0.18455,0.05,11.7325,0.0,1.14,,,,
1012,395,219.6,0.155392,0.05,11.942,0.0042,1.12,,,,
1013,378,214.8,0.152027,0.05,10.4587,0.0,1.09,,,,
1014,363,200.82,0.149237,0.05,11.201,0.0,1.02,,,,
1015,426,224.04,0.15117,0.05,12.3026,0.0,1.14,,,,
1016,372,212.88,0.150581,0.05,11.4352,0.0,1.08,,,,
1017,388,223.78,0.134015,0.05,11.7621,0.0,1.135,,,,
1018,382,211.74,0.1393,0.05,12.0507,0.0087,1.085,,,,
1019,367,205.88,0.153437,0.05,11.6905,0.0045,1.05,,,,
1020,399,225.6,0.15055,0.05,11.6812,0.0,1.145,,,,
1021,390,223.74,0.150525,0.05,10.9471,0.0,1.135,,,,
1022,401,219.44,0.149951,0.05,11.9283,0.0,1.115,,,,
1023,367,210.94,0.163956,0.05,11.1215,0.0,1.07,,,,
1024,414,228.36,0.164445,0.05,12.0474,0.0,1.16,,,,
1025,405,228.54,0.150848,0.05,11.7888,0.0,1.16,,,,
1026,399,225.6,0.168737,0.05,11.6376,0.0,1.145,,,,
1027,413,230.42,0.146166,0.05,11.8376,0.0,1.17,,,,
1028,382,219.82,0.161753,0.05,11.3004,0.0,1.115,,,,
1029,399,228.7,0.154671,0.05,11.6738,0.0041,1.165,,,,
1030,422,234.32,0.15938,0.05,12.0378,0.0,1.19,,,,
1031,380,215.82,0.143805,0.05,12.0909,0.0042,1.1,,,,
1032,414,226.4,0.162238,0.05,12.3276,0.008,1.16,,,,
1033,402,220.44,0.148164,0.05,12.3884,0.0,1.12,,,,
1034,391,222.74,0.146823,0.05,11.5419,0.0041,1.135,,,,
1035,433,228.02,0.149429,0.05,12.8326,0.004,1.165,,,,
1036,409,226.5,0.154547,0.05,12.2629,0.0081,1.16,,,,
1037,407,222.38,0.137579,0.05,11.7257,0.0,1.13,,,,
1038,413,220.34,0.159961,0.05,12.3789,0.0121,1.135,,,,
1039,422,234.32,0.13178,0.05,12.0798,0.0,1.19,,,,
1040,390,219.66,0.136571,0.05,11.8834,0.0,1.115,,,,
1041,408,226.44,0.141244,0.05,12.0217,0.0,1.15,,,,
1042,418,222.24,0.133845,0.05,11.9518,0.0081,1.14,,,,
1043,390,210.52,0.134752,0.05,12.4419,0.0043,1.075,,,,
1044,413,225.32,0.145947,0.05,12.1179,0.0,1.145,,,,
1045,385,214.66,0.13185,0.05,11.445,0.0,1.09,,,,
1046,380,211.7,0.153113,0.05,12.1628,0.0,1.075,,,,
1047,383,217.8,0.144333,0.05,11.7117,0.0042,1.11,,,,
1048,398,222.56,0.148402,0.05,12.3894,0.0,1.13,,,,
1049,416,228.32,0.166401,0.05,12.3491,0.0,1.16,,,,
1050,379,216.82,0.135163,0.05,12.0227,0.0,1.1,,,,
1051,405,224.54,0.14261,0.05,12.1957,0.0081,1.15,,,,
1052,412,230.44,0.126341,0.05,12.0726,0.0,1.17,,,,
1053,413,224.3,0.142911,0.05,11.9518,0.0,1.14,,,,
1054,385,215.68,0.153479,0.05,12.0091,0.0,1.095,,,,
1055,372,213.9,0.142604,0.05,11.7512,0.0,1.085,,,,
1056,395,210.42,0.146328,0.05,12.2558,0.0043,1.075,,,,
1057,391,222.7,0.153003,0.05,11.5487,0.0,1.13,,,,
1058,418,229.3,0.150315,0.05,12.2103,0.0,1.165,,,,
1059,415,226.3,0.161925,0.05,12.0217,0.0,1.15,,,,
1060,417,225.28,0.150083,0.05,12.3913,0.0041,1.15,,,,
1061,390,215.58,0.157064,0.05,12.1461,0.0,1.095,,,,
1062,390,220.68,0.181302,0.05,12.2098,0.0,1.12,,,,
1063,419,231.4,0.141911,0.05,12.173,0.0078,1.185,,,,
1064,387,209.56,0.137688,0.05,12.1729,0.0043,1.07,,,,
1065,404,223.46,0.162256,0.05,12.2907,0.0,1.135,,,,
1066,424,232.28,0.147417,0.05,12.0042,0.0039,1.185,,,,
1067,382,215.74,0.173159,0.05,11.9635,0.0,1.095,,,,
1068,415,226.3,0.17059,0.05,12.2609,0.0,1.15,,,,
1069,423,229.24,0.142648,0.05,12.735,0.004,1.17,,,,
1070,397,217.48,0.146443,0.05,12.4661,0.0,1.105,,,,
1071,374,217.94,0.142414,0.05,11.3801,0.0,1.105,,,,
1072,384,211.66,0.144167,0.05,11.8287,0.0043,1.08,,,,
1073,383,212.66,0.152509,0.05,12.3843,0.0,1.08,,,,
1074,407,223.4,0.169757,0.05,11.9163,0.0,1.135,,,,
1075,398,218.48,0.162724,0.05,11.2162,0.0,1.11,,,,
1076,389,211.56,0.172921,0.05,11.8981,0.0043,1.08,,,,
1077,404,218.36,0.161336,0.05,12.5676,0.0,1.11,,,,
1078,425,238.34,0.13553,0.05,12.1694,0.0,1.21,,,,
1079,391,209.52,0.117799,0.05,12.2326,0.0085,1.075,,,,
1080,421,232.38,0.143434,0.05,12.1218,0.0077,1.19,,,,
1081,395,222.62,0.161968,0.05,12.0354,0.0,1.13,,,,
1082,381,216.78,0.127981,0.05,11.9091,0.0,1.1,,,,
1083,409,220.42,0.131581,0.05,12.467,0.0123,1.135,,,,
1084,406,222.44,0.140595,0.05,12.489,0.0041,1.135,,,,
1085,421,234.38,0.142117,0.05,12.113,0.0039,1.195,,,,
1086,383,212.66,0.151238,0.05,12.5,0.0,1.08,,,,
1087,424,230.2,0.153673,0.05,12.3504,0.0,1.17,,,,
1088,413,219.2,0.137023,0.05,12.9148,0.0,1.115,,,,
1089,395,219.64,0.156254,0.05,11.9778,0.0084,1.125,,,,
1090,416,235.46,0.15452,0.05,11.4226,0.0,1.195,,,,
1091,403,218.42,0.12942,0.05,12.4888,0.0042,1.115,,,,
1092,393,214.54,0.120124,0.05,11.4155,0.0042,1.095,,,,
1093,415,223.28,0.156948,0.05,12.4561,0.0041,1.14,,,,
1094,399,223.56,0.156556,0.05,12.1366,0.0,1.135,,,,
1095,381,215.76,0.15613,0.05,10.9589,0.0,1.095,,,,
1096,415,230.38,0.160322,0.05,12.2222,0.0,1.17,,,,
1097,389,218.66,0.1601,0.05,12.2072,0.0,1.11,,,,
1098,413,228.38,0.176932,0.05,12.2629,0.0,1.16,,,,
1099,376,210.76,0.169368,0.05,12.0561,0.0,1.07,,,,
1100,417,231.44,0.146429,0.05,12.1941,0.0077,1.185,,,,
1101,391,219.64,0.148695,0.05,12.0852,0.0,1.115,,,,
1102,408,234.6,0.18077,0.05,11.6807,0.0,1.19,,,,
1103,398,225.62,0.157753,0.05,11.6594,0.0,1.145,,,,
1104,397,224.62,0.18211,0.05,12.0175,0.0,1.14,,,,
1105,400,225.58,0.167307,0.05,12.2707,0.0,1.145,,,,
1106,384,222.84,0.158985,0.05,11.8363,0.0,1.13,,,,
1107,407,221.48,0.162624,0.05,11.9956,0.0121,1.14,,,,
1108,412,229.42,0.155933,0.05,12.0172,0.0,1.165,,,,
1109,431,234.14,0.161744,0.05,12.542,0.0,1.19,,,,
1110,374,204.68,0.168163,0.05,12.4038,0.0,1.04,,,,
1111,387,221.8,0.172493,0.05,11.4159,0.0041,1.13,,,,
1112,406,227.5,0.181939,0.05,12.2727,0.0,1.155,,,,
1113,402,221.46,0.146182,0.05,12.1778,0.0,1.125,,,,
1114,400,224.56,0.136971,0.05,11.8421,0.0,1.14,,,,
1115,391,215.56,0.168878,0.05,12.3288,0.0,1.095,,,,
1116,419,226.26,0.174406,0.05,12.2727,0.004,1.155,,,,
1117,397,223.6,0.187647,0.05,11.9824,0.0,1.135,,,,
1118,415,225.28,0.137947,0.05,12.7948,0.0,1.145,,,,
1119,391,218.62,0.170399,0.05,12.4324,0.0,1.11,,,,
1120,418,228.28,0.174617,0.05,12.4569,0.0,1.16,,,,
1121,399,222.54,0.164564,0.05,12.1681,0.0,1.13,,,,
1122,374,213.86,0.172148,0.05,11.7051,0.0,1.085,,,,
1123,393,218.58,0.162319,0.05,11.982,0.0,1.11,,,,
1124,417,231.36,0.173674,0.05,12.0638,0.0,1.175,,,,
1125,397,217.52,0.164014,0.05,12.3874,0.0042,1.11,,,,
1126,397,223.64,0.161228,0.05,11.7763,0.0041,1.14,,,,
1127,399,225.6,0.163916,0.05,12.0524,0.0,1.145,,,,
1128,401,225.56,0.167475,0.05,12.0087,0.0,1.145,,,,
1129,407,216.3,0.127332,0.05,11.8326,0.0041,1.105,,,,
1130,411,232.5,0.186842,0.05,11.7585,0.0,1.18,,,,
1131,395,226.7,0.162114,0.05,11.9348,0.0,1.15,,,,
1132,402,224.56,0.175646,0.05,12.2052,0.0041,1.145,,,,
1133,404,224.48,0.169544,0.05,12.2368,0.0,1.14,,,,
1134,410,216.28,0.177224,0.05,12.2297,0.0084,1.11,,,,
1135,413,223.32,0.14442,0.05,12.4781,0.0041,1.14,,,,
1136,405,230.58,0.163815,0.05,12.094,0.0,1.17,,,,
1137,395,227.72,0.167958,0.05,11.9264,0.0,1.155,,,,
1138,422,233.3,0.176006,0.05,12.0886,0.0,1.185,,,,
1139,398,232.76,0.150963,0.05,11.8008,0.0,1.18,,,,
1140,387,216.74,0.165084,0.05,12.2748,0.0083,1.11,,,,
1141,385,214.66,0.15306,0.05,12.2248,0.0,1.09,,,,
1142,405,230.58,0.15126,0.05,11.9231,0.0,1.17,,,,
1143,388,220.72,0.156658,0.05,11.875,0.0,1.12,,,,
1144,373,210.82,0.169432,0.05,11.986,0.0,1.07,,,,
1145,374,217.94,0.193978,0.05,11.3122,0.0,1.105,,,,
1146,436,227.96,0.160815,0.05,13.0043,0.004,1.165,,,,
1147,387,215.64,0.177497,0.05,12.3744,0.0,1.095,,,,
1148,395,225.68,0.188031,0.05,11.5284,0.0,1.145,,,,
1149,409,225.4,0.149408,0.05,12.3144,0.0,1.145,,,,
1150,394,223.66,0.197579,0.05,12.1586,0.0,1.135,,,,
1151,422,232.28,0.162111,0.05,11.8856,0.0,1.18,,,,
1152,430,234.16,0.172098,0.05,12.563,0.0,1.19,,,,
1153,406,222.4,0.184679,0.05,12.323,0.0,1.13,,,,
1154,376,209.74,0.153423,0.05,12.1362,0.0,1.065,,,,
1155,378,216.84,0.144804,0.05,11.7727,0.0,1.1,,,,
1156,414,234.48,0.174767,0.05,12.2479,0.0,1.19,,,,
1157,400,214.44,0.161535,0.05,12.5682,0.0083,1.1,,,,
1158,390,221.7,0.152845,0.05,11.8889,0.0,1.125,,,,
1159,390,211.5,0.165125,0.05,12.2326,0.0,1.075,,,,
1160,398,219.5,0.19465,0.05,12.5561,0.0,1.115,,,,
1161,393,225.72,0.174335,0.05,11.9214,0.0,1.145,,,,
1162,418,226.28,0.156352,0.05,12.6623,0.004,1.155,,,,
1163,425,239.36,0.169832,0.05,12.0576,0.0,1.215,,,,
1164,405,228.54,0.179419,0.05,12.0905,0.0,1.16,,,,
1165,389,215.6,0.175374,0.05,12.2146,0.0,1.095,,,,
1166,373,203.72,0.175949,0.05,12.0433,0.0044,1.04,,,,
1167,391,214.54,0.188206,0.05,12.5917,0.0,1.09,,,,
1168,390,218.64,0.156204,0.05,12.4324,0.0,1.11,,,,
1169,396,218.6,0.160934,0.05,12.1652,0.0083,1.12,,,,
1170,389,210.5,0.171807,0.05,12.8037,0.0,1.07,,,,
1171,386,221.78,0.144411,0.05,12.0444,0.0,1.125,,,,
1172,420,236.4,0.16724,0.05,12.1042,0.0,1.2,,,,
1173,387,219.72,0.173879,0.05,12.1749,0.0,1.115,,,,
1174,374,207.74,0.167963,0.05,12.2512,0.0,1.055,,,,
1175,425,232.26,0.165666,0.05,12.616,0.0039,1.185,,,,
1176,411,232.5,0.166379,0.05,12.2458,0.0,1.18,,,,
1177,400,223.58,0.157807,0.05,12.2807,0.0041,1.14,,,,
1178,391,215.6,0.146905,0.05,12.25,0.0042,1.1,,,,
1179,405,232.62,0.166501,0.05,12.0975,0.0,1.18,,,,
1180,390,219.7,0.177658,0.05,12.0536,0.0041,1.12,,,,
1181,393,223.68,0.188996,0.05,11.8062,0.0,1.135,,,,
1182,389,219.68,0.170859,0.05,12.3094,0.0,1.115,,,,
1183,407,225.48,0.197602,0.05,12.1739,0.004,1.15,,,,
1184,385,215.68,0.197293,0.05,12.1689,0.0,1.095,,,,
1185,393,228.78,0.159154,0.05,11.7241,0.0,1.16,,,,
1186,374,216.92,0.193293,0.05,12.0682,0.0,1.1,,,,
1187,401,226.58,0.150591,0.05,12.0435,0.0,1.15,,,,
1188,399,215.44,0.18399,0.05,12.6818,0.0042,1.1,,,,
1189,394,221.62,0.174119,0.05,12.1111,0.0,1.125,,,,
1190,402,221.46,0.176723,0.05,12.2889,0.0,1.125,,,,
1191,404,220.44,0.180452,0.05,12.1111,0.0041,1.125,,,,
1192,401,222.5,0.174799,0.05,12.1903,0.0,1.13,,,,
1193,395,221.6,0.19224,0.05,12.0444,0.0,1.125,,,,
1194,389,221.72,0.161452,0.05,12.1111,0.0,1.125,,,,
1195,389,225.8,0.174812,0.05,11.8996,0.0,1.145,,,,
1196,393,221.64,0.146291,0.05,12.2,0.0,1.125,,,,
1197,386,211.58,0.161289,0.05,12.1628,0.0,1.075,,,,
1198,393,220.66,0.151509,0.05,12.2,0.0042,1.125,,,,
1199,426,230.24,0.179906,0.05,12.2669,0.0078,1.18,,,,
1200,406,219.34,0.160832,0.05,12.4664,0.0,1.115,225.657,11.5601,0.0,1.143
1201,383,219.8,0.170828,0.05,11.8386,0.0,1.115,,,,
1202,431,233.16,0.198178,0.05,12.2689,0.004,1.19,,,,
1203,391,222.74,0.181661,0.05,11.7841,0.0041,1.135,,,,
1204,409,221.4,0.160516,0.05,12.7093,0.0083,1.135,,,,
1205,376,209.74,0.154939,0.05,12.1127,0.0,1.065,,,,
1206,410,227.5,0.149805,0.05,12.2103,0.0079,1.165,,,,
1207,395,217.52,0.168197,0.05,12.4434,0.0,1.105,,,,
1208,397,213.48,0.173805,0.05,12.3973,0.0084,1.095,,,,
1209,420,234.4,0.157675,0.05,12.1757,0.0039,1.195,,,,
1210,385,214.66,0.150523,0.05,12.4312,0.0,1.09,,,,
1211,390,221.7,0.185669,0.05,11.3778,0.0,1.125,,,,
1212,409,219.32,0.165304,0.05,12.6116,0.0041,1.12,,,,
1213,381,216.78,0.175992,0.05,11.9091,0.0,1.1,,,,
1214,414,220.32,0.17705,0.05,12.6652,0.0121,1.135,,,,
1215,409,225.4,0.176301,0.05,12.2926,0.0,1.145,,,,
1216,383,218.78,0.174575,0.05,11.5541,0.0,1.11,,,,
1217,408,231.54,0.175512,0.05,12.234,0.0,1.175,,,,
1218,401,218.42,0.163308,0.05,12.4775,0.0,1.11,,,,
1219,396,218.52,0.171598,0.05,12.5225,0.0,1.11,,,,
1220,400,223.54,0.166394,0.05,12.3568,0.0,1.135,,,,
1221,360,209.04,0.166796,0.05,11.6038,0.0,1.06,,,,
1222,368,213.98,0.148547,0.05,11.129,0.0,1.085,,,,
1223,388,215.62,0.167353,0.05,12.3059,0.0,1.095,,,,
1224,390,222.72,0.180024,0.05,11.9248,0.0,1.13,,,,
1225,362,204.92,0.15755,0.05,11.9712,0.0,1.04,,,,
1226,400,222.52,0.178953,0.05,12.2124,0.0,1.13,,,,
1227,406,222.44,0.163349,0.05,12.0264,0.004,1.135,,,,
1228,391,219.64,0.165804,0.05,11.9058,0.0,1.115,,,,
1229,380,218.84,0.171184,0.05,11.8468,0.0,1.11,,,,
1230,394,220.6,0.14896,0.05,12.3884,0.0,1.12,,,,
1231,382,223.9,0.18724,0.05,12.0044,0.0,1.135,,,,
1232,404,223.5,0.172709,0.05,11.9737,0.0041,1.14,,,,
1233,391,226.78,0.153225,0.05,11.6739,0.0,1.15,,,,
1234,412,229.42,0.171467,0.05,11.9099,0.0,1.165,,,,
1235,392,216.6,0.174846,0.05,12.2398,0.0042,1.105,,,,
1236,409,224.38,0.145205,0.05,12.2588,0.0,1.14,,,,
1237,377,214.86,0.147641,0.05,11.8721,0.0042,1.095,,,,
1238,377,209.84,0.190705,0.05,12.1759,0.0127,1.08,,,,
1239,409,229.48,0.181292,0.05,12.1888,0.0,1.165,,,,
1240,412,229.42,0.149223,0.05,12.5322,0.0,1.165,,,,
1241,403,224.5,0.17494,0.05,12.0175,0.0,1.14,,,,
1242,419,236.42,0.162244,0.05,12.25,0.0,1.2,,,,
1243,426,234.24,0.155748,0.05,12.2479,0.0,1.19,,,,
1244,402,225.54,0.156538,0.05,11.8996,0.0,1.145,,,,
1245,409,237.64,0.170493,0.05,11.805,0.0,1.205,,,,
1246,403,224.5,0.188353,0.05,12.5,0.0,1.14,,,,
1247,402,220.48,0.181475,0.05,12.3556,0.0041,1.125,,,,
1248,381,212.7,0.159036,0.05,11.8287,0.0,1.08,,,,
1249,399,222.54,0.138833,0.05,12.2566,0.0,1.13,,,,
1250,396,212.44,0.184733,0.05,12.6728,0.0043,1.085,,,,
1251,435,240.18,0.156398,0.05,12.0492,0.0,1.22,,,,
1252,393,222.66,0.160738,0.05,11.7699,0.0,1.13,,,,
1253,370,215.98,0.155295,0.05,11.6438,0.0,1.095,,,,
1254,372,215.94,0.141226,0.05,11.5525,0.0,1.095,,,,
1255,397,230.74,0.169219,0.05,11.4957,0.0,1.17,,,,
1256,408,225.42,0.171883,0.05,12.2926,0.0,1.145,,,,
1257,412,223.3,0.17024,0.05,12.3789,0.0,1.135,,,,
1258,358,205.0,0.155681,0.05,11.875,0.0,1.04,,,,
1259,379,220.9,0.188191,0.05,11.4062,0.0,1.12,,,,
1260,411,223.32,0.170213,0.05,12.6652,0.0,1.135,,,,
1261,415,226.3,0.179117,0.05,12.1522,0.0,1.15,,,,
1262,394,209.38,0.159734,0.05,12.5822,0.0,1.065,,,,
1263,387,213.64,0.172844,0.05,12.156,0.0043,1.09,,,,
1264,402,223.5,0.14931,0.05,11.9163,0.0,1.135,,,,
1265,391,223.76,0.171482,0.05,11.7544,0.0042,1.14,,,,
1266,391,221.68,0.172053,0.05,12.0222,0.0,1.125,,,,
1267,387,223.8,0.169109,0.05,11.2775,0.0,1.135,,,,
1268,405,223.48,0.161691,0.05,12.4123,0.0041,1.14,,,,
1269,386,217.7,0.188718,0.05,11.8552,0.0,1.105,,,,
1270,373,211.84,0.176207,0.05,11.9767,0.0,1.075,,,,
1271,402,224.52,0.167252,0.05,11.9737,0.0,1.14,,,,
1272,416,224.24,0.185416,0.05,12.7632,0.0,1.14,,,,
1273,402,222.52,0.150406,0.05,12.1586,0.0041,1.135,,,,
1274,421,227.24,0.200032,0.05,12.1767,0.004,1.16,,,,
1275,407,218.34,0.179686,0.05,12.5561,0.0041,1.115,,,,
1276,410,227.42,0.16077,0.05,11.8398,0.0,1.155,,,,
1277,381,211.68,0.157116,0.05,11.9535,0.0,1.075,,,,
1278,402,218.4,0.172845,0.05,12.6126,0.0,1.11,,,,
1279,398,222.56,0.157983,0.05,12.1681,0.0,1.13,,,,
1280,418,232.4,0.19784,0.05,12.1941,0.0039,1.185,,,,
1281,396,215.46,0.147328,0.05,12.6712,0.0,1.095,,,,
1282,395,219.6,0.150734,0.05,11.7634,0.0041,1.12,,,,
1283,366,210.96,0.162448,0.05,11.0981,0.0,1.07,,,,
1284,389,210.58,0.162747,0.05,12.6852,0.0087,1.08,,,,
1285,401,222.5,0.174303,0.05,12.3673,0.0,1.13,,,,
1286,395,212.5,0.189633,0.05,12.7064,0.0086,1.09,,,,
1287,382,212.72,0.158938,0.05,12.6267,0.0044,1.085,,,,
1288,386,221.82,0.175209,0.05,11.8805,0.0042,1.13,,,,
1289,397,222.62,0.196778,0.05,12.0925,0.0041,1.135,,,,
1290,414,229.42,0.182662,0.05,12.1154,0.004,1.17,,,,
1291,412,230.44,0.168399,0.05,12.0085,0.0,1.17,,,,
1292,382,215.78,0.15992,0.05,11.9318,0.0043,1.1,,,,
1293,412,229.42,0.170098,0.05,12.2103,0.0,1.165,,,,
1294,416,229.34,0.16158,0.05,12.5322,0.0,1.165,,,,
1295,396,216.56,0.16952,0.05,12.2973,0.0084,1.11,,,,
1296,409,222.34,0.180615,0.05,12.4779,0.0,1.13,,,,
1297,370,203.74,0.169251,0.05,12.0048,0.0,1.035,,,,
1298,413,216.18,0.18796,0.05,12.6923,0.0042,1.105,,,,
1299,424,236.32,0.181587,0.05,11.9167,0.0,1.2,,,,
1300,417,226.26,0.190276,0.05,12.0435,0.0,1.15,,,,
1301,404,228.56,0.160316,0.05,11.9181,0.0,1.16,,,,
1302,404,218.36,0.166429,0.05,11.3063,0.0,1.11,,,,
1303,391,221.72,0.185861,0.05,11.1504,0.0041,1.13,,,,
1304,415,219.28,0.167569,0.05,12.4558,0.0121,1.13,,,,
1305,388,215.62,0.172729,0.05,11.8493,0.0,1.095,,,,
1306,428,232.16,0.17477,0.05,12.3093,0.0,1.18,,,,
1307,420,233.34,0.175413,0.05,11.8987,0.0,1.185,,,,
1308,399,220.54,0.16546,0.05,12.5778,0.0041,1.125,,,,
1309,394,222.64,0.154714,0.05,12.2345,0.0,1.13,,,,
1310,380,214.76,0.168727,0.05,12.0183,0.0,1.09,,,,
1311,396,224.68,0.177646,0.05,11.8341,0.0041,1.145,,,,
1312,369,203.76,0.155022,0.05,12.5845,0.0,1.035,,,,
1313,409,233.6,0.174425,0.05,11.6807,0.004,1.19,,,,
1314,387,214.62,0.194434,0.05,12.2706,0.0,1.09,,,,
1315,398,222.56,0.186198,0.05,12.146,0.0,1.13,,,,
1316,377,214.82,0.154377,0.05,11.8578,0.0,1.09,,,,
1317,396,224.64,0.186804,0.05,12.0614,0.0,1.14,,,,
1318,376,214.84,0.164774,0.05,11.8807,0.0,1.09,,,,
1319,400,223.54,0.149563,0.05,12.0705,0.0,1.135,,,,
1320,396,222.6,0.18472,0.05,11.9027,0.0,1.13,,,,
1321,410,217.38,0.167969,0.05,12.5111,0.0162,1.125,,,,
1322,395,222.62,0.163423,0.05,12.1681,0.0,1.13,,,,
1323,430,235.18,0.177239,0.05,12.4268,0.0,1.195,,,,
1324,430,237.26,0.160831,0.05,12.2107,0.0039,1.21,,,,
1325,391,222.7,0.180057,0.05,12.0575,0.0,1.13,,,,
1326,400,227.62,0.171492,0.05,11.7749,0.0,1.155,,,,
1327,390,212.56,0.146062,0.05,12.2581,0.0043,1.085,,,,
1328,386,215.66,0.166808,0.05,12.032,0.0,1.095,,,,
1329,380,219.9,0.165379,0.05,11.6741,0.0042,1.12,,,,
1330,392,215.54,0.131675,0.05,11.8265,0.0,1.095,,,,
1331,426,235.26,0.157779,0.05,12.3431,0.0,1.195,,,,
1332,417,236.5,0.165746,0.05,11.6598,0.0039,1.205,,,,
1333,389,219.68,0.172123,0.05,12.13,0.0,1.115,,,,
1334,382,215.78,0.169374,0.05,11.6136,0.0042,1.1,,,,
1335,396,214.48,0.15417,0.05,12.4886,0.0043,1.095,,,,
1336,402,225.58,0.165996,0.05,12.1739,0.0041,1.15,,,,
1337,392,219.66,0.133921,0.05,12.2768,0.0041,1.12,,,,
1338,402,219.42,0.169752,0.05,12.5785,0.0,1.115,,,,
1339,399,226.62,0.167851,0.05,11.8913,0.0,1.15,,,,
1340,395,221.64,0.180155,0.05,11.5265,0.0041,1.13,,,,
1341,398,227.66,0.188728,0.05,12.1645,0.0,1.155,,,,
1342,406,228.52,0.160548,0.05,11.7241,0.0,1.16,,,,
1343,391,221.68,0.181114,0.05,12.3111,0.0,1.125,,,,
1344,379,215.84,0.172038,0.05,11.8409,0.0043,1.1,,,,
1345,407,221.36,0.174787,0.05,12.6222,0.0,1.125,,,,
1346,438,231.96,0.160593,0.05,12.5636,0.0,1.18,,,,
1347,402,220.44,0.180001,0.05,12.6786,0.0,1.12,,,,
1348,406,217.42,0.157266,0.05,12.5223,0.0122,1.12,,,,
1349,407,222.46,0.160089,0.05,12.5658,0.0081,1.14,,,,
1350,397,227.68,0.160331,0.05,11.8398,0.0,1.155,,,,
1351,425,232.22,0.151292,0.05,12.2881,0.0,1.18,,,,
1352,391,217.6,0.164657,0.05,12.1267,0.0,1.105,,,,
1353,405,223.44,0.173537,0.05,12.0925,0.0,1.135,,,,
1354,394,225.7,0.161236,0.05,11.3755,0.0,1.145,,,,
1355,371,210.86,0.164732,0.05,11.7056,0.0,1.07,,,,
1356,389,217.64,0.178303,0.05,12.1493,0.0,1.105,,,,
1357,404,219.38,0.139892,0.05,12.5561,0.0,1.115,,,,
1358,397,228.74,0.177036,0.05,11.6953,0.004,1.165,,,,
1359,402,228.6,0.135875,0.05,12.1552,0.0,1.16,,,,
1360,393,228.78,0.17367,0.05,11.8534,0.0,1.16,,,,
1361,399,223.6,0.184239,0.05,12.2368,0.0041,1.14,,,,
1362,415,230.42,0.157791,0.05,12.2553,0.004,1.175,,,,
1363,406,221.42,0.160833,0.05,12.3673,0.0041,1.13,,,,
1364,413,228.38,0.166641,0.05,12.1983,0.0,1.16,,,,
1365,400,227.62,0.139881,0.05,11.9481,0.0,1.155,,,,
1366,396,215.46,0.148059,0.05,12.5571,0.0,1.095,,,,
1367,370,211.98,0.137682,0.05,11.3134,0.0085,1.085,,,,
1368,389,224.78,0.167562,0.05,11.5351,0.0,1.14,,,,
1369,404,222.48,0.169869,0.05,12.0925,0.0041,1.135,,,,
1370,423,226.14,0.164936,0.05,12.8261,0.0,1.15,,,,
1371,409,230.5,0.174795,0.05,11.9872,0.0,1.17,,,,
1372,411,234.54,0.180316,0.05,11.8697,0.0,1.19,,,,
1373,426,229.22,0.151961,0.05,12.5532,0.008,1.175,,,,
1374,398,224.6,0.150191,0.05,12.0175,0.0,1.14,,,,
1375,405,226.5,0.149473,0.05,12.1522,0.0,1.15,,,,
1376,388,220.76,0.144551,0.05,11.6667,0.0042,1.125,,,,
1377,413,221.28,0.1706,0.05,12.677,0.0041,1.13,,,,
1378,397,222.58,0.16312,0.05,12.1681,0.0,1.13,,,,
1379,395,220.62,0.172878,0.05,12.4222,0.0042,1.125,,,,
1380,374,215.9,0.176365,0.05,12.0091,0.0,1.095,,,,
1381,374,214.92,0.151687,0.05,11.4384,0.0043,1.095,,,,
1382,401,223.52,0.16745,0.05,12.3128,0.0,1.135,,,,
1383,387,219.72,0.18028,0.05,11.861,0.0,1.115,,,,
1384,422,233.34,0.149102,0.05,12.1218,0.004,1.19,,,,
1385,402,227.58,0.16856,0.05,12.0563,0.0,1.155,,,,
1386,364,212.02,0.15877,0.05,12.0,0.0,1.075,,,,
1387,396,223.66,0.181847,0.05,11.5351,0.0041,1.14,,,,
1388,393,213.52,0.188526,0.05,12.6376,0.0042,1.09,,,,
1389,364,205.9,0.179539,0.05,11.7464,0.0,1.045,,,,
1390,417,233.4,0.165959,0.05,11.8565,0.0,1.185,,,,
1391,380,216.8,0.178548,0.05,12.2045,0.0,1.1,,,,
1392,378,212.76,0.157785,0.05,12.3148,0.0,1.08,,,,
1393,396,228.72,0.145692,0.05,11.444,0.0,1.16,,,,
1394,404,229.62,0.158963,0.05,11.7735,0.004,1.17,,,,
1395,423,236.38,0.149719,0.05,12.2407,0.0039,1.205,,,,
1396,396,218.6,0.176988,0.05,11.875,0.0083,1.12,,,,
1397,417,220.18,0.176256,0.05,12.4,0.0041,1.125,,,,
1398,399,221.52,0.175083,0.05,12.0667,0.0,1.125,,,,
1399,408,219.3,0.161515,0.05,12.3094,0.0,1.115,,,,
1400,404,224.48,0.162191,0.05,12.2588,0.0,1.14,225.654,11.5633,0.0,1.143
1401,417,220.14,0.155903,0.05,12.9911,0.0,1.12,,,,
1402,395,222.62,0.169335,0.05,11.9248,0.0,1.13,,,,
1403,411,224.34,0.170424,0.05,12.5439,0.0,1.14,,,,
1404,398,227.66,0.172838,0.05,11.9481,0.0,1.155,,,,
1405,421,230.26,0.166773,0.05,12.5214,0.0,1.17,,,,
1406,363,200.86,0.163567,0.05,12.3659,0.0046,1.025,,,,
1407,399,222.54,0.159404,0.05,12.1018,0.0,1.13,,,,
1408,427,226.14,0.154282,0.05,12.3922,0.008,1.16,,,,
1409,424,226.12,0.196297,0.05,12.1304,0.0,1.15,,,,
1410,398,223.58,0.155817,0.05,12.1806,0.0,1.135,,,,
1411,382,212.68,0.170455,0.05,12.5463,0.0,1.08,,,,
1412,397,219.52,0.17621,0.05,12.4664,0.0,1.115,,,,
1413,413,227.36,0.195058,0.05,12.1645,0.0,1.155,,,,
1414,402,228.6,0.170959,0.05,12.1552,0.0,1.16,,,,
1415,415,226.34,0.153426,0.05,12.1429,0.004,1.155,,,,
1416,414,220.24,0.181514,0.05,12.8,0.0041,1.125,,,,
1417,400,227.62,0.170325,0.05,12.1212,0.0,1.155,,,,
1418,405,217.32,0.164179,0.05,12.8281,0.0,1.105,,,,
1419,406,226.48,0.167518,0.05,12.3478,0.0,1.15,,,,
1420,369,214.98,0.169567,0.05,11.6972,0.0,1.09,,,,
1421,396,220.6,0.150811,0.05,12.3778,0.0042,1.125,,,,
1422,416,226.32,0.18336,0.05,12.3593,0.0041,1.155,,,,
1423,391,214.54,0.17341,0.05,12.7752,0.0,1.09,,,,
1424,392,216.56,0.175301,0.05,12.4545,0.0,1.1,,,,
1425,388,215.62,0.174246,0.05,12.1005,0.0,1.095,,,,
1426,431,227.04,0.181655,0.05,12.5862,0.004,1.16,,,,
1427,398,226.64,0.18594,0.05,11.8043,0.0,1.15,,,,
1428,359,209.06,0.171617,0.05,10.7311,0.0,1.06,,,,
1429,389,223.76,0.130288,0.05,11.8943,0.0,1.135,,,,
1430,403,218.42,0.145739,0.05,12.7803,0.0042,1.115,,,,
1431,400,227.62,0.184595,0.05,11.8831,0.0,1.155,,,,
1432,414,231.42,0.176447,0.05,11.8723,0.0,1.175,,,,
1433,387,220.74,0.174819,0.05,11.9866,0.0,1.12,,,,
1434,400,217.46,0.157235,0.05,12.5225,0.0042,1.11,,,,
1435,391,216.58,0.147002,0.05,12.3182,0.0,1.1,,,,
1436,404,221.42,0.165375,0.05,12.5111,0.0,1.125,,,,
1437,391,221.8,0.161229,0.05,11.8421,0.0121,1.14,,,,
1438,360,205.98,0.189131,0.05,11.5311,0.0,1.045,,,,
1439,415,220.22,0.16943,0.05,12.6222,0.0042,1.125,,,,
1440,400,215.42,0.176066,0.05,12.8182,0.0043,1.1,,,,
1441,415,230.38,0.164257,0.05,11.9872,0.0,1.17,,,,
1442,415,229.36,0.168985,0.05,12.3391,0.0,1.165,,,,
1443,407,224.46,0.175024,0.05,12.1834,0.0041,1.145,,,,
1444,382,217.78,0.179947,0.05,11.8778,0.0,1.105,,,,
1445,419,235.4,0.145867,0.05,11.7992,0.0,1.195,,,,
1446,386,218.72,0.169535,0.05,11.9369,0.0,1.11,,,,
1447,413,227.36,0.163887,0.05,12.5108,0.0,1.155,,,,
1448,384,209.62,0.155884,0.05,12.4065,0.0043,1.07,,,,
1449,382,213.74,0.175689,0.05,12.1789,0.0043,1.09,,,,
1450,383,213.68,0.183893,0.05,11.7281,0.0,1.085,,,,
1451,400,225.58,0.156917,0.05,12.0306,0.0,1.145,,,,
1452,377,213.84,0.191464,0.05,11.6055,0.0043,1.09,,,,
1453,409,221.32,0.164263,0.05,12.6444,0.0,1.125,,,,
1454,404,224.52,0.172585,0.05,12.2926,0.0041,1.145,,,,
1455,415,232.42,0.191202,0.05,12.1186,0.0,1.18,,,,
1456,424,235.3,0.174917,0.05,12.0921,0.0,1.195,,,,
1457,388,218.76,0.183479,0.05,11.8527,0.0083,1.12,,,,
1458,421,238.42,0.153927,0.05,11.7769,0.0,1.21,,,,
1459,394,219.58,0.163078,0.05,12.3094,0.0,1.115,,,,
1460,393,219.64,0.144025,0.05,12.1652,0.0041,1.12,,,,
1461,418,233.38,0.200373,0.05,12.2152,0.0,1.185,,,,
1462,368,209.9,0.182438,0.05,12.0423,0.0,1.065,,,,
1463,411,232.5,0.167768,0.05,11.8856,0.0,1.18,,,,
1464,401,223.52,0.160564,0.05,12.2687,0.0,1.135,,,,
1465,437,234.02,0.152416,0.05,12.395,0.0,1.19,,,,
1466,377,218.9,0.165487,0.05,11.3514,0.0,1.11,,,,
1467,421,233.32,0.181789,0.05,11.962,0.0,1.185,,,,
1468,425,233.24,0.173963,0.05,12.2785,0.0,1.185,,,,
1469,427,228.14,0.163334,0.05,12.5751,0.004,1.165,,,,
1470,409,229.48,0.180511,0.05,12.0386,0.0,1.165,,,,
1471,423,232.26,0.165941,0.05,12.1398,0.0,1.18,,,,
1472,419,223.2,0.157733,0.05,12.4781,0.0041,1.14,,,,
1473,398,214.4,0.150803,0.05,11.9495,0.0,1.09,,,,
1474,385,221.8,0.184222,0.05,11.5333,0.0,1.125,,,,
1475,384,216.72,0.16486,0.05,11.9318,0.0,1.1,,,,
1476,426,233.26,0.167812,0.05,12.1008,0.0039,1.19,,,,
1477,409,230.5,0.181888,0.05,11.9658,0.0,1.17,,,,
1478,401,226.58,0.158342,0.05,12.1739,0.0,1.15,,,,
1479,389,219.68,0.177593,0.05,12.4664,0.0,1.115,,,,
1480,392,216.6,0.165832,0.05,12.6697,0.0043,1.105,,,,
1481,388,218.68,0.169169,0.05,12.2072,0.0,1.11,,,,
1482,403,221.44,0.169353,0.05,12.3333,0.0,1.125,,,,
1483,399,224.58,0.17617,0.05,11.9737,0.0,1.14,,,,
1484,400,227.62,0.169124,0.05,12.2727,0.0,1.155,,,,
1485,371,221.06,0.157962,0.05,11.4509,0.0,1.12,,,,
1486,395,225.68,0.157805,0.05,11.7904,0.0,1.145,,,,
1487,406,225.46,0.183111,0.05,12.0742,0.0,1.145,,,,
1488,379,213.76,0.161731,0.05,11.7972,0.0,1.085,,,,
1489,410,216.24,0.182572,0.05,12.5792,0.0042,1.105,,,,
1490,404,230.6,0.150947,0.05,11.9658,0.0,1.17,,,,
1491,434,231.02,0.192057,0.05,12.2766,0.0,1.175,,,,
1492,414,223.3,0.185271,0.05,12.5658,0.0041,1.14,,,,
1493,413,228.38,0.15972,0.05,12.5647,0.0,1.16,,,,
1494,400,219.46,0.152088,0.05,12.3991,0.0,1.115,,,,
1495,404,221.46,0.163596,0.05,12.2788,0.0041,1.13,,,,
1496,379,215.88,0.174864,0.05,11.991,0.0085,1.105,,,,
1497,388,217.7,0.16588,0.05,12.0721,0.0042,1.11,,,,
1498,366,202.8,0.150618,0.05,11.6748,0.0,1.03,,,,
1499,407,219.4,0.186538,0.05,12.6667,0.0084,1.125,,,,
1500,386,221.78,0.206997,0.05,11.7333,0.0,1.125,,,,
1501,409,227.52,0.182183,0.05,12.1674,0.008,1.165,,,,
1502,368,213.98,0.158881,0.05,11.7512,0.0,1.085,,,,
1503,414,229.42,0.161364,0.05,11.9872,0.0039,1.17,,,,
1504,380,214.76,0.167668,0.05,11.9266,0.0,1.09,,,,
1505,403,220.42,0.167517,0.05,12.5223,0.0,1.12,,,,
1506,407,227.48,0.17415,0.05,12.0346,0.0,1.155,,,,
1507,403,222.46,0.161975,0.05,12.5442,0.0,1.13,,,,
1508,375,211.8,0.155572,0.05,12.0,0.0,1.075,,,,
1509,396,225.66,0.17737,0.05,11.8122,0.0,1.145,,,,
1510,379,219.88,0.180424,0.05,11.7489,0.0,1.115,,,,
1511,398,222.64,0.179821,0.05,12.193,0.0082,1.14,,,,
1512,372,210.84,0.184346,0.05,11.0047,0.0,1.07,,,,
1513,420,228.24,0.178962,0.05,12.4569,0.0,1.16,,,,
1514,414,229.42,0.163753,0.05,12.2222,0.004,1.17,,,,
1515,406,225.46,0.182193,0.05,12.1616,0.0,1.145,,,,
1516,421,234.34,0.138623,0.05,12.1849,0.0,1.19,,,,
1517,377,210.78,0.146911,0.05,10.9535,0.0043,1.075,,,,
1518,405,225.48,0.159266,0.05,12.0524,0.0,1.145,,,,
1519,402,220.44,0.168211,0.05,12.6116,0.0,1.12,,,,
1520,401,220.54,0.156636,0.05,12.5664,0.0082,1.13,,,,
1521,379,213.76,0.158479,0.05,12.0737,0.0,1.085,,,,
1522,397,223.64,0.175234,0.05,11.864,0.004,1.14,,,,
1523,418,232.36,0.161406,0.05,12.2881,0.0,1.18,,,,
1524,387,214.66,0.164867,0.05,12.1005,0.0043,1.095,,,,
1525,412,234.52,0.15337,0.05,12.1639,0.0,1.19,,,,
1526,414,228.44,0.154215,0.05,12.1795,0.0079,1.17,,,,
1527,392,223.74,0.167356,0.05,11.8421,0.0041,1.14,,,,
1528,395,217.64,0.149019,0.05,12.2545,0.0122,1.12,,,,
1529,374,216.92,0.144771,0.05,11.4545,0.0,1.1,,,,
1530,392,222.68,0.173863,0.05,12.1239,0.0,1.13,,,,
1531,392,223.7,0.167563,0.05,12.0264,0.0,1.135,,,,
1532,398,228.68,0.170805,0.05,11.9612,0.0,1.16,,,,
1533,401,216.38,0.182279,0.05,12.75,0.0,1.1,,,,
1534,370,213.94,0.161935,0.05,11.8433,0.0,1.085,,,,
1535,400,223.54,0.174414,0.05,12.0925,0.0,1.135,,,,
1536,394,223.66,0.178082,0.05,11.9604,0.0,1.135,,,,
1537,402,225.54,0.182649,0.05,12.3144,0.0,1.145,,,,
1538,396,226.68,0.179635,0.05,11.5652,0.0,1.15,,,,
1539,406,221.42,0.186997,0.05,12.4558,0.0042,1.13,,,,
1540,383,211.68,0.18437,0.05,11.8981,0.0043,1.08,,,,
1541,393,226.74,0.156439,0.05,11.4565,0.0,1.15,,,,
1542,379,212.74,0.152142,0.05,12.3148,0.0,1.08,,,,
1543,375,208.78,0.155541,0.05,12.3239,0.0044,1.065,,,,
1544,419,229.28,0.117144,0.05,12.4464,0.0,1.165,,,,
1545,420,219.06,0.167011,0.05,12.9148,0.0,1.115,,,,
1546,408,224.44,0.138558,0.05,12.3799,0.004,1.145,,,,
1547,388,215.62,0.175925,0.05,12.2831,0.0,1.095,,,,
1548,388,224.8,0.183319,0.05,11.2719,0.0,1.14,,,,
1549,403,224.5,0.173339,0.05,12.2149,0.0,1.14,,,,
1550,398,228.68,0.181435,0.05,11.8966,0.0,1.16,,,,
1551,389,223.76,0.160271,0.05,12.0485,0.0,1.135,,,,
1552,392,222.72,0.151492,0.05,11.2775,0.0041,1.135,,,,
1553,409,229.48,0.162186,0.05,12.2103,0.0,1.165,,,,
1554,377,210.74,0.168318,0.05,11.9626,0.0,1.07,,,,
1555,421,226.18,0.163678,0.05,12.3913,0.0,1.15,,,,
1556,405,223.48,0.173168,0.05,12.3465,0.0041,1.14,,,,
1557,403,227.6,0.169664,0.05,12.069,0.004,1.16,,,,
1558,393,218.58,0.152764,0.05,12.027,0.0,1.11,,,,
1559,390,215.58,0.138187,0.05,11.7352,0.0,1.095,,,,
1560,427,230.14,0.154307,0.05,12.6068,0.0,1.17,,,,
1561,399,225.6,0.172091,0.05,12.1616,0.0,1.145,,,,
1562,365,212.0,0.165092,0.05,11.6047,0.0,1.075,,,,
1563,374,211.82,0.167777,0.05,12.2326,0.0,1.075,,,,
1564,394,218.56,0.165979,0.05,11.7793,0.0,1.11,,,,
1565,360,208.02,0.188291,0.05,11.564,0.0,1.055,,,,
1566,376,209.74,0.176633,0.05,12.1831,0.0,1.065,,,,
1567,406,227.5,0.179058,0.05,12.1429,0.0,1.155,,,,
1568,398,222.6,0.168689,0.05,12.0264,0.0042,1.135,,,,
1569,387,215.64,0.161762,0.05,12.1918,0.0,1.095,,,,
1570,380,214.76,0.133123,0.05,11.4908,0.0,1.09,,,,
1571,369,216.0,0.193658,0.05,11.2785,0.0,1.095,,,,
1572,374,217.94,0.172242,0.05,11.8326,0.0,1.105,,,,
1573,408,227.5,0.16834,0.05,12.1552,0.004,1.16,,,,
1574,428,235.22,0.160862,0.05,12.5105,0.0,1.195,,,,
1575,385,219.76,0.183812,0.05,12.1749,0.0,1.115,,,,
1576,390,221.7,0.164557,0.05,12.2222,0.0,1.125,,,,
1577,388,216.68,0.156481,0.05,11.8778,0.0042,1.105,,,,
1578,390,216.64,0.144451,0.05,12.0136,0.0042,1.105,,,,
1579,379,213.8,0.171945,0.05,11.9037,0.0043,1.09,,,,
1580,372,212.88,0.184055,0.05,11.8287,0.0,1.08,,,,
1581,388,207.46,0.156769,0.05,12.654,0.0,1.055,,,,
1582,417,230.34,0.168473,0.05,12.3718,0.0,1.17,,,,
1583,420,234.36,0.18917,0.05,12.1429,0.0,1.19,,,,
1584,409,227.44,0.161343,0.05,11.9264,0.0,1.155,,,,
1585,419,231.36,0.161016,0.05,12.3305,0.004,1.18,,,,
1586,386,215.7,0.15742,0.05,11.9091,0.0042,1.1,,,,
1587,378,209.7,0.166142,0.05,12.5587,0.0,1.065,,,,
1588,366,206.88,0.191668,0.05,11.9286,0.0,1.05,,,,
1589,369,208.86,0.171406,0.05,12.5,0.0,1.06,,,,
1590,385,217.76,0.156828,0.05,11.7568,0.0043,1.11,,,,
1591,377,211.76,0.160147,0.05,11.7907,0.0,1.075,,,,
1592,392,214.52,0.176077,0.05,12.5459,0.0,1.09,,,,
1593,386,211.66,0.16954,0.05,12.5346,0.0084,1.085,,,,
1594,403,223.52,0.176735,0.05,12.1053,0.0041,1.14,,,,
1595,410,229.5,0.187433,0.05,12.0085,0.004,1.17,,,,
1596,406,230.6,0.158183,0.05,11.8723,0.004,1.175,,,,
1597,401,226.58,0.157038,0.05,11.913,0.0,1.15,,,,
1598,386,210.56,0.159348,0.05,12.0327,0.0,1.07,,,,
1599,405,222.42,0.177447,0.05,12.5442,0.0,1.13,,,,
1600,383,211.64,0.170497,0.05,12.3256,0.0,1.075,225.657,11.5601,0.0,1.143
1601,397,215.48,0.171243,0.05,12.5,0.0042,1.1,,,,
1602,416,234.44,0.15933,0.05,12.0168,0.0,1.19,,,,
1603,414,226.36,0.165078,0.05,12.1212,0.004,1.155,,,,
1604,382,212.72,0.191802,0.05,12.6037,0.0043,1.085,,,,
1605,413,223.28,0.174791,0.05,12.3568,0.0,1.135,,,,
1606,389,213.6,0.167452,0.05,12.3853,0.0043,1.09,,,,
1607,390,221.7,0.149892,0.05,12.2,0.0,1.125,,,,
1608,376,205.66,0.185359,0.05,12.1292,0.0,1.045,,,,
1609,401,223.52,0.180491,0.05,12.2687,0.0,1.135,,,,
1610,414,224.28,0.153501,0.05,12.3246,0.0,1.14,,,,
1611,422,231.26,0.172173,0.05,12.4468,0.0,1.175,,,,
1612,416,228.44,0.183677,0.05,12.1915,0.0117,1.175,,,,
1613,391,212.54,0.170878,0.05,12.8571,0.0043,1.085,,,,
1614,392,216.6,0.161348,0.05,12.0588,0.0042,1.105,,,,
1615,395,225.68,0.169974,0.05,11.9869,0.0,1.145,,,,
1616,396,225.66,0.160499,0.05,12.0742,0.0,1.145,,,,
1617,389,220.74,0.160947,0.05,11.7111,0.0041,1.125,,,,
1618,396,229.74,0.185817,0.05,12.0172,0.0,1.165,,,,
1619,390,220.68,0.171936,0.05,12.0982,0.0,1.12,,,,
1620,394,212.48,0.178602,0.05,12.1889,0.0042,1.085,,,,
1621,381,211.68,0.158596,0.05,12.6047,0.0,1.075,,,,
1622,402,229.62,0.177883,0.05,12.0172,0.0,1.165,,,,
1623,411,224.34,0.169316,0.05,12.6974,0.0,1.14,,,,
1624,401,224.54,0.169755,0.05,11.5789,0.0,1.14,,,,
1625,409,230.5,0.185024,0.05,12.1368,0.0,1.17,,,,
1626,390,218.64,0.158388,0.05,11.9595,0.0,1.11,,,,
1627,421,233.32,0.180587,0.05,12.0042,0.0,1.185,,,,
1628,397,227.68,0.201087,0.05,11.9481,0.0,1.155,,,,
1629,394,211.42,0.178481,0.05,12.6512,0.0,1.075,,,,
1630,422,237.38,0.162302,0.05,12.0747,0.0,1.205,,,,
1631,406,230.56,0.163128,0.05,12.094,0.0,1.17,,,,
1632,396,211.38,0.156661,0.05,11.9302,0.0,1.075,,,,
1633,373,216.94,0.159448,0.05,10.8182,0.0,1.1,,,,
1634,401,225.6,0.173252,0.05,11.8696,0.004,1.15,,,,
1635,411,219.28,0.161612,0.05,12.8571,0.0042,1.12,,,,
1636,358,207.04,0.155056,0.05,11.5952,0.0,1.05,,,,
1637,406,229.54,0.180912,0.05,12.0601,0.0,1.165,,,,
1638,416,233.42,0.146132,0.05,12.1519,0.0,1.185,,,,
1639,415,233.44,0.185976,0.05,11.8143,0.0,1.185,,,,
1640,382,217.78,0.157708,0.05,11.4706,0.0,1.105,,,,
1641,392,218.6,0.173714,0.05,12.1171,0.0,1.11,,,,
1642,405,225.52,0.164056,0.05,12.3696,0.0041,1.15,,,,
1643,384,215.7,0.154558,0.05,12.3059,0.0,1.095,,,,
1644,377,215.88,0.166786,0.05,12.0227,0.0043,1.1,,,,
1645,413,228.38,0.155979,0.05,11.9181,0.0,1.16,,,,
1646,405,221.4,0.150925,0.05,12.1111,0.0,1.125,,,,
1647,416,224.24,0.163585,0.05,12.3904,0.0,1.14,,,,
1648,406,224.44,0.167381,0.05,12.0833,0.0,1.14,,,,
1649,379,207.64,0.176816,0.05,12.0379,0.0,1.055,,,,
1650,403,218.38,0.131258,0.05,12.3874,0.0,1.11,,,,
1651,412,232.52,0.164638,0.05,11.9831,0.0039,1.185,,,,
1652,410,225.38,0.162766,0.05,12.4017,0.0,1.145,,,,
1653,414,232.44,0.164403,0.05,11.6525,0.0,1.18,,,,
1654,383,205.64,0.149694,0.05,12.2877,0.0128,1.06,,,,
1655,392,214.56,0.183744,0.05,12.3744,0.0042,1.095,,,,
1656,385,213.64,0.151044,0.05,12.2811,0.0,1.085,,,,
1657,390,218.64,0.180204,0.05,12.3874,0.0,1.11,,,,
1658,394,223.66,0.164584,0.05,11.9824,0.0,1.135,,,,
1659,392,216.64,0.172592,0.05,12.5676,0.0085,1.11,,,,
1660,401,221.52,0.169315,0.05,12.3009,0.0041,1.13,,,,
1661,398,222.6,0.166435,0.05,12.2467,0.0041,1.135,,,,
1662,389,215.68,0.165137,0.05,12.4208,0.0084,1.105,,,,
1663,412,220.24,0.145546,0.05,12.5893,0.0,1.12,,,,
1664,394,224.68,0.17655,0.05,12.0833,0.0,1.14,,,,
1665,405,225.48,0.15993,0.05,12.4236,0.0,1.145,,,,
1666,399,223.56,0.155895,0.05,12.1806,0.0,1.135,,,,
1667,393,221.64,0.173185,0.05,12.1111,0.0,1.125,,,,
1668,365,206.94,0.185866,0.05,11.8009,0.0044,1.055,,,,
1669,396,221.58,0.15897,0.05,12.0889,0.0,1.125,,,,
1670,421,226.18,0.153945,0.05,12.5652,0.0,1.15,,,,
1671,404,227.54,0.178836,0.05,12.1861,0.0,1.155,,,,
1672,396,216.52,0.176922,0.05,12.3303,0.0042,1.105,,,,
1673,427,244.42,0.174868,0.05,11.4516,0.0,1.24,,,,
1674,365,207.92,0.16305,0.05,11.8009,0.0,1.055,,,,
1675,404,226.52,0.155924,0.05,12.2391,0.0,1.15,,,,
1676,385,214.66,0.180907,0.05,11.9954,0.0,1.09,,,,
1677,412,226.36,0.186216,0.05,12.0435,0.0,1.15,,,,
1678,419,234.38,0.179061,0.05,12.1849,0.0,1.19,,,,
1679,368,209.94,0.163198,0.05,12.0794,0.0044,1.07,,,,
1680,356,205.04,0.142103,0.05,11.3702,0.0,1.04,,,,
1681,390,220.72,0.153776,0.05,12.1111,0.0042,1.125,,,,
1682,415,233.44,0.167785,0.05,11.9409,0.0,1.185,,,,
1683,399,221.52,0.181806,0.05,12.1111,0.0,1.125,,,,
1684,416,229.38,0.174513,0.05,11.9017,0.004,1.17,,,,
1685,400,221.5,0.169594,0.05,12.4889,0.0,1.125,,,,
1686,374,207.74,0.173786,0.05,11.8957,0.0,1.055,,,,
1687,364,209.98,0.173365,0.05,11.5023,0.0,1.065,,,,
1688,375,211.8,0.164413,0.05,11.1163,0.0,1.075,,,,
1689,402,224.56,0.170842,0.05,12.1616,0.0041,1.145,,,,
1690,374,212.84,0.168714,0.05,12.1065,0.0,1.08,,,,
1691,401,229.64,0.153327,0.05,11.4807,0.0,1.165,,,,
1692,397,218.5,0.152227,0.05,12.3874,0.0,1.11,,,,
1693,397,223.6,0.182634,0.05,11.674,0.0,1.135,,,,
1694,400,214.36,0.167802,0.05,12.4083,0.0,1.09,,,,
1695,390,212.52,0.174209,0.05,12.6157,0.0,1.08,,,,
1696,389,213.64,0.159393,0.05,12.5571,0.0085,1.095,,,,
1697,383,211.68,0.156749,0.05,12.2222,0.0043,1.08,,,,
1698,398,222.56,0.174847,0.05,12.2124,0.0,1.13,,,,
1699,391,223.72,0.180318,0.05,11.652,0.0,1.135,,,,
1700,395,223.64,0.163676,0.05,12.2907,0.0,1.135,,,,
1701,374,208.76,0.151662,0.05,12.2642,0.0,1.06,,,,
1702,394,222.72,0.159767,0.05,12.1053,0.0081,1.14,,,,
1703,387,218.74,0.170494,0.05,11.7713,0.0042,1.115,,,,
1704,407,220.34,0.170854,0.05,12.6562,0.0,1.12,,,,
1705,379,213.8,0.19527,0.05,11.8807,0.0043,1.09,,,,
1706,412,218.24,0.166851,0.05,12.5112,0.0042,1.115,,,,
1707,391,212.54,0.168354,0.05,12.2811,0.0043,1.085,,,,
1708,391,223.72,0.149964,0.05,11.9163,0.0,1.135,,,,
1709,422,235.34,0.157919,0.05,11.9665,0.0,1.195,,,,
1710,380,215.78,0.197592,0.05,11.5982,0.0,1.095,,,,
1711,387,215.64,0.154708,0.05,12.2831,0.0,1.095,,,,
1712,408,228.56,0.191135,0.05,12.2009,0.008,1.17,,,,
1713,408,219.38,0.159675,0.05,12.0222,0.0084,1.125,,,,
1714,358,207.04,0.157607,0.05,11.5952,0.0,1.05,,,,
1715,391,213.52,0.171863,0.05,11.9124,0.0,1.085,,,,
1716,413,232.46,0.178211,0.05,11.6525,0.0,1.18,,,,
1717,402,218.4,0.179893,0.05,12.545,0.0,1.11,,,,
1718,390,223.74,0.166856,0.05,11.8502,0.0,1.135,,,,
1719,378,213.82,0.156894,0.05,12.2706,0.0043,1.09,,,,
1720,389,214.66,0.167262,0.05,12.25,0.0084,1.1,,,,
1721,381,217.8,0.162532,0.05,12.0814,0.0,1.105,,,,
1722,426,233.22,0.170544,0.05,12.0253,0.0,1.185,,,,
1723,412,226.4,0.174492,0.05,12.5325,0.0041,1.155,,,,
1724,388,219.74,0.159217,0.05,12.1652,0.0042,1.12,,,,
1725,392,214.52,0.192062,0.05,12.3624,0.0,1.09,,,,
1726,391,217.68,0.153225,0.05,12.0404,0.0083,1.115,,,,
1727,411,229.44,0.166399,0.05,12.2318,0.0,1.165,,,,
1728,371,211.92,0.164753,0.05,12.1528,0.0043,1.08,,,,
1729,407,222.42,0.157855,0.05,11.8282,0.0041,1.135,,,,
1730,382,215.74,0.182512,0.05,12.1461,0.0,1.095,,,,
1731,388,215.62,0.203376,0.05,12.2374,0.0,1.095,,,,
1732,398,227.66,0.190278,0.05,11.9048,0.0,1.155,,,,
1733,389,225.8,0.16706,0.05,11.6376,0.0,1.145,,,,
1734,409,234.58,0.166616,0.05,11.4076,0.0,1.19,,,,
1735,403,218.38,0.171636,0.05,12.5676,0.0,1.11,,,,
1736,419,223.28,0.16895,0.05,12.6739,0.0121,1.15,,,,
1737,376,207.74,0.156281,0.05,11.934,0.0044,1.06,,,,
1738,397,224.66,0.153756,0.05,12.3581,0.0041,1.145,,,,
1739,395,224.66,0.154719,0.05,12.1491,0.0,1.14,,,,
1740,429,234.18,0.163993,0.05,12.2059,0.0,1.19,,,,
1741,385,217.76,0.174017,0.05,11.1036,0.0042,1.11,,,,
1742,398,219.5,0.159328,0.05,12.0404,0.0,1.115,,,,
1743,385,213.64,0.157737,0.05,11.8664,0.0,1.085,,,,
1744,426,229.22,0.147491,0.05,12.5532,0.0079,1.175,,,,
1745,393,219.6,0.170752,0.05,12.3318,0.0,1.115,,,,
1746,411,226.38,0.164637,0.05,12.1957,0.0,1.15,,,,
1747,411,227.4,0.168176,0.05,12.2078,0.0,1.155,,,,
1748,403,215.32,0.170666,0.05,12.6712,0.0,1.095,,,,
1749,422,237.38,0.16127,0.05,11.805,0.0,1.205,,,,
1750,385,215.68,0.175179,0.05,11.5297,0.0,1.095,,,,
1751,427,226.06,0.16517,0.05,13.0217,0.0,1.15,,,,
1752,396,215.46,0.170194,0.05,11.7123,0.0,1.095,,,,
1753,415,227.32,0.167545,0.05,12.2078,0.0,1.155,,,,
1754,389,218.66,0.195894,0.05,11.5315,0.0,1.11,,,,
1755,384,214.72,0.171149,0.05,11.6667,0.0042,1.095,,,,
1756,392,222.68,0.157849,0.05,12.0133,0.0,1.13,,,,
1757,378,221.94,0.166779,0.05,11.5556,0.0,1.125,,,,
1758,424,236.32,0.181381,0.05,12.375,0.0,1.2,,,,
1759,397,223.6,0.176709,0.05,12.4009,0.0,1.135,,,,
1760,386,219.74,0.170122,0.05,12.1525,0.0,1.115,,,,
1761,405,221.4,0.157172,0.05,12.5556,0.0,1.125,,,,
1762,394,216.52,0.16782,0.05,12.5909,0.0,1.1,,,,
1763,359,213.14,0.15887,0.05,11.2731,0.0,1.08,,,,
1764,414,233.46,0.166045,0.05,12.0675,0.0,1.185,,,,
1765,412,233.5,0.16439,0.05,12.0042,0.0,1.185,,,,
1766,401,224.54,0.177593,0.05,12.2368,0.0,1.14,,,,
1767,405,229.56,0.171617,0.05,12.2747,0.0,1.165,,,,
1768,422,230.24,0.18197,0.05,12.5214,0.0,1.17,,,,
1769,404,211.22,0.164333,0.05,12.2326,0.0,1.075,,,,
1770,378,213.82,0.186357,0.05,12.156,0.0043,1.09,,,,
1771,397,217.52,0.176901,0.05,12.6126,0.0042,1.11,,,,
1772,390,218.68,0.187602,0.05,11.1659,0.0042,1.115,,,,
1773,392,219.62,0.157664,0.05,11.9507,0.0,1.115,,,,
1774,361,204.94,0.179887,0.05,11.3462,0.0,1.04,,,,
1775,392,216.56,0.159194,0.05,12.3409,0.0,1.1,,,,
1776,404,213.3,0.167886,0.05,12.5917,0.0042,1.09,,,,
1777,395,209.36,0.159003,0.05,12.6761,0.0,1.065,,,,
1778,411,226.38,0.162597,0.05,12.2391,0.0,1.15,,,,
1779,403,222.46,0.140308,0.05,12.3673,0.0,1.13,,,,
1780,401,232.7,0.163472,0.05,11.928,0.0,1.18,,,,
1781,380,214.76,0.153442,0.05,12.3165,0.0,1.09,,,,
1782,394,223.7,0.18083,0.05,12.0614,0.0041,1.14,,,,
1783,411,232.5,0.200528,0.05,11.822,0.0,1.18,,,,
1784,401,234.74,0.184566,0.05,11.2815,0.0,1.19,,,,
1785,427,231.16,0.15714,0.05,12.5532,0.0,1.175,,,,
1786,383,214.74,0.157873,0.05,12.3744,0.0043,1.095,,,,
1787,407,217.36,0.150335,0.05,12.3991,0.0083,1.115,,,,
1788,408,222.36,0.181535,0.05,12.6327,0.0,1.13,,,,
1789,405,227.52,0.166558,0.05,12.1429,0.0,1.155,,,,
1790,384,209.58,0.178585,0.05,12.277,0.0,1.065,,,,
1791,412,229.42,0.159044,0.05,11.8884,0.0,1.165,,,,
1792,390,224.76,0.174534,0.05,11.4912,0.0,1.14,,,,
1793,384,215.74,0.193922,0.05,11.5455,0.0042,1.1,,,,
1794,423,237.36,0.175757,0.05,12.2614,0.0,1.205,,,,
1795,386,216.72,0.149161,0.05,12.0362,0.0043,1.105,,,,
1796,391,221.68,0.171197,0.05,11.9778,0.0,1.125,,,,
1797,385,219.76,0.181753,0.05,11.435,0.0,1.115,,,,
1798,388,216.68,0.170104,0.05,11.267,0.0042,1.105,,,,
1799,381,210.66,0.17765,0.05,12.3131,0.0,1.07,,,,
1800,389,217.64,0.137044,0.05,12.2172,0.0,1.105,225.698,11.5674,0.0,1.1433
1801,416,228.32,0.159838,0.05,12.1552,0.0,1.16,,,,
1802,385,217.72,0.16534,0.05,10.9502,0.0,1.105,,,,
1803,411,227.4,0.169691,0.05,11.5152,0.0,1.155,,,,
1804,395,218.54,0.16128,0.05,12.3649,0.0,1.11,,,,
1805,410,216.2,0.166636,0.05,12.8864,0.0,1.1,,,,
1806,391,216.58,0.173225,0.05,12.4545,0.0,1.1,,,,
1807,411,220.3,0.172905,0.05,12.3333,0.0041,1.125,,,,
1808,384,215.7,0.179502,0.05,12.2603,0.0,1.095,,,,
1809,401,228.62,0.152788,0.05,11.4655,0.0,1.16,,,,
1810,399,225.6,0.163366,0.05,12.2271,0.0,1.145,,,,
1811,403,228.58,0.165016,0.05,12.069,0.0,1.16,,,,
1812,396,219.54,0.164557,0.05,11.9507,0.0,1.115,,,,
1813,411,222.3,0.147923,0.05,12.2345,0.0,1.13,,,,
1814,406,224.44,0.176515,0.05,11.9079,0.0,1.14,,,,
1815,395,211.4,0.170991,0.05,12.3953,0.0,1.075,,,,
1816,385,216.74,0.170942,0.05,11.7873,0.0043,1.105,,,,
1817,377,209.8,0.172719,0.05,12.0,0.0085,1.075,,,,
1818,440,230.9,0.153681,0.05,12.8298,0.0,1.175,,,,
1819,402,226.56,0.192283,0.05,12.3043,0.0,1.15,,,,
1820,401,223.56,0.194206,0.05,12.193,0.0041,1.14,,,,
1821,383,212.7,0.191212,0.05,12.1659,0.0043,1.085,,,,
1822,371,208.82,0.149208,0.05,12.0755,0.0,1.06,,,,
1823,374,215.9,0.185155,0.05,12.0548,0.0,1.095,,,,
1824,403,223.48,0.171527,0.05,12.4229,0.0,1.135,,,,
1825,401,233.72,0.174711,0.05,11.8354,0.0,1.185,,,,
1826,387,223.8,0.195763,0.05,11.8943,0.0,1.135,,,,
1827,417,232.38,0.171343,0.05,11.9703,0.0,1.18,,,,
1828,410,224.36,0.171729,0.05,12.1053,0.0,1.14,,,,
1829,397,227.68,0.172941,0.05,11.9481,0.0,1.155,,,,
1830,401,221.48,0.168647,0.05,11.9778,0.0,1.125,,,,
1831,413,223.32,0.156868,0.05,12.5,0.0041,1.14,,,,
1832,387,215.64,0.192101,0.05,11.9863,0.0,1.095,,,,
1833,406,220.36,0.175248,0.05,12.2768,0.0,1.12,,,,
1834,426,224.08,0.169504,0.05,12.2271,0.004,1.145,,,,
1835,377,211.76,0.175023,0.05,11.6744,0.0,1.075,,,,
1836,412,227.38,0.156761,0.05,12.4675,0.0,1.155,,,,
1837,377,216.86,0.1457,0.05,11.8182,0.0,1.1,,,,
1838,410,218.28,0.170824,0.05,12.8475,0.0041,1.115,,,,
1839,392,211.5,0.172318,0.05,12.6389,0.0043,1.08,,,,
1840,401,222.5,0.162394,0.05,12.2345,0.0,1.13,,,,
1841,383,208.58,0.181508,0.05,12.217,0.0,1.06,,,,
1842,400,226.64,0.15712,0.05,11.6017,0.004,1.155,,,,
1843,392,219.66,0.191387,0.05,11.7634,0.0041,1.12,,,,
1844,400,228.64,0.169785,0.05,12.0043,0.0,1.16,,,,
1845,397,219.56,0.17795,0.05,12.4107,0.0042,1.12,,,,
1846,390,219.66,0.145471,0.05,12.4664,0.0,1.115,,,,
1847,408,220.36,0.154776,0.05,12.4,0.0041,1.125,,,,
1848,370,204.76,0.164462,0.05,12.3798,0.0,1.04,,,,
1849,400,220.48,0.18175,0.05,12.3884,0.0,1.12,,,,
1850,390,214.6,0.1695,0.05,12.3973,0.0043,1.095,,,,
1851,405,224.54,0.157115,0.05,12.4565,0.0081,1.15,,,,
1852,429,225.04,0.154769,0.05,13.0652,0.004,1.15,,,,
1853,388,220.76,0.16859,0.05,12.1111,0.0042,1.125,,,,
1854,385,213.64,0.162493,0.05,12.0276,0.0,1.085,,,,
1855,387,215.72,0.154368,0.05,12.2398,0.0084,1.105,,,,
1856,368,208.88,0.160354,0.05,12.2406,0.0,1.06,,,,
1857,415,231.4,0.144703,0.05,12.2766,0.0,1.175,,,,
1858,412,230.44,0.155839,0.05,11.7521,0.0,1.17,,,,
1859,407,215.28,0.163854,0.05,12.8409,0.0042,1.1,,,,
1860,408,231.54,0.171865,0.05,12.2128,0.0,1.175,,,,
1861,355,204.08,0.160163,0.05,11.7788,0.0044,1.04,,,,
1862,414,225.42,0.151056,0.05,12.5216,0.0119,1.16,,,,
1863,408,225.42,0.196159,0.05,12.4454,0.0,1.145,,,,
1864,413,217.2,0.172475,0.05,12.5,0.0042,1.11,,,,
1865,363,210.0,0.153749,0.05,11.6667,0.0,1.065,,,,
1866,400,223.54,0.175988,0.05,12.1806,0.0,1.135,,,,
1867,415,228.38,0.193896,0.05,12.2318,0.004,1.165,,,,
1868,404,210.24,0.142088,0.05,12.8605,0.0043,1.075,,,,
1869,398,232.76,0.155843,0.05,11.8856,0.0,1.18,,,,
1870,406,223.5,0.183154,0.05,12.2489,0.0081,1.145,,,,
1871,401,222.5,0.152289,0.05,12.3673,0.0,1.13,,,,
1872,399,226.62,0.144692,0.05,12.2391,0.0,1.15,,,,
1873,378,212.76,0.169632,0.05,11.9444,0.0,1.08,,,,
1874,374,212.88,0.168259,0.05,11.7281,0.0043,1.085,,,,
1875,417,230.34,0.133988,0.05,12.2222,0.0,1.17,,,,
1876,401,223.52,0.142193,0.05,12.4229,0.0,1.135,,,,
1877,415,218.22,0.16044,0.05,12.567,0.0082,1.12,,,,
1878,388,211.58,0.175469,0.05,12.5231,0.0043,1.08,,,,
1879,405,230.58,0.163344,0.05,12.0513,0.0,1.17,,,,
1880,417,234.42,0.156302,0.05,12.1639,0.0,1.19,,,,
1881,421,227.2,0.168974,0.05,12.381,0.0,1.155,,,,
1882,407,225.52,0.177382,0.05,11.9913,0.0081,1.155,,,,
1883,405,223.44,0.173204,0.05,12.2026,0.0,1.135,,,,
1884,406,231.58,0.162762,0.05,11.766,0.0,1.175,,,,
1885,371,215.96,0.181499,0.05,11.8265,0.0,1.095,,,,
1886,400,225.58,0.173245,0.05,12.2052,0.0,1.145,,,,
1887,373,221.02,0.169532,0.05,11.1384,0.0,1.12,,,,
1888,359,201.96,0.180044,0.05,12.2816,0.0045,1.03,,,,
1889,400,222.52,0.160225,0.05,12.4558,0.0,1.13,,,,
1890,411,222.34,0.150693,0.05,12.3568,0.0041,1.135,,,,
1891,373,213.88,0.157482,0.05,11.659,0.0,1.085,,,,
1892,379,212.78,0.162513,0.05,11.5899,0.0043,1.085,,,,
1893,393,228.78,0.172469,0.05,11.9828,0.0,1.16,,,,
1894,395,221.6,0.171198,0.05,12.2,0.0,1.125,,,,
1895,427,239.32,0.148501,0.05,12.0782,0.0,1.215,,,,
1896,399,224.58,0.172018,0.05,11.7982,0.0,1.14,,,,
1897,400,222.56,0.158564,0.05,12.2907,0.0041,1.135,,,,
1898,390,225.78,0.185553,0.05,11.7249,0.0,1.145,,,,
1899,400,220.52,0.149688,0.05,12.2444,0.0041,1.125,,,,
1900,407,222.42,0.150212,0.05,12.467,0.0041,1.135,,,,
1901,400,226.6,0.212355,0.05,12.0435,0.0,1.15,,,,
1902,401,225.56,0.17055,0.05,12.0742,0.0,1.145,,,,
1903,434,232.08,0.177872,0.05,12.7426,0.004,1.185,,,,
1904,403,220.42,0.156373,0.05,12.3438,0.0,1.12,,,,
1905,417,230.34,0.16526,0.05,12.4786,0.0,1.17,,,,
1906,386,211.58,0.195049,0.05,12.4884,0.0,1.075,,,,
1907,395,216.54,0.15501,0.05,12.3303,0.0043,1.105,,,,
1908,394,225.7,0.158821,0.05,12.0306,0.0,1.145,,,,
1909,388,221.78,0.159335,0.05,11.7035,0.0041,1.13,,,,
1910,392,219.7,0.176579,0.05,12.3333,0.0082,1.125,,,,
1911,422,227.18,0.182597,0.05,12.619,0.0,1.155,,,,
1912,408,232.56,0.178431,0.05,12.1822,0.0,1.18,,,,
1913,417,225.24,0.184224,0.05,12.4017,0.0,1.145,,,,
1914,378,211.74,0.14598,0.05,11.6744,0.0,1.075,,,,
1915,385,209.56,0.186741,0.05,12.4648,0.0,1.065,,,,
1916,401,219.48,0.188105,0.05,12.3214,0.0041,1.12,,,,
1917,391,214.58,0.171212,0.05,12.1689,0.0043,1.095,,,,
1918,408,222.36,0.164698,0.05,12.4779,0.0,1.13,,,,
1919,379,216.86,0.158254,0.05,11.7421,0.0042,1.105,,,,
1920,390,215.58,0.165468,0.05,12.1689,0.0,1.095,,,,
1921,399,219.48,0.178828,0.05,12.6457,0.0,1.115,,,,
1922,399,227.64,0.174767,0.05,11.9048,0.0,1.155,,,,
1923,382,217.78,0.171047,0.05,12.1041,0.0,1.105,,,,
1924,399,219.48,0.157725,0.05,12.0628,0.0,1.115,,,,
1925,432,231.06,0.159471,0.05,12.7872,0.0,1.175,,,,
1926,381,214.74,0.141092,0.05,12.1101,0.0,1.09,,,,
1927,397,216.46,0.185649,0.05,11.9091,0.0,1.1,,,,
1928,415,228.46,0.172889,0.05,12.2128,0.0118,1.175,,,,
1929,416,221.18,0.172955,0.05,12.4,0.0,1.125,,,,
1930,422,227.22,0.187136,0.05,12.3707,0.004,1.16,,,,
1931,386,216.68,0.178516,0.05,11.7045,0.0,1.1,,,,
1932,401,225.64,0.148836,0.05,12.2294,0.008,1.155,,,,
1933,434,233.06,0.169766,0.05,12.5527,0.0,1.185,,,,
1934,388,215.66,0.143788,0.05,12.0682,0.0043,1.1,,,,
1935,404,225.5,0.153884,0.05,12.4672,0.0,1.145,,,,
1936,415,227.32,0.173082,0.05,12.4892,0.0,1.155,,,,
1937,388,214.6,0.165112,0.05,12.2018,0.0,1.09,,,,
1938,409,222.34,0.163549,0.05,12.6327,0.0,1.13,,,,
1939,390,213.54,0.157188,0.05,12.3272,0.0,1.085,,,,
1940,372,204.72,0.168091,0.05,11.7067,0.0,1.04,,,,
1941,385,210.58,0.16617,0.05,12.1963,0.0,1.07,,,,
1942,389,221.72,0.150173,0.05,11.9556,0.0,1.125,,,,
1943,365,214.04,0.14585,0.05,11.4977,0.0,1.085,,,,
1944,427,220.96,0.178868,0.05,12.6222,0.0,1.125,,,,
1945,381,214.74,0.180709,0.05,11.7661,0.0,1.09,,,,
1946,380,213.74,0.163796,0.05,12.212,0.0,1.085,,,,
1947,432,235.14,0.164312,0.05,12.7197,0.0,1.195,,,,
1948,386,215.74,0.172613,0.05,12.2624,0.0083,1.105,,,,
1949,407,222.38,0.183186,0.05,12.5,0.0,1.13,,,,
1950,381,217.8,0.170544,0.05,12.0136,0.0,1.105,,,,
1951,389,217.68,0.160377,0.05,12.2297,0.0042,1.11,,,,
1952,397,223.6,0.138481,0.05,12.1806,0.0,1.135,,,,
1953,387,220.74,0.173961,0.05,12.2098,0.0,1.12,,,,
1954,392,214.56,0.152122,0.05,12.4658,0.0043,1.095,,,,
1955,413,225.32,0.190856,0.05,12.6638,0.0,1.145,,,,
1956,366,217.08,0.175448,0.05,11.9545,0.0,1.1,,,,
1957,424,229.18,0.17085,0.05,12.4464,0.0,1.165,,,,
1958,407,220.38,0.180606,0.05,12.3111,0.0041,1.125,,,,
1959,406,225.5,0.15916,0.05,12.4348,0.004,1.15,,,,
1960,376,215.94,0.183448,0.05,11.5158,0.0083,1.105,,,,
1961,424,227.3,0.172677,0.05,12.5745,0.0157,1.175,,,,
1962,382,214.72,0.153603,0.05,12.3165,0.0,1.09,,,,
1963,385,214.7,0.181984,0.05,12.2374,0.0043,1.095,,,,
1964,404,227.54,0.172829,0.05,12.0346,0.0,1.155,,,,
1965,367,205.84,0.15408,0.05,12.4163,0.0,1.045,,,,
1966,423,231.24,0.206184,0.05,12.0638,0.0,1.175,,,,
1967,425,228.14,0.161323,0.05,12.7371,0.0,1.16,,,,
1968,421,227.2,0.161963,0.05,12.1645,0.0,1.155,,,,
1969,376,213.86,0.161057,0.05,11.6972,0.0042,1.09,,,,
1970,397,223.6,0.157678,0.05,12.1145,0.0,1.135,,,,
1971,387,207.48,0.17309,0.05,12.8199,0.0,1.055,,,,
1972,392,222.68,0.131114,0.05,12.2124,0.0,1.13,,,,
1973,399,225.6,0.164241,0.05,12.2052,0.0,1.145,,,,
1974,421,235.4,0.166968,0.05,12.2083,0.0039,1.2,,,,
1975,413,223.28,0.18411,0.05,12.1806,0.0,1.135,,,,
1976,393,216.54,0.177209,0.05,11.9773,0.0,1.1,,,,
1977,384,226.92,0.170243,0.05,11.6087,0.0,1.15,,,,
1978,418,232.36,0.158998,0.05,12.3305,0.0,1.18,,,,
1979,375,214.86,0.1599,0.05,12.0183,0.0,1.09,,,,
1980,412,222.32,0.167651,0.05,12.2247,0.0041,1.135,,,,
1981,402,226.56,0.173497,0.05,11.9348,0.0,1.15,,,,
1982,402,219.42,0.180677,0.05,12.6233,0.0,1.115,,,,
1983,400,224.56,0.165991,0.05,12.1491,0.0,1.14,,,,
1984,391,217.6,0.179135,0.05,12.3303,0.0,1.105,,,,
1985,408,229.5,0.162601,0.05,12.2318,0.0,1.165,,,,
1986,384,218.76,0.150426,0.05,11.8468,0.0,1.11,,,,
1987,388,214.6,0.171862,0.05,12.2706,0.0,1.09,,,,
1988,405,219.36,0.181566,0.05,12.5785,0.0,1.115,,,,
1989,381,218.82,0.175125,0.05,11.7793,0.0,1.11,,,,
1990,381,219.84,0.164708,0.05,11.9507,0.0,1.115,,,,
1991,401,214.42,0.18266,0.05,12.7955,0.0084,1.1,,,,
1992,387,214.62,0.173036,0.05,12.5917,0.0,1.09,,,,
1993,390,220.68,0.180182,0.05,12.0089,0.0,1.12,,,,
1994,385,220.82,0.180714,0.05,12.2444,0.0042,1.125,,,,
1995,384,215.7,0.173423,0.05,12.3744,0.0,1.095,,,,
1996,420,237.42,0.15995,0.05,12.2199,0.0,1.205,,,,
1997,414,222.24,0.178322,0.05,12.7434,0.0,1.13,,,,
1998,373,207.76,0.169437,0.05,12.3697,0.0,1.055,,,,
1999,395,221.6,0.16796,0.05,12.4444,0.0,1.125,,,,
2000,399,219.48,0.155483,0.05,12.3991,0.0,1.115,224.935,11.879,0.0,1.1408
